Customer ID,Recency,Frequency,Monetary_Total,Monetary_Avg,Monetary_Std,Transaction_Count,R_Score,F_Score,M_Score,RFM_Segment,Rule_Segment,FirstPurchaseDate,LastPurchaseDate,CustomerLifespan_Days,UniqueProdCategories,Country,MaxTransactionAmount,AvgDaysBetweenPurchases
12346,325,12,77556.46,2281.0723529411766,13234.943417912516,34,2,5,5,255,At_Risk_HighValue,2009-12-14 08:34:00,2011-01-18 10:01:00,400,27,United Kingdom,77183.6,33.333333333333336
12347,1,8,5633.32,22.26608695652174,20.609092694507954,253,5,4,5,545,Champions,2010-10-31 14:20:00,2011-12-07 15:52:00,402,126,Iceland,249.6,50.25
12348,74,5,2019.3999999999999,39.59607843137255,44.20554915747258,51,3,4,4,344,Standard,2010-09-27 14:59:00,2011-09-25 13:13:00,362,25,Finland,240.0,72.4
12349,18,4,4428.6900000000005,25.306800000000003,33.76140302962446,175,5,3,5,535,Loyal,2010-04-29 13:20:00,2011-11-21 09:51:00,570,138,Italy,300.0,142.5
12350,309,1,334.40000000000003,19.67058823529412,7.275538185065965,17,2,1,2,212,Dormant,2011-02-02 16:01:00,2011-02-02 16:01:00,0,17,Norway,40.0,0.0
12351,374,1,300.93,14.33,4.014716677425693,21,2,1,2,212,Dormant,2010-11-29 15:23:00,2010-11-29 15:23:00,0,21,Unspecified,23.4,0.0
12352,35,10,2849.84,27.668349514563108,47.1512621230674,103,4,5,4,454,Champions,2010-11-12 10:20:00,2011-11-03 14:37:00,356,70,Norway,376.5,35.6
12353,203,2,406.76,16.948333333333334,8.799588758506875,24,2,2,2,222,Dormant,2010-10-27 12:44:00,2011-05-19 17:47:00,204,23,Bahrain,39.8,102.0
12354,231,1,1079.4,18.610344827586207,8.679742086377074,58,2,1,3,213,Dormant,2011-04-21 13:11:00,2011-04-21 13:11:00,0,58,Spain,54.08,0.0
12355,213,2,947.61,27.074571428571428,22.11047493874355,35,2,2,3,223,Dormant,2010-05-21 11:59:00,2011-05-09 13:49:00,353,35,Bahrain,120.0,176.5
12356,22,6,6373.68,44.57118881118881,59.89198990024108,143,4,4,5,445,Champions,2010-10-11 09:42:00,2011-11-17 08:40:00,401,104,Portugal,424.5,66.83333333333333
12357,32,3,18287.66,61.78263513513514,79.29144301502787,296,4,3,5,435,Loyal,2010-11-16 10:05:00,2011-11-06 16:07:00,355,261,Switzerland,850.0,118.33333333333333
12358,1,5,3887.07,50.48142857142857,67.27612726107324,77,5,4,5,545,Champions,2009-12-08 07:59:00,2011-12-08 10:26:00,730,56,Austria,297.0,146.0
12359,57,10,8935.94,24.482027397260275,27.328705629298913,365,4,5,5,455,Champions,2009-12-05 13:32:00,2011-10-13 12:47:00,676,305,Cyprus,290.0,67.6
12360,51,8,4252.89,19.59857142857143,20.009866392415713,217,4,4,5,445,Champions,2010-02-22 09:32:00,2011-10-18 15:22:00,603,160,Austria,160.0,75.375
12361,286,4,511.25,17.629310344827587,3.8385617945066755,29,2,3,2,232,Standard,2010-01-26 14:37:00,2011-02-25 13:51:00,394,18,Belgium,33.0,98.5
12362,2,11,5356.2300000000005,20.060786516853934,11.775568076080406,267,5,5,5,555,Champions,2009-12-01 10:10:00,2011-12-06 15:40:00,735,201,Belgium,130.0,66.81818181818181
12363,109,2,552.0,24.0,15.751238912311859,23,3,2,2,322,Standard,2011-04-11 13:29:00,2011-08-22 10:18:00,132,23,Unspecified,69.36,66.0
12364,7,4,1313.1,15.448235294117646,8.910810071730502,85,5,3,4,534,Loyal,2011-08-19 15:24:00,2011-12-02 10:22:00,104,70,Belgium,64.8,26.0
12365,290,2,641.38,29.153636363636362,65.1966351414414,22,2,2,3,223,Dormant,2011-02-21 13:51:00,2011-02-21 14:04:00,0,22,Cyprus,320.69,0.0
12366,633,1,500.24,166.74666666666667,7.80577563944373,3,1,1,2,112,Dormant,2010-03-16 10:28:00,2010-03-16 10:28:00,0,3,Cyprus,175.76,0.0
12367,3,1,168.9,15.354545454545455,5.648958069655612,11,5,1,1,511,Standard,2011-12-05 16:48:00,2011-12-05 16:48:00,0,11,Denmark,23.4,0.0
12368,627,1,917.7,50.983333333333334,29.271814389392723,18,1,1,3,113,Dormant,2010-03-21 15:56:00,2010-03-21 15:56:00,0,18,Cyprus,119.4,0.0
12369,412,3,1791.15,19.25967741935484,24.548899224928196,93,1,3,4,134,Standard,2010-03-08 08:09:00,2010-10-22 13:13:00,228,90,Austria,200.0,76.0
12370,50,7,4320.31,21.387673267326736,21.729672333781526,202,4,4,5,445,Champions,2010-02-09 09:41:00,2011-10-19 14:51:00,617,168,Cyprus,163.2,88.14285714285714
12371,44,5,4067.38,24.35556886227545,33.320323813581346,167,4,4,5,445,Champions,2010-03-04 18:23:00,2011-10-26 10:16:00,600,134,Switzerland,360.0,120.0
12372,71,3,1298.04,24.962307692307693,16.38258168926466,52,3,3,4,334,Standard,2011-02-16 12:46:00,2011-09-29 12:12:00,224,34,Denmark,70.80000000000001,74.66666666666667
12373,310,3,1127.65,22.110784313725492,15.199579973556805,51,2,3,3,233,Standard,2010-02-04 12:08:00,2011-02-01 13:10:00,362,36,Austria,80.0,120.66666666666667
12374,24,4,2989.2200000000003,36.01469879518073,28.829568000001416,83,4,3,5,435,Loyal,2010-04-30 14:01:00,2011-11-14 15:37:00,563,79,Austria,200.0,140.75
12375,10,2,457.5,26.91176470588235,14.672205115154863,17,5,2,2,522,Standard,2011-09-02 14:23:00,2011-11-29 10:36:00,87,14,Finland,62.400000000000006,43.5
12376,389,2,503.15,38.70384615384615,30.96811842806015,13,2,2,2,222,Dormant,2010-10-18 08:42:00,2010-11-15 12:15:00,28,11,Switzerland,100.8,14.0
12377,314,4,3426.32,22.54157894736842,15.27969332002416,152,2,3,5,235,At_Risk_HighValue,2010-04-29 15:34:00,2011-01-28 15:45:00,274,129,Switzerland,80.0,68.5
12378,129,2,5416.32,17.994418604651162,8.561977696625902,301,3,2,5,325,Standard,2010-05-26 14:07:00,2011-08-02 10:34:00,432,281,Switzerland,69.36,216.0
12379,81,4,1620.22,20.002716049382716,10.28763420475593,81,3,3,4,334,Standard,2010-06-23 12:49:00,2011-09-19 10:09:00,452,58,Belgium,76.19999999999999,113.0
12380,21,11,9676.300000000001,34.93249097472925,93.69673130466374,277,4,5,5,455,Champions,2010-02-15 12:05:00,2011-11-18 11:27:00,640,156,Belgium,1508.65,58.18181818181818
12381,4,5,1845.31,21.21045977011494,25.892950235134975,87,5,4,4,544,Champions,2011-08-12 09:57:00,2011-12-05 12:44:00,115,70,Norway,240.0,23.0
12383,184,5,1850.56,18.69252525252525,12.680055152091024,99,3,4,4,344,Standard,2010-12-22 14:28:00,2011-06-08 08:02:00,167,84,Belgium,72.0,33.4
12384,28,2,585.27,21.676666666666666,17.295302608156128,27,4,2,2,422,Standard,2011-08-10 11:23:00,2011-11-11 08:39:00,92,26,Switzerland,80.0,46.0
12385,378,1,1938.4,29.821538461538463,34.521105375496795,65,2,1,4,214,Dormant,2010-11-25 15:14:00,2010-11-25 15:14:00,0,65,Belgium,270.0,0.0
12386,337,2,660.8000000000001,36.711111111111116,20.538969814617083,18,2,2,3,223,Dormant,2010-12-08 09:53:00,2011-01-06 12:37:00,29,10,Australia,75.0,14.5
12387,414,1,143.94,15.993333333333332,7.73424850906667,9,1,1,1,111,Dormant,2010-10-20 16:27:00,2010-10-20 16:27:00,0,9,Australia,33.9,0.0
12388,15,8,3901.11,26.719931506849317,16.813294759949088,146,5,4,5,545,Champions,2010-05-06 12:54:00,2011-11-24 12:30:00,566,83,Australia,81.36,70.75
12389,402,3,1433.33,29.251632653061222,31.130745142258405,49,2,3,4,234,Standard,2010-02-22 10:15:00,2010-11-02 11:52:00,253,41,Australia,204.0,84.33333333333333
12390,79,1,549.84,17.1825,7.172142344268664,32,3,1,2,312,Standard,2011-09-21 09:33:00,2011-09-21 09:33:00,0,32,Belgium,45.0,0.0
12391,21,6,2773.42,9.86982206405694,14.257287295963929,281,4,4,4,444,Champions,2010-02-15 10:12:00,2011-11-18 12:07:00,641,241,Cyprus,151.20000000000002,106.83333333333333
12392,590,1,234.75000000000003,33.53571428571429,25.706560678254146,7,1,1,1,111,Dormant,2010-04-27 14:04:00,2010-04-27 14:04:00,0,7,Australia,70.80000000000001,0.0
12393,71,6,2399.45,22.424766355140186,15.449982252282314,107,3,4,4,344,Standard,2010-10-07 13:49:00,2011-09-28 15:41:00,356,63,Australia,141.60000000000002,59.333333333333336
12394,63,2,1272.48,47.12888888888889,64.92458923381407,27,3,2,4,324,Standard,2011-05-06 14:01:00,2011-10-07 08:08:00,153,26,Belgium,266.24,76.5
12395,18,15,5067.27,19.94988188976378,12.639673329767193,254,5,5,5,555,Champions,2010-04-16 10:16:00,2011-11-20 15:21:00,583,145,Belgium,90.0,38.86666666666667
12396,673,1,931.4300000000001,14.329692307692309,3.5209391366290546,65,1,1,3,113,Dormant,2010-02-03 13:22:00,2010-02-03 13:22:00,0,65,RSA,19.9,0.0
12397,35,2,2409.9,19.126190476190477,15.703009487720134,126,4,2,4,424,Standard,2011-07-27 14:21:00,2011-11-04 09:52:00,99,110,Belgium,127.5,49.5
12398,45,1,1635.6599999999999,19.24305882352941,22.43008874276701,85,4,1,4,414,Standard,2011-10-25 10:27:00,2011-10-25 10:27:00,0,85,Switzerland,200.0,0.0
12399,118,7,1962.3,17.83909090909091,9.392297795617853,110,3,4,4,344,Standard,2010-03-05 08:45:00,2011-08-12 13:15:00,525,67,Belgium,70.2,75.0
12400,413,1,205.25,18.65909090909091,5.161628530891107,11,1,1,1,111,Dormant,2010-10-21 13:45:00,2010-10-21 13:45:00,0,11,Australia,29.700000000000003,0.0
12401,302,1,84.3,16.86,5.419340365764086,5,2,1,1,211,Dormant,2011-02-09 13:50:00,2011-02-09 13:50:00,0,5,Belgium,25.5,0.0
12402,322,6,1256.9,17.955714285714286,5.5016436467418535,70,2,4,4,244,Standard,2010-02-07 12:41:00,2011-01-20 13:49:00,347,43,Belgium,35.400000000000006,57.833333333333336
12403,49,2,1019.36,113.26222222222222,88.75684055014827,9,4,2,3,423,Standard,2010-07-06 11:39:00,2011-10-21 10:51:00,471,5,Denmark,244.08,235.5
12404,681,1,63.24,63.24,0.0,1,1,1,1,111,Dormant,2010-01-26 16:25:00,2010-01-26 16:25:00,0,1,Finland,63.24,0.0
12405,148,1,1710.39,31.67388888888889,42.769103308331616,54,3,1,4,314,Standard,2011-07-14 08:52:00,2011-07-14 08:52:00,0,54,Finland,320.0,0.0
12406,21,5,6390.36,38.49614457831325,33.516541599681986,166,4,4,5,445,Champions,2010-01-11 14:04:00,2011-11-17 19:22:00,675,114,Denmark,290.0,135.0
12407,49,5,1708.12,22.18337662337662,16.695276404955607,77,4,4,4,444,Champions,2011-03-20 13:21:00,2011-10-21 10:11:00,214,57,Belgium,90.0,42.8
12408,32,8,4340.77,27.30044025157233,25.34464346438114,159,4,4,5,445,Champions,2010-07-29 13:27:00,2011-11-07 12:27:00,465,104,Belgium,139.8,58.125
12409,78,7,23419.29,88.70943181818183,53.63124365399015,264,3,4,5,345,Standard,2010-05-23 15:21:00,2011-09-22 10:38:00,486,177,Switzerland,300.0,69.42857142857143
12410,308,3,1013.71,25.342750000000002,24.88181613738981,40,2,3,3,233,Standard,2010-07-25 13:26:00,2011-02-04 10:39:00,193,36,Switzerland,160.0,64.33333333333333
12411,409,1,346.9,15.768181818181818,10.704444398011972,22,2,1,2,212,Dormant,2010-10-26 09:25:00,2010-10-26 09:25:00,0,22,Australia,59.7,0.0
12412,74,6,2596.93,20.448267716535433,14.38937648772652,127,3,4,4,344,Standard,2010-06-18 13:22:00,2011-09-26 10:16:00,464,82,Denmark,88.5,77.33333333333333
12413,66,4,999.45,19.597058823529412,10.631906751682438,51,3,3,3,333,Standard,2010-11-02 13:26:00,2011-10-04 09:00:00,335,41,France,56.0,83.75
12414,216,6,952.4100000000001,34.01464285714286,32.04963378564022,28,2,4,3,243,Standard,2010-09-02 12:22:00,2011-05-06 14:51:00,246,21,Austria,130.0,41.0
12415,23,28,144458.37,156.00255939524837,172.17613709798167,926,4,5,5,455,Champions,2010-06-30 08:30:00,2011-11-15 14:22:00,503,498,Australia,1718.4,17.964285714285715
12416,656,1,202.56,18.414545454545454,6.88728155898445,11,1,1,1,111,Dormant,2010-02-21 10:19:00,2010-02-21 10:19:00,0,11,Australia,25.200000000000003,0.0
12417,2,20,6816.91,18.42408108108108,9.867948518354142,370,5,5,5,555,Champions,2009-12-06 10:30:00,2011-12-06 14:52:00,730,270,Belgium,84.0,36.5
12418,112,4,2021.2,19.815686274509805,17.97466674444534,102,3,3,4,334,Standard,2010-03-19 14:47:00,2011-08-19 11:08:00,517,90,Switzerland,99.0,129.25
12419,385,2,503.01,20.1204,17.157376567140638,25,2,2,2,222,Dormant,2010-10-22 10:40:00,2010-11-19 10:04:00,27,23,Spain,84.0,13.5
12420,63,1,600.39,20.70310344827586,9.201862041164851,29,3,1,2,312,Standard,2011-10-07 08:55:00,2011-10-07 08:55:00,0,29,Cyprus,39.8,0.0
12421,15,6,1098.6,16.90153846153846,10.261060531015001,65,5,4,3,543,Loyal,2010-07-22 13:57:00,2011-11-24 09:07:00,489,44,Spain,56.0,81.5
12422,95,17,5231.8,30.417441860465118,61.04455699279744,172,3,5,5,355,Standard,2009-12-18 12:44:00,2011-09-05 09:48:00,625,137,Switzerland,662.25,36.76470588235294
12423,0,10,2622.39,15.893272727272727,8.625448250185594,165,5,5,4,554,Champions,2010-08-31 09:31:00,2011-12-09 10:10:00,465,128,Belgium,60.0,46.5
12424,162,4,3340.0299999999997,36.30467391304347,40.860327018617006,92,3,3,5,335,Standard,2010-06-09 15:15:00,2011-06-30 12:06:00,385,78,Australia,306.0,96.25
12425,77,2,1741.41,19.136373626373626,11.410034717688298,91,3,2,4,324,Standard,2010-09-17 14:10:00,2011-09-22 17:31:00,370,87,Portugal,70.80000000000001,185.0
12426,194,2,1345.21,17.470259740259742,10.276329594346771,77,2,2,4,224,Dormant,2010-02-15 08:41:00,2011-05-29 12:26:00,468,73,Germany,72.0,234.0
12427,21,3,1129.3,27.54390243902439,18.362154541072897,41,4,3,3,433,Loyal,2010-12-03 10:44:00,2011-11-18 08:56:00,349,26,Germany,68.0,116.33333333333333
12428,25,9,7956.46,27.062789115646257,43.42766763742172,294,4,5,5,455,Champions,2011-03-01 09:33:00,2011-11-14 08:22:00,257,258,Finland,551.2,28.555555555555557
12429,8,8,7485.91,43.27115606936416,39.93362898907546,173,5,4,5,545,Champions,2010-06-11 13:28:00,2011-11-30 17:22:00,537,124,Denmark,252.0,67.125
12430,42,1,256.4,23.30909090909091,14.033241574593843,11,4,1,1,411,Standard,2011-10-27 15:09:00,2011-10-27 15:09:00,0,11,Norway,47.8,0.0
12431,35,27,10857.970000000001,26.809802469135807,42.21353316928296,405,4,5,5,455,Champions,2010-01-15 09:04:00,2011-11-04 11:55:00,658,244,Australia,601.44,24.37037037037037
12432,42,5,5059.32,46.845555555555556,75.6796474737069,108,4,4,5,445,Champions,2011-06-20 13:27:00,2011-10-28 11:43:00,129,107,Norway,700.0,25.8
12433,0,10,20581.260000000002,29.15192634560907,24.84943202056984,706,5,5,5,555,Champions,2010-08-20 09:23:00,2011-12-09 10:02:00,476,285,Norway,203.52,47.6
12434,84,3,1103.43,15.763285714285715,7.414088570921858,70,3,3,3,333,Standard,2010-11-23 13:38:00,2011-09-16 12:38:00,296,62,Australia,47.6,98.66666666666667
12435,79,6,13925.93,124.33866071428572,138.95051116871076,112,3,4,5,345,Standard,2009-12-02 13:58:00,2011-09-21 09:06:00,657,88,Denmark,1008.0,109.5
12436,99,1,509.01,31.813125,18.84557161731459,16,3,1,2,312,Standard,2011-09-01 12:09:00,2011-09-01 12:09:00,0,16,Norway,80.0,0.0
12437,1,39,12683.4,22.52824156305506,17.36155481782761,563,5,5,5,555,Champions,2009-12-02 16:24:00,2011-12-08 11:35:00,735,273,France,234.0,18.846153846153847
12438,13,2,2906.85,29.66173469387755,40.54791789245686,98,5,2,4,524,Standard,2011-07-22 13:29:00,2011-11-25 13:28:00,125,84,Norway,320.0,62.5
12439,682,2,1158.18,16.085833333333333,4.785666318567987,72,1,2,3,123,Dormant,2009-12-14 08:40:00,2010-01-26 12:11:00,43,69,Cyprus,35.400000000000006,21.5
12440,461,2,859.2,26.85,16.40073975514913,32,1,2,3,123,Dormant,2009-12-22 12:03:00,2010-09-03 13:11:00,255,21,Austria,80.0,127.5
12441,366,1,347.1,15.77727272727273,3.9075850316046585,22,2,1,2,212,Dormant,2010-12-08 10:45:00,2010-12-08 10:45:00,0,11,France,23.25,0.0
12442,2,1,172.06,14.338333333333333,8.012192791822558,12,5,1,1,511,Standard,2011-12-06 14:22:00,2011-12-06 14:22:00,0,12,Spain,30.0,0.0
12443,731,1,485.31,23.11,23.904962037200562,21,1,1,2,112,Dormant,2009-12-07 15:42:00,2009-12-07 15:42:00,0,21,Norway,120.0,0.0
12444,20,5,5005.46,28.440113636363638,36.38456452930298,176,4,4,5,445,Champions,2011-06-21 14:00:00,2011-11-18 13:23:00,149,138,Norway,320.0,29.8
12445,21,2,434.98,18.124166666666667,10.327481664773455,24,4,2,2,422,Standard,2010-10-15 12:28:00,2011-11-17 18:43:00,398,24,Spain,56.0,199.0
12446,57,1,1002.3100000000001,17.584385964912283,6.119333243775087,57,4,1,3,413,Standard,2011-10-13 12:50:00,2011-10-13 12:50:00,0,57,RSA,38.25,0.0
12447,242,1,476.49,18.326538461538462,7.176101973805942,26,2,1,2,212,Dormant,2011-04-10 13:25:00,2011-04-10 13:25:00,0,26,Belgium,45.0,0.0
12448,43,1,449.45,20.429545454545455,19.12305152907218,22,4,1,2,412,Standard,2011-10-26 13:46:00,2011-10-26 13:46:00,0,22,Spain,84.0,0.0
12449,21,6,4835.89,24.05915422885572,24.06439593634328,201,4,4,5,445,Champions,2010-09-27 09:37:00,2011-11-17 13:46:00,416,125,Belgium,165.0,69.33333333333333
12450,155,5,688.2,18.6,10.1567954810779,37,3,4,3,343,Standard,2010-08-22 13:11:00,2011-07-06 14:41:00,318,31,Spain,66.0,63.6
12451,10,8,12669.88,24.794285714285714,19.64104851811013,511,5,4,5,545,Champions,2010-06-28 12:58:00,2011-11-29 08:40:00,518,352,Switzerland,244.8,64.75
12452,16,2,430.57000000000005,19.57136363636364,16.023037669155816,22,5,2,2,522,Standard,2011-11-23 08:05:00,2011-11-23 10:28:00,0,21,Switzerland,80.0,0.0
12453,133,1,707.09,16.443953488372095,5.037722056802528,43,3,1,3,313,Standard,2011-07-28 14:08:00,2011-07-28 14:08:00,0,43,Austria,30.0,0.0
12454,55,5,16679.78,416.99449999999996,221.6678753306165,40,4,4,5,445,Champions,2010-10-14 17:33:00,2011-10-14 17:13:00,364,24,Spain,950.4,72.8
12455,72,10,5879.95,25.902863436123347,32.364456484457826,227,3,5,5,355,Standard,2009-12-18 12:33:00,2011-09-27 15:31:00,648,199,Cyprus,350.4,64.8
12456,43,3,3181.04,25.44832,34.238720340309676,125,4,3,5,435,Loyal,2011-03-30 09:12:00,2011-10-26 14:41:00,210,105,Switzerland,280.0,70.0
12457,65,8,2995.91,35.665595238095236,41.805798132229796,84,3,4,5,345,Standard,2010-09-30 17:59:00,2011-10-04 13:13:00,368,63,Switzerland,196.35,46.0
12458,70,4,1777.49,21.160595238095237,15.245058638602702,84,3,3,4,334,Standard,2010-08-09 10:33:00,2011-09-29 15:25:00,416,71,Switzerland,80.0,104.0
12459,604,1,454.36,19.754782608695653,9.623899167066622,23,1,1,2,112,Dormant,2010-04-13 14:53:00,2010-04-13 14:53:00,0,23,Spain,56.0,0.0
12460,455,1,326.65,18.147222222222222,4.924920788321557,18,1,1,2,112,Dormant,2010-09-09 13:51:00,2010-09-09 13:51:00,0,18,Belgium,30.0,0.0
12461,93,2,826.88,23.62514285714286,32.83688746905623,35,3,2,3,323,Standard,2011-07-08 10:23:00,2011-09-06 16:57:00,60,35,Switzerland,200.0,30.0
12462,18,2,1189.59,19.186935483870965,21.327398878292733,62,5,2,3,523,Standard,2011-02-09 14:44:00,2011-11-21 09:11:00,284,51,Spain,168.0,142.0
12463,52,4,1344.78,16.202168674698793,7.328468719731287,83,4,3,4,434,Loyal,2011-04-12 12:47:00,2011-10-17 13:44:00,188,65,Belgium,36.0,47.0
12464,9,8,1212.05,41.79482758620689,26.566101335118464,29,5,4,3,543,Loyal,2011-02-03 13:30:00,2011-11-29 13:33:00,299,6,Belgium,119.6,37.375
12465,16,2,742.19,15.791276595744682,6.353031668294546,47,5,2,3,523,Standard,2011-06-23 13:37:00,2011-11-22 16:34:00,152,46,Belgium,40.8,76.0
12466,681,1,56.73,56.73,0.0,1,1,1,1,111,Dormant,2010-01-26 16:26:00,2010-01-26 16:26:00,0,1,France,56.73,0.0
12467,422,1,132.8,14.755555555555556,4.604375937928807,9,1,1,1,111,Dormant,2010-10-12 15:41:00,2010-10-12 15:41:00,0,9,USA,23.4,0.0
12468,187,5,3670.7400000000002,24.471600000000002,29.66389372134767,150,3,4,5,345,Standard,2010-01-26 10:09:00,2011-06-05 11:36:00,495,127,Germany,270.0,99.0
12469,522,2,3070.54,40.40184210526316,68.99477421197496,76,1,2,5,125,At_Risk_HighValue,2010-06-21 10:30:00,2010-07-05 12:40:00,14,76,Thailand,360.0,7.0
12470,689,1,211.95,9.215217391304348,4.907888705085107,23,1,1,1,111,Dormant,2010-01-19 11:01:00,2010-01-19 11:01:00,0,23,Unspecified,20.65,0.0
12471,1,79,39963.79,35.148452066842566,58.02690139759332,1137,5,5,5,555,Champions,2009-12-07 10:41:00,2011-12-07 15:43:00,730,255,Germany,876.0,9.240506329113924
12472,31,19,17880.59,19.62743139407245,14.582722819267497,911,4,5,5,455,Champions,2009-12-14 10:49:00,2011-11-07 14:01:00,693,397,Germany,126.0,36.473684210526315
12473,28,5,3938.55,23.44375,53.242991326316854,168,4,4,5,445,Champions,2011-06-01 10:15:00,2011-11-10 13:46:00,162,140,Germany,549.34,32.4
12474,16,31,12424.45,17.499225352112678,10.105013675086559,710,5,5,5,555,Champions,2010-02-11 09:41:00,2011-11-22 14:39:00,649,369,Germany,72.0,20.93548387096774
12475,53,2,1149.64,18.846557377049184,9.509110348370468,61,4,2,3,423,Standard,2010-10-26 08:49:00,2011-10-17 10:10:00,356,54,Germany,54.0,178.0
12476,15,23,14115.41,27.35544573643411,24.332267608782356,516,5,5,5,555,Champions,2010-07-26 09:04:00,2011-11-24 12:40:00,486,358,Germany,216.0,21.130434782608695
12477,22,9,20276.37,35.95101063829787,40.45684152467463,564,4,5,5,455,Champions,2010-03-26 14:01:00,2011-11-17 09:51:00,600,295,Germany,390.0,66.66666666666667
12478,3,1,680.99,18.91638888888889,20.812875568850277,36,5,1,3,513,Standard,2011-12-06 09:56:00,2011-12-06 09:56:00,0,36,Greece,135.0,0.0
12479,10,1,527.2,17.006451612903227,9.067401152254927,31,5,1,2,512,Standard,2011-11-28 13:26:00,2011-11-28 13:26:00,0,31,Germany,54.0,0.0
12480,27,7,5464.85,22.58202479338843,31.325330271684102,242,4,4,5,445,Champions,2010-07-20 13:21:00,2011-11-11 14:52:00,479,177,Germany,318.0,68.42857142857143
12481,22,15,12361.39,31.61480818414322,30.20072564761648,391,4,5,5,455,Champions,2010-04-11 13:10:00,2011-11-17 08:29:00,584,248,Germany,306.0,38.93333333333333
12482,575,29,23691.4,116.1343137254902,97.91981493379963,204,1,5,5,155,At_Risk_HighValue,2010-02-24 10:24:00,2010-05-12 16:51:00,77,42,Sweden,874.84,2.6551724137931036
12483,16,19,5120.58,36.83870503597122,30.377078501905288,139,5,5,5,555,Champions,2010-01-31 13:28:00,2011-11-22 17:02:00,660,68,Sweden,200.0,34.73684210526316
12484,32,12,6370.15,13.410842105263157,17.620056553832303,475,4,5,5,455,Champions,2010-01-27 16:41:00,2011-11-07 11:37:00,648,329,Spain,196.0,54.0
12485,528,1,708.1,20.826470588235296,15.104591090600906,34,1,1,3,113,Dormant,2010-06-28 15:22:00,2010-06-28 15:22:00,0,34,Sweden,76.19999999999999,0.0
12486,431,1,1037.28,21.168979591836734,16.24287141652428,49,1,1,3,113,Dormant,2010-10-04 12:14:00,2010-10-04 12:14:00,0,49,Sweden,120.0,0.0
12487,730,1,285.3,142.65,93.55022715098025,2,1,1,1,111,Dormant,2009-12-09 11:36:00,2009-12-09 11:36:00,0,2,Sweden,208.8,0.0
12488,9,3,1298.66,23.612000000000002,16.826931830099472,55,5,3,4,534,Loyal,2011-09-25 10:34:00,2011-11-30 08:50:00,65,46,France,84.75,21.666666666666668
12489,335,1,334.93,22.328666666666667,8.673208227200645,15,2,1,2,212,Dormant,2011-01-07 13:13:00,2011-01-07 13:13:00,0,15,France,36.0,0.0
12490,4,21,9823.64,21.26329004329004,15.49963520661863,462,5,5,5,555,Champions,2009-12-01 12:52:00,2011-12-04 16:07:00,733,195,France,171.84,34.904761904761905
12491,38,1,460.40000000000003,17.70769230769231,9.367493712916941,26,4,1,2,412,Standard,2011-11-01 12:18:00,2011-11-01 12:18:00,0,25,France,46.8,0.0
12492,62,3,715.21,17.028809523809525,10.902773243622848,42,3,3,3,333,Standard,2010-11-01 14:58:00,2011-10-07 15:15:00,340,38,Germany,72.0,113.33333333333333
12493,165,2,433.74,19.715454545454545,5.7762227955256185,22,3,2,2,322,Standard,2011-05-26 14:53:00,2011-06-27 10:17:00,31,20,France,36.0,15.5
12494,15,9,1872.8700000000001,16.872702702702703,7.7707503961909445,111,5,5,4,554,Champions,2010-05-12 13:52:00,2011-11-24 09:34:00,560,83,France,54.0,62.22222222222222
12495,640,1,357.4,21.023529411764706,15.613867210422468,17,1,1,2,112,Dormant,2010-03-09 10:53:00,2010-03-09 10:53:00,0,17,Sweden,80.0,0.0
12496,619,2,54.09,4.160769230769231,3.0424509350698976,13,1,2,1,121,Dormant,2010-03-29 13:57:00,2010-03-29 14:06:00,0,10,Spain,10.2,0.0
12497,81,3,6248.5,109.62280701754386,79.08163670162955,57,3,3,5,335,Standard,2010-03-05 09:39:00,2011-09-19 12:29:00,563,41,Germany,338.0,187.66666666666666
12498,20,3,403.70000000000005,17.55217391304348,6.960856110175046,23,4,3,2,432,Loyal,2011-10-13 09:30:00,2011-11-18 12:53:00,36,21,Germany,36.0,12.0
12499,559,1,393.72,14.582222222222223,7.239477952562673,27,1,1,2,112,Dormant,2010-05-28 15:12:00,2010-05-28 15:12:00,0,27,Germany,36.0,0.0
12500,22,19,5955.21,40.7891095890411,69.51822718982048,146,4,5,5,455,Champions,2010-02-04 15:05:00,2011-11-16 16:20:00,650,88,Germany,624.0,34.21052631578947
12501,336,1,2169.39,14.559664429530201,11.642558487285982,149,2,1,4,214,Dormant,2011-01-07 12:28:00,2011-01-07 12:28:00,0,149,Germany,144.0,0.0
12502,95,5,3723.87,25.332448979591835,29.728509806771058,147,3,4,5,345,Standard,2011-02-03 10:41:00,2011-09-05 11:52:00,214,102,Spain,196.0,42.8
12503,583,1,1126.0,563.0,470.93311627024065,2,1,1,3,113,Dormant,2010-05-04 13:59:00,2010-05-04 13:59:00,0,2,Spain,896.0,0.0
12504,17,4,779.05,38.9525,34.74149829738735,20,5,3,3,533,Loyal,2010-04-22 10:24:00,2011-11-21 16:02:00,578,11,Germany,131.39999999999998,144.5
12505,408,1,955.2,22.742857142857144,24.162507672083304,42,2,1,3,213,Dormant,2010-10-27 09:18:00,2010-10-27 09:18:00,0,42,Italy,168.0,0.0
12506,232,1,73.5,3.1956521739130435,2.086586656124731,23,2,1,1,211,Dormant,2011-04-21 08:54:00,2011-04-21 08:54:00,0,23,France,7.95,0.0
12507,133,4,1844.06,37.633877551020404,42.487377675430785,49,3,3,4,334,Standard,2010-05-04 09:23:00,2011-07-28 17:09:00,450,46,Spain,208.8,112.5
12508,25,2,398.27,5.772028985507246,4.446343368666961,69,4,2,2,422,Standard,2011-11-10 16:27:00,2011-11-13 15:37:00,2,57,France,20.23,1.0
12509,283,1,176.5,25.214285714285715,18.9161684431977,7,2,1,1,211,Dormant,2011-02-28 14:45:00,2011-02-28 14:45:00,0,7,France,49.5,0.0
12510,142,9,5178.02,35.71048275862069,91.0422485590179,145,3,5,5,355,Standard,2009-12-04 13:47:00,2011-07-20 10:15:00,592,94,Spain,975.11,65.77777777777777
12511,428,1,3084.02,16.231684210526314,7.689958085027827,190,1,1,5,115,At_Risk_HighValue,2010-10-07 10:39:00,2010-10-07 10:39:00,0,190,Greece,88.80000000000001,0.0
12512,65,2,138.03,4.059705882352941,2.8716329271773575,34,3,2,1,321,Standard,2011-10-04 14:53:00,2011-10-04 14:55:00,0,31,Israel,10.5,0.0
12513,112,1,612.29,17.494,9.986948600695868,35,3,1,2,312,Standard,2011-08-19 10:51:00,2011-08-19 10:51:00,0,35,France,54.0,0.0
12514,266,2,1597.76,19.02095238095238,13.268638958270511,84,2,2,4,224,Dormant,2010-03-08 12:18:00,2011-03-17 16:38:00,374,76,Italy,101.88,187.0
12515,352,1,383.7,23.98125,22.111873695671594,16,2,1,2,212,Dormant,2010-12-21 15:43:00,2010-12-21 15:43:00,0,16,Italy,105.0,0.0
12516,77,4,2648.62,35.792162162162164,30.087925001193632,74,3,3,4,334,Standard,2010-04-19 14:14:00,2011-09-23 09:13:00,521,49,Germany,180.0,130.25
12517,27,5,2502.84,8.812816901408452,8.341167975955502,284,4,4,4,444,Champions,2011-06-02 15:13:00,2011-11-11 14:04:00,161,232,Germany,90.0,32.2
12518,0,5,2056.89,16.58782258064516,8.975297314683546,124,5,4,4,544,Champions,2011-08-21 13:18:00,2011-12-09 10:13:00,109,84,Germany,54.0,21.8
12519,63,2,726.54,18.1635,8.706306452869786,40,3,2,3,323,Standard,2010-08-20 08:21:00,2011-10-07 09:26:00,413,34,Germany,54.0,206.5
12520,78,5,2634.26,17.330657894736845,11.726679982218656,152,3,4,4,344,Standard,2011-03-11 11:35:00,2011-09-21 15:23:00,194,121,Germany,90.0,38.8
12521,142,1,599.68,15.781052631578946,8.921051867890215,38,3,1,2,312,Standard,2011-07-20 10:51:00,2011-07-20 10:51:00,0,38,Germany,54.0,0.0
12522,38,2,192.72,16.06,4.292248827829067,12,4,2,1,421,Standard,2011-10-19 14:41:00,2011-10-31 15:30:00,12,11,Germany,20.0,6.0
12523,18,23,4372.15,17.488599999999998,7.97487404943913,250,5,5,5,555,Champions,2009-12-07 13:46:00,2011-11-20 12:55:00,712,176,France,90.0,30.956521739130434
12524,8,17,11126.11,46.35879166666667,52.477160840034905,240,5,5,5,555,Champions,2010-02-08 14:41:00,2011-11-30 15:31:00,660,157,Germany,367.2,38.8235294117647
12525,497,3,973.73,16.228833333333334,10.667118031145783,60,1,3,3,133,Standard,2010-03-02 14:01:00,2010-07-29 16:08:00,149,56,France,90.0,49.666666666666664
12526,0,3,1316.66,18.54450704225352,8.519842518452757,71,5,3,4,534,Loyal,2011-09-06 14:19:00,2011-12-09 12:09:00,93,64,Germany,72.0,31.0
12527,81,5,735.51,22.9846875,18.552842228022726,32,3,4,3,343,Standard,2010-06-28 15:37:00,2011-09-19 11:55:00,447,26,Germany,85.0,89.4
12528,8,6,1933.48,21.01608695652174,12.022408286335333,92,5,4,4,544,Champions,2011-01-31 09:05:00,2011-11-30 14:40:00,303,50,Germany,59.400000000000006,50.5
12529,527,1,316.48,15.07047619047619,3.985154295871712,21,1,1,2,112,Dormant,2010-06-29 13:10:00,2010-06-29 13:10:00,0,21,France,22.5,0.0
12530,59,9,3759.26,23.792784810126584,19.979846338532244,158,3,5,5,355,Standard,2010-03-07 14:37:00,2011-10-11 12:34:00,582,94,Germany,165.0,64.66666666666667
12531,14,2,1933.2,15.222047244094489,14.5892425219005,127,5,2,4,524,Standard,2010-01-22 14:17:00,2011-11-25 11:12:00,671,126,Germany,162.0,335.5
12532,29,1,349.83000000000004,21.864375000000003,9.539831562978458,16,4,1,2,412,Standard,2011-11-09 13:47:00,2011-11-09 13:47:00,0,16,France,45.0,0.0
12533,627,2,1367.89,18.998472222222222,13.396626615505632,72,1,2,4,124,Dormant,2009-12-01 11:50:00,2010-03-22 10:56:00,110,63,Germany,108.0,55.0
12534,130,1,1089.18,17.28857142857143,13.107948691309758,63,3,1,3,313,Standard,2011-08-01 10:26:00,2011-08-01 10:26:00,0,63,Germany,108.0,0.0
12535,91,2,716.35,21.069117647058825,8.924090775398799,34,3,2,3,323,Standard,2011-06-06 12:47:00,2011-09-09 08:48:00,94,28,France,44.55,47.0
12536,42,3,12601.830000000002,48.282873563218395,362.18342853366886,261,4,3,5,435,Loyal,2011-10-11 14:52:00,2011-10-27 14:20:00,15,260,France,4161.06,5.0
12537,408,1,732.94,17.04511627906977,16.83166635387186,43,2,1,3,213,Dormant,2010-10-27 08:36:00,2010-10-27 08:36:00,0,43,Sweden,120.0,0.0
12538,28,2,640.45,18.836764705882356,9.736164922468419,34,4,2,3,423,Standard,2010-11-26 13:02:00,2011-11-10 17:16:00,349,33,Spain,52.2,174.5
12539,21,7,11214.75,22.251488095238095,18.04113598535317,504,4,4,5,445,Champions,2009-12-23 13:00:00,2011-11-17 13:30:00,694,276,Spain,178.5,99.14285714285714
12540,19,33,22254.49,28.864448767833984,28.531575446432825,771,4,5,5,455,Champions,2009-12-07 16:56:00,2011-11-20 11:31:00,712,354,Spain,232.0,21.575757575757574
12541,29,3,981.18,18.868846153846153,12.460669363861442,52,4,3,3,433,Loyal,2011-03-04 09:32:00,2011-11-10 10:40:00,251,46,Spain,84.0,83.66666666666667
12542,483,2,481.88,12.355897435897436,5.469005835735509,39,1,2,2,122,Dormant,2010-03-09 16:26:00,2010-08-12 19:12:00,156,39,Spain,23.4,78.0
12543,447,1,980.25,22.796511627906977,21.756368513032264,43,1,1,3,113,Dormant,2010-09-17 15:51:00,2010-09-17 15:51:00,0,43,Spain,140.0,0.0
12544,35,1,372.7,19.61578947368421,10.293882927787461,19,4,1,2,412,Standard,2011-11-03 16:15:00,2011-11-03 16:15:00,0,19,Spain,56.0,0.0
12545,74,2,1000.39,20.0078,14.49607340078051,50,3,2,3,323,Standard,2011-03-25 12:04:00,2011-09-25 13:39:00,184,42,Spain,84.0,92.0
12546,46,2,1161.5,16.833333333333332,10.423762822155396,69,4,2,3,423,Standard,2011-09-23 09:44:00,2011-10-24 12:09:00,31,59,Spain,84.0,15.5
12547,197,3,383.58,18.265714285714285,7.777704398746827,21,2,3,2,232,Standard,2010-07-27 13:55:00,2011-05-26 12:38:00,302,13,Spain,30.6,100.66666666666667
12548,165,1,95.19999999999999,19.04,5.1154667431232514,5,3,1,1,311,Standard,2011-06-26 15:35:00,2011-06-26 15:35:00,0,5,Spain,28.0,0.0
12549,575,6,1575.68,32.15673469387755,44.38845835292075,49,1,4,4,144,Standard,2010-01-11 12:29:00,2010-05-13 12:05:00,121,38,USA,302.40000000000003,20.166666666666668
12550,78,1,964.83,16.92684210526316,17.690194838414094,57,3,1,3,313,Standard,2011-09-21 14:35:00,2011-09-21 14:35:00,0,57,Spain,140.0,0.0
12551,357,1,168.0,16.8,3.1989581637360205,10,2,1,1,211,Dormant,2010-12-17 11:23:00,2010-12-17 11:23:00,0,10,Spain,19.5,0.0
12552,38,2,437.82,21.891,23.762512249782276,20,4,2,2,422,Standard,2011-10-31 12:11:00,2011-11-01 10:02:00,0,20,Italy,120.0,0.0
12553,7,12,4608.75,19.36449579831933,11.774866942639305,238,5,5,5,555,Champions,2010-10-12 13:35:00,2011-12-01 16:38:00,415,109,France,108.0,34.583333333333336
12554,448,1,468.5,18.01923076923077,14.524496252352966,26,1,1,2,112,Dormant,2010-09-17 12:29:00,2010-09-17 12:29:00,0,26,Spain,84.0,0.0
12555,681,1,129.23,129.23,0.0,1,1,1,1,111,Dormant,2010-01-26 16:26:00,2010-01-26 16:26:00,0,1,Spain,129.23,0.0
12556,49,2,603.71,4.989338842975207,3.8508279922498896,121,4,2,2,422,Standard,2011-07-11 13:35:00,2011-10-20 13:06:00,100,100,Spain,23.6,50.0
12557,15,8,18716.14,322.69206896551725,387.1503933522957,58,5,4,5,545,Champions,2009-12-17 10:39:00,2011-11-23 16:59:00,706,15,Spain,1350.0,88.25
12558,7,1,269.96,24.54181818181818,22.013082391242627,11,5,1,1,511,Standard,2011-12-02 10:41:00,2011-12-02 10:41:00,0,11,USA,74.88,0.0
12559,310,2,561.71,26.74809523809524,24.540081014342157,21,2,2,2,222,Dormant,2011-01-24 10:12:00,2011-02-02 09:49:00,8,21,Germany,106.2,4.0
12560,4,3,2134.01,20.323904761904764,17.180256921113195,105,5,3,4,534,Loyal,2011-07-19 15:55:00,2011-12-04 13:54:00,137,91,Germany,144.0,45.666666666666664
12561,302,1,238.85,14.928125,4.683017857108812,16,2,1,1,211,Dormant,2011-02-10 11:39:00,2011-02-10 11:39:00,0,16,Germany,23.6,0.0
12562,7,9,4966.92,23.99478260869565,21.700371609410105,207,5,5,5,555,Champions,2010-09-30 13:13:00,2011-12-01 17:20:00,427,113,France,171.84,47.44444444444444
12563,408,1,249.24,19.172307692307694,13.15337355576264,13,2,1,1,211,Dormant,2010-10-27 09:52:00,2010-10-27 09:52:00,0,13,Italy,45.0,0.0
12564,260,1,456.90000000000003,21.75714285714286,8.372563611497462,21,2,1,2,212,Dormant,2011-03-23 14:55:00,2011-03-23 14:55:00,0,21,France,54.0,0.0
12565,288,1,145.92000000000002,16.213333333333335,4.985759721446673,9,2,1,1,211,Dormant,2011-02-24 10:34:00,2011-02-24 10:34:00,0,9,Saudi Arabia,19.8,0.0
12566,85,1,351.65,18.507894736842104,9.859135965605915,19,3,1,2,312,Standard,2011-09-14 14:30:00,2011-09-14 14:30:00,0,19,Germany,54.0,0.0
12567,22,15,13709.86,21.455179968701096,18.19083829974577,639,4,5,5,455,Champions,2010-02-11 10:30:00,2011-11-17 11:02:00,644,365,France,171.8,42.93333333333333
12568,644,1,70.0,14.0,5.291030145444269,5,1,1,1,111,Dormant,2010-03-05 09:15:00,2010-03-05 09:15:00,0,5,Germany,21.3,0.0
12569,1,32,4124.6900000000005,21.93984042553192,14.513757164608462,188,5,5,5,555,Champions,2011-04-01 13:47:00,2011-12-07 16:24:00,250,92,Germany,126.0,7.8125
12570,681,1,77.52,77.52,0.0,1,1,1,1,111,Dormant,2010-01-26 17:28:00,2010-01-26 17:28:00,0,1,Spain,77.52,0.0
12571,39,2,519.61,15.28264705882353,6.172507623041566,34,4,2,2,422,Standard,2011-08-10 12:35:00,2011-10-31 10:19:00,81,31,France,30.0,40.5
12572,8,2,1020.4200000000001,17.007,11.707049057175709,60,5,2,3,523,Standard,2011-10-19 08:20:00,2011-12-01 09:20:00,43,53,Germany,54.0,21.5
12573,226,5,717.41,6.028655462184874,8.4351187712665,119,2,4,3,243,Standard,2010-08-31 17:25:00,2011-04-26 15:52:00,237,107,France,60.84,47.4
12574,315,1,218.45000000000002,19.85909090909091,6.252552206172219,11,2,1,1,211,Dormant,2011-01-28 09:20:00,2011-01-28 09:20:00,0,11,France,36.0,0.0
12575,456,2,622.82,16.39,5.740447764812475,38,1,2,3,123,Dormant,2010-07-01 09:15:00,2010-09-08 13:09:00,69,34,France,36.0,34.5
12576,35,8,2142.7200000000003,15.089577464788734,7.193278765254817,142,4,4,4,444,Champions,2010-07-01 13:46:00,2011-11-04 10:11:00,490,114,Poland,80.0,61.25
12577,34,8,1653.75,5.4759933774834435,6.3426509261286075,302,4,4,4,444,Champions,2009-12-03 19:31:00,2011-11-04 13:24:00,700,259,France,40.8,87.5
12578,20,4,4642.45,26.99098837209302,28.06583495996269,172,4,3,5,435,Loyal,2010-09-22 11:19:00,2011-11-18 13:30:00,422,149,Italy,216.0,105.5
12579,77,1,440.42,15.18689655172414,8.532003659938383,29,3,1,2,312,Standard,2011-09-22 17:15:00,2011-09-22 17:15:00,0,29,France,54.0,0.0
12580,246,2,1052.9,18.153448275862072,7.136518771886486,58,2,2,3,223,Dormant,2010-05-12 11:45:00,2011-04-07 10:24:00,329,52,Germany,54.0,164.5
12581,39,1,197.71,13.180666666666667,3.775621929216557,15,4,1,1,411,Standard,2011-10-31 08:56:00,2011-10-31 08:56:00,0,15,Germany,19.8,0.0
12582,238,4,1980.4,19.22718446601942,18.234646424604577,103,2,3,4,234,Standard,2010-05-11 09:55:00,2011-04-15 08:45:00,338,88,Finland,153.0,84.5
12583,2,27,14447.44,31.003090128755368,21.595520381275726,466,5,5,5,555,Champions,2009-12-06 11:57:00,2011-12-07 08:07:00,730,141,France,166.6,27.037037037037038
12584,3,9,2338.15,24.355729166666666,16.30945833072536,96,5,5,4,554,Champions,2011-03-04 15:15:00,2011-12-06 09:35:00,276,44,Italy,91.8,30.666666666666668
12585,233,2,2040.1,23.44942528735632,22.168976141315973,87,2,2,4,224,Dormant,2010-12-23 12:58:00,2011-04-19 13:39:00,117,77,Germany,138.24,58.5
12586,16,4,2062.67,21.943297872340427,16.54174669225557,94,5,3,4,534,Loyal,2009-12-16 13:15:00,2011-11-22 16:24:00,706,82,Italy,119.6,176.5
12587,7,1,144.0,36.0,10.161364737737413,4,5,1,1,511,Standard,2011-12-02 12:47:00,2011-12-02 12:47:00,0,4,Finland,41.6,0.0
12588,38,4,958.78,20.84304347826087,14.651714479816608,46,4,3,3,433,Loyal,2010-04-21 12:22:00,2011-10-31 15:01:00,558,31,Finland,80.0,139.5
12589,28,8,4695.66,26.087,78.73676678314703,180,4,4,5,445,Champions,2010-01-19 12:26:00,2011-11-11 10:19:00,660,121,France,1055.75,82.5
12590,210,2,9864.26,145.06264705882353,92.92868335397537,68,2,2,5,225,At_Risk_HighValue,2011-05-12 14:46:00,2011-05-12 14:52:00,0,68,Germany,523.0,0.0
12591,316,3,1352.15,19.596376811594205,16.553727851970425,69,2,3,4,234,Standard,2010-10-27 10:42:00,2011-01-26 14:35:00,91,63,Italy,112.0,30.333333333333332
12592,91,5,2582.66,31.88469135802469,82.63185107884279,81,3,4,4,344,Standard,2010-07-08 14:06:00,2011-09-08 15:04:00,427,42,Germany,715.02,85.4
12593,108,3,418.1,19.90952380952381,7.060304863241017,21,3,3,2,332,Standard,2011-05-05 09:29:00,2011-08-23 12:43:00,110,14,France,39.5,36.666666666666664
12594,37,15,5090.110000000001,25.57844221105528,15.144854114414448,199,4,5,5,455,Champions,2010-03-03 13:51:00,2011-11-02 12:20:00,608,78,Italy,85.92,40.53333333333333
12595,504,1,299.02,15.737894736842104,6.3924526495855245,19,1,1,2,112,Dormant,2010-07-23 09:10:00,2010-07-23 09:10:00,0,19,Germany,30.0,0.0
12596,50,2,618.27,22.898888888888887,22.139078629520753,27,4,2,3,423,Standard,2011-04-11 13:22:00,2011-10-19 13:02:00,190,25,Spain,112.0,95.0
12597,18,4,3811.22,18.50106796116505,24.5527987143534,206,5,3,5,535,Loyal,2011-03-16 14:00:00,2011-11-20 13:33:00,248,184,Spain,280.0,62.0
12598,9,11,4534.09,22.01014563106796,14.59049408141012,206,5,5,5,555,Champions,2010-03-01 09:58:00,2011-11-30 12:18:00,639,130,France,108.0,58.09090909090909
12599,28,13,2296.72,17.268571428571427,9.83267443679931,133,4,5,4,454,Champions,2010-05-11 10:42:00,2011-11-10 13:34:00,548,47,France,63.900000000000006,42.15384615384615
12600,28,21,5043.92,38.21151515151515,33.8585666425998,132,4,5,5,455,Champions,2009-12-07 13:37:00,2011-11-11 10:29:00,703,53,Germany,237.6,33.476190476190474
12601,189,6,681.26,20.03705882352941,12.319601658606418,34,2,4,3,243,Standard,2010-10-31 10:57:00,2011-06-03 10:17:00,214,24,Germany,75.60000000000001,35.666666666666664
12602,58,1,153.12,12.76,4.742312439383055,12,4,1,1,411,Standard,2011-10-12 11:22:00,2011-10-12 11:22:00,0,12,France,23.9,0.0
12603,21,1,739.1999999999999,369.59999999999997,344.5024237940859,2,4,1,3,413,Standard,2011-11-18 10:42:00,2011-11-18 10:42:00,0,2,Germany,613.1999999999999,0.0
12604,78,2,254.18,15.88625,6.328255025413142,16,3,2,1,321,Standard,2011-03-23 12:06:00,2011-09-21 14:08:00,182,15,France,30.0,91.0
12605,375,4,1232.95,16.223026315789475,8.504300875790138,76,2,3,3,233,Standard,2010-09-07 14:21:00,2010-11-28 14:18:00,81,63,Germany,39.6,20.25
12606,681,1,21.0,21.0,0.0,1,1,1,1,111,Dormant,2010-01-26 16:23:00,2010-01-26 16:23:00,0,1,Spain,21.0,0.0
12607,59,1,1579.51,15.63871287128713,5.979403091173288,101,3,1,4,314,Standard,2011-10-10 16:06:00,2011-10-10 16:06:00,0,101,USA,39.6,0.0
12608,404,1,415.79,25.986875,39.97519843081874,16,2,1,2,212,Dormant,2010-10-31 10:49:00,2010-10-31 10:49:00,0,16,United Kingdom,162.24,0.0
12609,77,9,3435.86,19.633485714285715,10.267664278402862,175,3,5,5,355,Standard,2009-12-20 13:30:00,2011-09-22 16:34:00,641,129,Germany,90.0,71.22222222222223
12610,22,5,2099.54,19.80698113207547,18.07965561038475,106,4,4,4,444,Champions,2011-08-05 13:52:00,2011-11-17 09:34:00,103,85,Italy,160.0,20.6
12611,51,1,1193.32,18.35876923076923,16.95708263784011,65,4,1,3,413,Standard,2011-10-18 13:12:00,2011-10-18 13:12:00,0,65,Italy,144.0,0.0
12612,73,1,704.04,37.054736842105264,16.82652448712418,19,3,1,3,313,Standard,2011-09-26 15:35:00,2011-09-26 15:35:00,0,19,Germany,62.55,0.0
12613,56,10,6835.07,20.90235474006116,14.246430947607161,327,4,5,5,455,Champions,2009-12-14 13:10:00,2011-10-13 14:59:00,668,218,Germany,126.0,66.8
12614,277,1,315.6,15.780000000000001,2.840700432528643,20,2,1,2,212,Dormant,2011-03-07 10:22:00,2011-03-07 10:22:00,0,20,Germany,22.95,0.0
12615,1,8,5740.9800000000005,21.26288888888889,14.993009864038223,270,5,4,5,545,Champions,2010-03-18 14:09:00,2011-12-07 15:02:00,629,198,France,171.84,78.625
12616,94,3,1131.1,20.946296296296296,11.845335248773464,54,3,3,3,333,Standard,2010-11-16 11:38:00,2011-09-05 15:17:00,293,32,France,63.6,97.66666666666667
12617,28,1,355.53000000000003,8.465,7.629709980742645,42,4,1,2,412,Standard,2011-11-10 14:39:00,2011-11-10 14:39:00,0,39,France,28.9,0.0
12618,21,1,177.31,16.11909090909091,8.464237064904852,11,4,1,1,411,Standard,2011-11-18 11:10:00,2011-11-18 11:10:00,0,11,Italy,40.0,0.0
12619,15,10,3781.38,37.8138,50.22180259729048,100,5,5,5,555,Champions,2010-05-28 12:52:00,2011-11-23 14:52:00,544,55,Germany,389.68,54.4
12620,14,3,1339.41,14.558804347826088,7.175569027080602,92,5,3,4,534,Loyal,2011-05-19 12:10:00,2011-11-25 10:20:00,189,89,France,40.0,63.0
12621,1,35,24775.81,32.176376623376626,41.814255892300196,770,5,5,5,555,Champions,2010-02-09 12:01:00,2011-12-08 11:25:00,666,344,Germany,390.0,19.02857142857143
12622,231,1,180.1,16.37272727272727,4.623276091494193,11,2,1,1,211,Dormant,2011-04-21 16:39:00,2011-04-21 16:39:00,0,11,Germany,25.5,0.0
12623,275,7,3747.84,21.663815028901734,16.673173112518366,173,2,4,5,245,At_Risk_HighValue,2010-01-12 11:45:00,2011-03-08 13:50:00,420,112,Germany,180.0,60.0
12624,105,2,641.13,16.87184210526316,7.714713164962045,38,3,2,3,323,Standard,2011-06-15 12:34:00,2011-08-25 15:04:00,71,36,France,36.0,35.5
12625,211,4,5164.88,28.22338797814208,26.313036431790497,183,2,3,5,235,At_Risk_HighValue,2010-04-22 11:33:00,2011-05-12 09:54:00,384,144,Germany,175.2,96.0
12626,22,9,6620.4800000000005,22.518639455782314,20.06456022399176,294,4,5,5,455,Champions,2011-01-17 11:01:00,2011-11-16 16:06:00,303,232,Germany,144.0,33.666666666666664
12627,10,7,4478.53,19.47186956521739,11.934482442148543,230,5,4,5,545,Champions,2011-07-22 13:59:00,2011-11-29 12:07:00,129,162,Germany,108.0,18.428571428571427
12628,3,3,786.46,19.181951219512197,7.599360900599534,41,5,3,3,533,Loyal,2011-10-06 09:28:00,2011-12-05 13:15:00,60,34,Germany,50.0,20.0
12629,385,2,1558.22,34.62711111111111,51.8788226465474,45,2,2,4,224,Dormant,2010-10-12 16:40:00,2010-11-19 09:18:00,37,40,Sweden,240.0,18.5
12630,9,2,1270.88,19.8575,18.883951614305428,64,5,2,4,524,Standard,2011-10-27 10:41:00,2011-11-30 10:48:00,34,60,Finland,120.0,17.0
12631,56,6,3481.57,19.024972677595628,14.355014817524127,183,4,4,5,445,Champions,2010-01-15 14:50:00,2011-10-13 13:53:00,635,131,Finland,160.0,105.83333333333333
12632,520,2,804.88,22.99657142857143,16.688072870599942,35,1,2,3,123,Dormant,2010-05-24 09:07:00,2010-07-07 09:39:00,44,32,Germany,70.80000000000001,22.0
12633,58,7,5678.16,18.556078431372548,20.46043874776896,306,4,4,5,445,Champions,2010-07-02 11:44:00,2011-10-12 11:40:00,466,220,Germany,214.2,66.57142857142857
12634,535,2,490.0,24.5,25.739422968218268,20,1,2,2,122,Dormant,2010-06-09 15:41:00,2010-06-22 10:05:00,12,20,USA,130.0,6.0
12635,89,4,2930.41,16.37100558659218,11.48455568177689,179,3,3,4,334,Standard,2010-09-09 10:50:00,2011-09-11 11:04:00,367,159,Germany,126.0,91.75
12636,738,1,141.0,141.0,0.0,1,1,1,1,111,Dormant,2009-12-01 09:55:00,2009-12-01 09:55:00,0,1,USA,141.0,0.0
12637,66,12,8340.31,13.134346456692912,12.187758959719377,635,3,5,5,355,Standard,2010-06-14 13:36:00,2011-10-03 13:46:00,476,295,France,108.0,39.666666666666664
12638,32,2,921.49,19.197708333333335,24.994863152220436,48,4,2,3,423,Standard,2010-03-10 10:30:00,2011-11-06 13:11:00,606,47,Sweden,160.0,303.0
12639,238,3,1312.3700000000001,20.505781250000002,16.517846702806654,64,2,3,4,234,Standard,2010-03-22 09:05:00,2011-04-15 12:48:00,389,58,Sweden,120.0,129.66666666666666
12640,23,3,1174.58,22.16188679245283,15.644463146454843,53,4,3,3,433,Loyal,2011-09-19 12:01:00,2011-11-16 11:52:00,57,47,France,90.0,19.0
12641,114,1,185.9,18.59,8.260037664697554,10,3,1,1,311,Standard,2011-08-16 13:26:00,2011-08-16 13:26:00,0,10,Sweden,40.0,0.0
12642,24,3,1013.26,21.558723404255318,17.588552924759018,47,4,3,3,433,Loyal,2011-08-24 09:23:00,2011-11-14 15:03:00,82,39,Germany,93.6,27.333333333333332
12643,127,12,8350.42,160.585,171.1295984472174,52,3,5,5,355,Standard,2010-04-07 14:16:00,2011-08-03 12:56:00,482,14,France,835.1999999999999,40.166666666666664
12644,129,4,1918.49,17.283693693693692,8.83263359551364,111,3,3,4,334,Standard,2010-01-14 13:02:00,2011-08-02 10:33:00,564,106,Germany,70.80000000000001,141.0
12645,33,8,3539.3,22.120625,13.60840341965491,160,4,4,5,445,Champions,2010-02-09 10:49:00,2011-11-06 12:38:00,635,111,Germany,70.80000000000001,79.375
12646,4,2,1346.97,29.932666666666666,17.70379111941846,45,5,2,4,524,Standard,2011-10-21 12:52:00,2011-12-05 10:14:00,44,43,USA,81.36,22.0
12647,21,36,17924.35,32.58972727272727,41.30064730566819,550,4,5,5,455,Champions,2010-01-13 15:06:00,2011-11-17 12:56:00,672,240,Germany,571.35,18.666666666666668
12648,154,4,1112.0,17.107692307692307,8.450087604803048,65,3,3,3,333,Standard,2010-01-07 18:38:00,2011-07-08 11:55:00,546,38,Germany,44.75,136.5
12649,106,8,2294.65,19.446186440677966,14.123066052885742,118,3,4,4,344,Standard,2010-01-12 17:24:00,2011-08-24 14:41:00,588,94,Germany,79.19999999999999,73.5
12650,2,1,314.44,15.722,23.94229545342191,20,5,1,2,512,Standard,2011-12-06 16:34:00,2011-12-06 16:34:00,0,20,France,94.8,0.0
12651,334,4,377.75,12.591666666666667,3.330866184677777,30,2,3,2,232,Standard,2010-08-31 15:21:00,2011-01-09 12:46:00,130,30,France,19.8,32.5
12652,330,2,1017.0300000000001,19.941764705882356,17.160859734393537,51,2,2,3,223,Dormant,2010-10-01 15:16:00,2011-01-12 15:00:00,102,51,France,126.0,51.0
12653,148,3,4160.83,48.38174418604651,53.50152967998667,86,3,3,5,335,Standard,2010-07-01 09:56:00,2011-07-14 10:41:00,378,76,Israel,350.4,126.0
12654,10,5,601.98,15.841578947368422,4.3682877629667844,38,5,4,2,542,Loyal,2011-02-17 13:16:00,2011-11-29 10:10:00,284,31,Germany,25.200000000000003,56.8
12655,423,1,261.35,16.334375,2.531450094971918,16,1,1,1,111,Dormant,2010-10-12 09:17:00,2010-10-12 09:17:00,0,16,France,20.1,0.0
12656,16,8,6407.83,25.942631578947367,26.901140604273056,247,5,4,5,545,Champions,2010-05-26 09:00:00,2011-11-22 13:42:00,545,174,France,255.0,68.125
12657,10,4,1643.18,34.961276595744685,30.52879756792872,47,5,3,4,534,Loyal,2011-09-22 11:40:00,2011-11-28 15:47:00,67,35,France,127.5,16.75
12658,18,1,686.05,19.056944444444444,8.707792838091127,36,5,1,3,513,Standard,2011-11-21 10:22:00,2011-11-21 10:22:00,0,36,Germany,54.0,0.0
12659,29,1,91.68,18.336000000000002,5.585738984234762,5,4,1,1,411,Standard,2011-11-10 11:53:00,2011-11-10 11:53:00,0,5,France,28.08,0.0
12660,10,1,245.10000000000002,18.853846153846156,2.855510866323627,13,5,1,1,511,Standard,2011-11-28 13:26:00,2011-11-28 13:26:00,0,13,France,25.200000000000003,0.0
12661,435,1,162.0,14.727272727272727,2.119004912259954,11,1,1,1,111,Dormant,2010-09-29 16:46:00,2010-09-29 16:46:00,0,11,Sweden,17.4,0.0
12662,0,20,6988.02,17.21187192118227,8.177331324972105,406,5,5,5,555,Champions,2010-04-01 09:50:00,2011-12-09 11:59:00,617,163,Germany,54.0,30.85
12663,624,2,239.4,23.94,13.474457317458095,10,1,2,1,121,Dormant,2010-02-09 14:28:00,2010-03-25 09:40:00,43,9,Germany,52.8,21.5
12664,7,11,6070.04,134.88977777777777,93.62961027583124,45,5,5,5,555,Champions,2009-12-13 10:28:00,2011-12-01 17:07:00,718,10,Finland,270.0,65.27272727272727
12665,324,3,313.6,18.447058823529414,7.030746550603536,17,2,3,2,232,Standard,2010-02-08 15:11:00,2011-01-19 08:34:00,344,13,Germany,30.6,114.66666666666667
12666,393,1,1248.42,40.27161290322581,49.96516453802417,31,2,1,3,213,Dormant,2010-11-10 16:40:00,2010-11-10 16:40:00,0,31,Israel,202.5,0.0
12667,57,1,620.13,18.791818181818183,26.117632029740165,33,4,1,3,413,Standard,2011-10-12 17:00:00,2011-10-12 17:00:00,0,33,Finland,160.0,0.0
12668,11,10,11444.68,21.233172541743972,22.985310772137403,539,5,5,5,555,Champions,2010-01-31 15:45:00,2011-11-28 10:56:00,665,263,Germany,288.0,66.5
12669,150,3,2744.0299999999997,27.168613861386135,112.08461237859281,101,3,3,4,334,Standard,2011-03-28 10:15:00,2011-07-12 09:54:00,105,98,France,1136.3,35.0
12670,9,7,3760.29,32.698173913043476,19.455698149791605,115,5,4,5,545,Champions,2010-02-11 10:13:00,2011-11-29 15:23:00,656,71,France,90.0,93.71428571428571
12671,605,1,2622.481,58.27735555555556,47.03048467998542,45,1,1,4,114,At_Risk_HighValue,2010-04-12 16:30:00,2010-04-12 16:30:00,0,45,Germany,204.0,0.0
12672,329,2,437.05,19.865909090909092,9.631216438569954,22,2,2,2,222,Dormant,2010-04-23 09:57:00,2011-01-14 09:20:00,265,22,France,47.7,132.5
12673,4,3,1230.02,16.62189189189189,10.757312731051003,74,5,3,3,533,Loyal,2010-11-03 10:46:00,2011-12-04 13:55:00,396,68,Germany,59.4,132.0
12674,38,4,1970.6,23.742168674698792,19.10951263869058,83,4,3,4,434,Loyal,2011-05-16 09:10:00,2011-11-01 12:12:00,169,52,France,89.69999999999999,42.25
12675,553,2,958.5,8.482300884955752,9.63250227177771,113,1,2,3,123,Dormant,2010-05-10 16:44:00,2010-06-04 09:49:00,24,111,Italy,84.0,12.0
12676,24,11,2843.09,26.570934579439253,19.66438431375557,107,4,5,4,454,Champions,2010-08-13 13:29:00,2011-11-15 12:25:00,458,67,Sweden,120.0,41.63636363636363
12677,554,2,395.1,18.814285714285717,9.698622877207141,21,1,2,2,122,Dormant,2010-02-11 13:55:00,2010-06-02 14:30:00,111,13,France,47.7,55.5
12678,41,21,34281.18,91.17335106382978,118.9962527273041,376,4,5,5,455,Champions,2010-01-07 16:46:00,2011-10-28 13:04:00,658,199,France,1632.48,31.333333333333332
12679,58,4,1113.02,23.187916666666666,17.121998660219766,48,4,3,3,433,Loyal,2011-03-01 12:26:00,2011-10-12 12:30:00,225,43,France,76.32000000000001,56.25
12680,0,4,880.81,16.619056603773583,5.686494210019084,53,5,3,3,533,Loyal,2011-08-18 15:44:00,2011-12-09 12:50:00,112,33,France,36.0,28.0
12681,14,45,30868.28,21.070498293515357,17.459112686601397,1465,5,5,5,555,Champions,2009-12-13 13:31:00,2011-11-25 11:33:00,711,459,France,214.8,15.8
12682,3,52,24033.91,23.13177093358999,20.963581246341192,1039,5,5,5,555,Champions,2009-12-01 09:28:00,2011-12-06 10:00:00,735,327,France,386.64,14.134615384615385
12683,3,21,12696.78,23.46909426987061,21.883546112877365,541,5,5,5,555,Champions,2009-12-13 15:01:00,2011-12-05 16:31:00,722,236,France,175.2,34.38095238095238
12684,7,7,2283.63,21.748857142857144,14.463138910445998,105,5,4,4,544,Champions,2011-05-10 12:55:00,2011-12-02 09:53:00,205,61,France,93.6,29.285714285714285
12685,27,6,2863.08,18.236178343949042,11.391930034752999,157,4,4,4,444,Champions,2011-09-07 10:28:00,2011-11-11 13:46:00,65,117,France,90.0,10.833333333333334
12686,371,1,178.28,12.734285714285715,3.796657870945312,14,2,1,1,211,Dormant,2010-12-03 09:51:00,2010-12-03 09:51:00,0,7,France,18.0,0.0
12687,480,2,2138.91,16.97547619047619,24.09380397055287,126,1,2,4,124,Dormant,2010-08-16 12:10:00,2010-08-16 12:12:00,0,126,Sweden,280.0,0.0
12688,113,1,4873.81,28.50181286549708,25.909800727775,171,3,1,5,315,Standard,2011-08-18 08:49:00,2011-08-18 08:49:00,0,171,Israel,135.0,0.0
12689,25,2,1247.6100000000001,17.327916666666667,10.35102443559077,72,4,2,3,423,Standard,2011-08-04 10:04:00,2011-11-14 08:31:00,101,57,France,72.0,50.5
12690,205,1,389.01,24.313125,13.081858542144028,16,2,1,2,212,Dormant,2011-05-18 09:09:00,2011-05-18 09:09:00,0,16,France,54.0,0.0
12691,27,7,1170.4,30.010256410256414,30.392137096639726,39,4,4,3,443,Loyal,2010-10-15 12:00:00,2011-11-11 16:49:00,392,24,France,158.39999999999998,56.0
12692,636,1,110.95,8.534615384615385,7.68974925402276,13,1,1,1,111,Dormant,2010-03-12 14:02:00,2010-03-12 14:02:00,0,13,France,31.75,0.0
12693,126,7,1703.02,21.557215189873418,15.995494312438536,79,3,4,4,344,Standard,2010-07-05 13:56:00,2011-08-04 17:51:00,395,63,Germany,91.8,56.42857142857143
12694,69,3,1843.35,22.209036144578313,13.64012629711018,83,3,3,4,334,Standard,2010-10-14 19:39:00,2011-09-30 13:06:00,350,69,France,72.0,116.66666666666667
12695,6,7,1407.1200000000001,23.84949152542373,13.379524426336197,59,5,4,4,544,Champions,2010-02-12 13:22:00,2011-12-02 13:22:00,658,46,France,70.8,94.0
12696,434,2,851.91,17.38591836734694,11.352176171401261,49,1,2,3,123,Dormant,2010-07-19 10:02:00,2010-10-01 10:43:00,74,43,Finland,80.0,37.0
12697,28,3,957.59,23.355853658536585,17.548235947754087,41,4,3,3,433,Loyal,2011-06-23 15:44:00,2011-11-11 08:47:00,140,37,Sweden,80.0,46.666666666666664
12698,589,1,339.75,21.234375,11.796195979354248,16,1,1,2,112,Dormant,2010-04-28 15:51:00,2010-04-28 15:51:00,0,16,Germany,54.0,0.0
12699,417,1,638.11,15.563658536585367,10.439050664715054,41,1,1,3,113,Dormant,2010-10-18 12:07:00,2010-10-18 12:07:00,0,41,Germany,72.0,0.0
12700,7,4,4939.99,18.432798507462685,14.368521722278645,268,5,3,5,535,Loyal,2011-05-08 16:10:00,2011-12-02 10:47:00,207,193,France,126.0,51.75
12701,79,6,2446.41,16.642244897959184,7.264249369241005,147,3,4,4,344,Standard,2010-03-16 13:23:00,2011-09-21 10:47:00,553,118,Germany,39.6,92.16666666666667
12702,19,1,219.0,18.25,2.744333003912543,12,4,1,1,411,Standard,2011-11-20 10:36:00,2011-11-20 10:36:00,0,12,Germany,25.200000000000003,0.0
12703,70,4,1006.53,13.601756756756757,6.641920492631116,74,3,3,3,333,Standard,2010-01-24 12:05:00,2011-09-29 17:52:00,613,56,Germany,54.0,153.25
12704,6,8,2340.84,26.600454545454546,27.9173469702975,88,5,4,4,544,Champions,2011-06-23 10:20:00,2011-12-02 13:15:00,162,64,Finland,200.0,20.25
12705,14,14,11762.1,19.636227045075128,14.689995723953393,599,5,5,5,555,Champions,2010-06-24 09:51:00,2011-11-24 13:17:00,518,320,Germany,162.0,37.0
12707,291,1,603.42,18.285454545454545,14.285712725243423,33,2,1,2,212,Dormant,2011-02-21 08:38:00,2011-02-21 08:38:00,0,33,France,68.0,0.0
12708,29,18,5314.1,17.14225806451613,7.774967927665631,310,4,5,5,455,Champions,2009-12-18 10:25:00,2011-11-10 09:52:00,691,130,Germany,72.0,38.388888888888886
12709,14,34,31093.34,62.18668,65.72997104795903,500,5,5,5,555,Champions,2009-12-09 13:49:00,2011-11-24 15:38:00,715,189,Germany,598.8,21.029411764705884
12710,96,3,1149.02,14.922337662337663,8.775641211555861,77,3,3,3,333,Standard,2011-05-22 14:05:00,2011-09-04 12:00:00,104,75,Germany,72.0,34.666666666666664
12711,611,2,1339.05,22.3175,14.653942446907868,60,1,2,4,124,Dormant,2010-02-01 11:30:00,2010-04-07 11:59:00,65,56,Germany,79.19999999999999,32.5
12712,28,21,7193.66,26.063985507246375,19.88436902932388,276,4,5,5,455,Champions,2009-12-09 10:46:00,2011-11-11 08:19:00,701,126,Germany,142.8,33.38095238095238
12713,0,1,848.55,22.330263157894734,14.375259619153505,38,5,1,3,513,Standard,2011-12-09 12:16:00,2011-12-09 12:16:00,0,38,Germany,71.69999999999999,0.0
12714,8,12,14093.710000000001,20.249583333333334,17.063591387781187,696,5,5,5,555,Champions,2009-12-04 10:00:00,2011-11-30 15:43:00,726,436,France,180.0,60.5
12715,105,1,353.86,16.85047619047619,15.35663064483563,21,3,1,2,312,Standard,2011-08-25 15:22:00,2011-08-25 15:22:00,0,20,Sweden,80.0,0.0
12716,3,2,1053.49,15.267971014492753,7.152467813466684,69,5,2,3,523,Standard,2011-07-29 13:28:00,2011-12-06 08:55:00,129,60,France,54.0,64.5
12717,150,3,1308.91,18.435352112676057,15.581200745127436,71,3,3,4,334,Standard,2010-04-28 14:34:00,2011-07-11 14:47:00,439,60,Greece,100.0,146.33333333333334
12718,70,1,238.25,12.539473684210526,8.023529615161902,19,3,1,1,311,Standard,2011-09-29 16:38:00,2011-09-29 16:38:00,0,19,France,36.0,0.0
12719,4,2,644.95,16.53717948717949,6.611012721495753,39,5,2,3,523,Standard,2011-10-05 14:50:00,2011-12-04 13:45:00,59,34,France,37.5,29.5
12720,2,30,8260.67,16.229214145383104,11.141439643689354,509,5,5,5,555,Champions,2010-07-21 09:46:00,2011-12-07 08:03:00,503,262,Germany,108.0,16.766666666666666
12721,31,8,4013.08,16.79112970711297,8.922512645643984,239,4,4,5,445,Champions,2010-08-25 11:07:00,2011-11-08 12:13:00,440,183,France,72.0,55.0
12722,84,4,997.63,18.82320754716981,12.79252317289958,53,3,3,3,333,Standard,2011-07-12 11:55:00,2011-09-15 14:50:00,65,50,France,81.6,16.25
12723,3,5,725.07,10.508260869565218,10.702049000696045,69,5,4,3,543,Loyal,2011-10-05 15:52:00,2011-12-06 10:19:00,61,53,France,61.2,12.2
12724,4,7,2317.52,17.96527131782946,8.036591616389625,129,5,4,4,544,Champions,2010-06-22 14:00:00,2011-12-04 16:02:00,530,94,France,54.0,75.71428571428571
12725,370,4,2694.56,20.727384615384615,21.962816482305282,130,2,3,4,234,At_Risk_HighValue,2010-05-04 13:59:00,2010-12-03 15:45:00,213,92,Italy,220.0,53.25
12726,27,11,4014.6,22.427932960893855,11.915491836401287,179,4,5,5,455,Champions,2010-03-25 16:25:00,2011-11-11 13:35:00,595,63,France,60.0,54.09090909090909
12727,10,10,5679.53,27.9779802955665,26.137523865534618,203,5,5,5,555,Champions,2010-02-23 09:54:00,2011-11-29 11:46:00,644,132,France,183.6,64.4
12728,70,5,1070.17,17.54377049180328,8.048968912006561,61,3,4,3,343,Standard,2010-11-21 11:34:00,2011-09-29 15:31:00,312,48,France,40.8,62.4
12729,113,1,453.01,17.423461538461538,6.143852174203213,26,3,1,2,312,Standard,2011-08-18 11:40:00,2011-08-18 11:40:00,0,26,France,36.0,0.0
12730,521,1,829.25,17.643617021276597,16.49162704889072,47,1,1,3,113,Dormant,2010-07-06 12:19:00,2010-07-06 12:19:00,0,47,Germany,126.0,0.0
12731,23,17,25775.71,65.58704834605598,67.08820432179307,393,4,5,5,455,Champions,2010-03-02 09:23:00,2011-11-16 11:59:00,624,137,France,475.2000000000001,36.705882352941174
12732,179,1,236.26000000000002,19.688333333333336,11.983077335319273,12,3,1,1,311,Standard,2011-06-13 11:33:00,2011-06-13 11:33:00,0,12,France,40.0,0.0
12733,233,4,2424.87,15.445031847133757,13.70477610104406,157,2,3,4,234,At_Risk_HighValue,2010-01-19 13:23:00,2011-04-19 16:19:00,455,117,USA,90.0,113.75
12734,352,3,639.65,33.66578947368421,49.92936692254921,19,2,3,3,233,Standard,2010-11-12 13:26:00,2010-12-22 12:47:00,39,17,France,232.50000000000003,13.0
12735,314,2,779.5699999999999,18.12953488372093,11.09023099795671,43,2,2,3,223,Dormant,2011-01-06 14:26:00,2011-01-28 13:37:00,21,38,France,54.0,10.5
12736,332,1,234.0,58.5,21.068459839295333,4,2,1,1,211,Dormant,2011-01-11 07:57:00,2011-01-11 07:57:00,0,4,France,90.0,0.0
12737,498,2,3710.5,1855.25,2482.298355355375,2,1,2,5,125,At_Risk_HighValue,2010-07-29 12:27:00,2010-07-29 12:29:00,0,2,France,3610.5,0.0
12738,371,1,310.7,14.122727272727273,3.3505766125196477,22,2,1,2,212,Dormant,2010-12-02 18:27:00,2010-12-02 18:27:00,0,11,Germany,19.8,0.0
12739,77,4,2726.73,30.63741573033708,37.50018113677737,89,3,3,4,334,Standard,2010-11-10 14:27:00,2011-09-22 13:00:00,315,85,United Arab Emirates,253.0,78.75
12740,63,1,427.6,15.837037037037037,6.322009670018408,27,3,1,2,312,Standard,2011-10-07 10:44:00,2011-10-07 10:44:00,0,27,France,34.0,0.0
12741,528,2,406.07,25.379375,39.050680995982646,16,1,2,2,122,Dormant,2010-06-24 16:24:00,2010-06-28 14:36:00,3,16,USA,170.0,1.5
12742,625,1,1201.52,17.933134328358207,10.446996698914814,67,1,1,3,113,Dormant,2010-03-24 12:43:00,2010-03-24 12:43:00,0,67,United Arab Emirates,60.48,0.0
12743,133,2,546.43,4.077835820895522,3.5502384462841547,134,3,2,2,322,Standard,2011-07-28 16:06:00,2011-07-28 16:21:00,0,114,Unspecified,22.5,0.0
12744,51,11,25317.06,74.68159292035399,302.9232116719424,339,4,5,5,455,Champions,2010-04-27 16:19:00,2011-10-19 11:18:00,539,245,Singapore,3949.32,49.0
12745,486,3,925.41,40.235217391304346,42.61874980777669,23,1,3,3,133,Standard,2010-01-26 16:22:00,2010-08-10 10:14:00,195,21,United Kingdom,201.56,65.0
12746,540,1,254.55,14.973529411764707,1.6920879896464855,17,1,1,1,111,Dormant,2010-06-17 10:41:00,2010-06-17 10:41:00,0,17,United Kingdom,17.700000000000003,0.0
12747,1,26,9276.54,36.095486381322964,45.083718199979536,257,5,5,5,555,Champions,2009-12-07 13:23:00,2011-12-07 14:34:00,730,85,United Kingdom,381.6,28.076923076923077
12748,0,336,56599.39,7.830574156059767,25.393757505728725,7228,5,5,5,555,Champions,2009-12-04 17:31:00,2011-12-09 12:20:00,734,2286,United Kingdom,850.5,2.1845238095238093
12749,3,9,6897.36,20.40639053254438,10.556225243150307,338,5,5,5,555,Champions,2010-07-06 15:05:00,2011-12-06 09:56:00,517,260,United Kingdom,114.75,57.44444444444444
12750,128,1,275.88,18.392,7.752775724124322,15,3,1,1,311,Standard,2011-08-03 09:13:00,2011-08-03 09:13:00,0,15,Poland,40.68,0.0
12751,444,1,268.27,4.326935483870967,3.7596004272819488,62,1,1,1,111,Dormant,2010-09-21 12:49:00,2010-09-21 12:49:00,0,61,Brazil,17.700000000000003,0.0
12752,80,1,4366.78,82.3920754716981,73.19723033217778,53,3,1,5,315,Standard,2011-09-19 13:32:00,2011-09-19 13:32:00,0,53,Norway,270.0,0.0
12753,22,6,21429.39,108.77862944162436,72.44463078264968,197,4,4,5,445,Champions,2010-12-12 11:44:00,2011-11-17 10:52:00,339,132,Japan,429.6,56.5
12754,235,3,3010.74,47.78952380952381,95.04691831946813,63,2,3,5,235,At_Risk_HighValue,2011-02-04 10:31:00,2011-04-18 09:00:00,72,49,Japan,417.6,24.0
12755,280,11,9030.66,141.1040625,661.8979991857442,64,2,5,5,255,At_Risk_HighValue,2010-01-15 11:57:00,2011-03-04 12:42:00,413,34,Japan,3794.4,37.54545454545455
12756,86,1,112.08,28.02,22.64865558923973,4,3,1,1,311,Standard,2011-09-14 09:31:00,2011-09-14 09:31:00,0,4,Japan,61.2,0.0
12757,15,13,7857.1,21.178167115902966,99.47834214858756,371,5,5,5,555,Champions,2011-05-12 19:01:00,2011-11-24 12:30:00,195,237,Portugal,1241.98,15.0
12758,116,7,9903.24,31.639744408945685,28.345248447488483,313,3,4,5,345,Standard,2009-12-01 14:40:00,2011-08-15 10:22:00,621,187,Portugal,367.2000000000001,88.71428571428571
12759,51,8,5020.74,16.62496688741722,8.806357894593573,302,4,4,5,445,Champions,2009-12-04 10:47:00,2011-10-18 14:49:00,683,206,Netherlands,75.0,85.375
12760,455,1,347.8,16.561904761904763,6.149385838478197,21,1,1,2,112,Dormant,2010-09-10 08:50:00,2010-09-10 08:50:00,0,21,Netherlands,30.0,0.0
12761,457,2,782.95,28.99814814814815,16.642973115734282,27,1,2,3,123,Dormant,2010-09-01 10:47:00,2010-09-08 12:17:00,7,27,Netherlands,76.5,3.5
12762,7,2,1898.52,27.51478260869565,27.009146141995917,69,5,2,4,524,Standard,2011-11-14 14:23:00,2011-12-02 10:23:00,17,62,Portugal,140.0,8.5
12763,137,2,814.16,23.945882352941176,22.038171584176816,34,3,2,3,323,Standard,2010-12-05 15:46:00,2011-07-24 14:12:00,230,16,Japan,87.0,115.0
12764,316,1,1693.88,37.64177777777778,29.117840071063654,45,2,1,4,214,Dormant,2011-01-27 10:19:00,2011-01-27 10:19:00,0,45,Lebanon,153.0,0.0
12765,471,6,1404.58,20.65558823529412,15.2722977561758,68,1,4,4,144,Standard,2010-03-08 09:43:00,2010-08-24 13:51:00,169,49,Netherlands,99.0,28.166666666666668
12766,3,9,10068.28,22.128087912087913,20.23317136358949,455,5,5,5,555,Champions,2010-10-28 09:29:00,2011-12-06 08:46:00,403,253,Portugal,168.0,44.77777777777778
12767,375,1,949.82,22.088837209302326,16.016995468995447,43,2,1,3,213,Dormant,2010-11-29 09:38:00,2010-11-29 09:38:00,0,43,Korea,100.8,0.0
12768,450,1,168.69,16.869,2.6282332468789757,10,1,1,1,111,Dormant,2010-09-15 12:08:00,2010-09-15 12:08:00,0,10,Korea,19.8,0.0
12769,238,1,1143.6,35.7375,32.8962824647406,32,2,1,3,213,Dormant,2011-04-15 10:25:00,2011-04-15 10:25:00,0,32,Brazil,175.2,0.0
12770,210,2,3246.45,115.94464285714285,50.50555814533117,28,2,2,5,225,At_Risk_HighValue,2010-09-09 11:43:00,2011-05-13 09:33:00,245,19,Japan,318.0,122.5
12771,485,1,282.3,18.82,10.642062769970867,15,1,1,1,111,Dormant,2010-08-11 11:51:00,2010-08-11 11:51:00,0,15,Portugal,56.0,0.0
12772,59,1,892.47,16.226727272727274,18.005438895835052,55,3,1,3,313,Standard,2011-10-11 09:19:00,2011-10-11 09:19:00,0,55,Portugal,140.0,0.0
12773,563,1,124.25,20.708333333333332,32.69736773299445,6,1,1,1,111,Dormant,2010-05-24 17:30:00,2010-05-24 17:30:00,0,6,Portugal,87.0,0.0
12774,535,1,98.7,16.45,3.9180352218937493,6,1,1,1,111,Dormant,2010-06-22 10:38:00,2010-06-22 10:38:00,0,6,Netherlands,21.0,0.0
12775,16,7,1686.1200000000001,20.816296296296297,10.616408931984068,81,5,4,4,544,Champions,2010-10-26 14:24:00,2011-11-22 16:33:00,392,55,Netherlands,59.4,56.0
12776,667,1,55.5,13.875,9.46374661537385,4,1,1,1,111,Dormant,2010-02-10 12:11:00,2010-02-10 12:11:00,0,4,Portugal,28.0,0.0
12777,457,1,519.45,19.978846153846156,6.462061173912286,26,1,1,2,112,Dormant,2010-09-08 11:35:00,2010-09-08 11:35:00,0,26,United Kingdom,31.5,0.0
12778,19,9,1775.68,15.576140350877193,8.439913968941635,114,4,5,4,454,Champions,2010-04-16 09:57:00,2011-11-20 11:30:00,583,77,Netherlands,60.0,64.77777777777777
12779,37,14,6722.2699999999995,24.26812274368231,14.610500916903923,277,4,5,5,455,Champions,2009-12-03 07:25:00,2011-11-02 11:43:00,699,142,Poland,102.0,49.92857142857143
12780,598,1,337.4,16.869999999999997,9.405221953787162,20,1,1,2,112,Dormant,2010-04-20 09:40:00,2010-04-20 09:40:00,0,20,Netherlands,39.8,0.0
12781,63,2,826.74,33.0696,15.677647697704316,25,3,2,3,323,Standard,2011-02-28 08:43:00,2011-10-07 10:37:00,221,25,Czech Republic,70.80000000000001,110.5
12782,4,11,4618.24,20.344669603524228,15.986251926724144,227,5,5,5,555,Champions,2010-07-08 13:31:00,2011-12-05 09:16:00,514,142,Portugal,112.0,46.72727272727273
12783,1,6,2225.91,26.49892857142857,47.779489752475214,84,5,4,4,544,Champions,2011-09-25 15:35:00,2011-12-07 15:56:00,73,76,Portugal,339.02,12.166666666666666
12784,8,3,1804.75,13.776717557251908,17.746225446675346,131,5,3,4,534,Loyal,2010-06-28 13:06:00,2011-11-30 15:38:00,520,121,Portugal,196.0,173.33333333333334
12785,363,3,1100.4,19.650000000000002,12.820455955584848,56,2,3,3,233,Standard,2009-12-08 13:56:00,2010-12-10 13:48:00,366,42,Portugal,84.0,122.0
12786,609,1,728.5000000000001,40.47222222222223,23.66406572286233,18,1,1,3,113,Dormant,2010-04-09 12:12:00,2010-04-09 12:12:00,0,18,Netherlands,70.80000000000001,0.0
12787,9,4,862.1800000000001,19.595000000000002,10.153210627506535,44,5,3,3,533,Loyal,2010-10-22 14:57:00,2011-11-30 08:44:00,403,30,Netherlands,62.400000000000006,100.75
12788,462,4,444.90000000000003,17.111538461538462,3.810336145074544,26,1,3,2,132,Standard,2010-06-29 13:05:00,2010-09-02 14:21:00,65,20,Netherlands,30.6,16.25
12789,64,3,273.35,34.16875,26.025824228748537,8,3,3,1,331,HighEngagement_LowValue,2010-01-15 12:06:00,2011-10-05 13:34:00,628,5,Netherlands,74.25,209.33333333333334
12790,191,2,591.85,15.995945945945946,8.26690908900575,37,2,2,2,222,Dormant,2010-10-25 13:04:00,2011-05-31 14:14:00,218,36,Netherlands,39.8,109.0
12791,373,6,1056.1100000000001,35.20366666666667,46.898173516624325,30,2,4,3,243,Standard,2010-03-25 17:29:00,2010-12-01 11:27:00,250,17,Netherlands,177.60000000000002,41.666666666666664
12792,256,2,827.01,17.59595744680851,9.459308426687087,47,2,2,3,223,Dormant,2010-06-23 10:49:00,2011-03-28 11:36:00,278,39,Portugal,56.0,139.0
12793,334,3,1017.33,19.94764705882353,11.797298095451398,51,2,3,3,233,Standard,2010-11-03 13:05:00,2011-01-09 12:12:00,66,34,Portugal,66.0,22.0
12794,52,2,860.41,19.12022222222222,10.090821997531155,45,4,2,3,423,Standard,2011-09-02 12:01:00,2011-10-17 14:54:00,45,43,Portugal,59.400000000000006,22.5
12795,18,1,430.48,30.74857142857143,26.537868982077104,14,5,1,2,512,Standard,2011-11-21 10:27:00,2011-11-21 10:27:00,0,14,Portugal,112.0,0.0
12796,627,1,381.0,54.42857142857143,10.771987480762975,7,1,1,2,112,Dormant,2010-03-21 15:49:00,2010-03-21 15:49:00,0,7,Netherlands,58.5,0.0
12797,365,2,806.11,18.746744186046513,9.035034118819874,43,2,2,3,223,Dormant,2010-10-11 12:53:00,2010-12-09 10:55:00,58,27,Portugal,56.0,29.0
12798,9,4,8510.93,257.9069696969697,682.2908229060247,33,5,3,5,535,Loyal,2010-10-14 12:27:00,2011-11-29 15:52:00,411,27,Japan,3651.6,102.75
12799,528,1,219.35,14.623333333333333,3.605693249504707,15,1,1,1,111,Dormant,2010-06-28 15:57:00,2010-06-28 15:57:00,0,15,Japan,21.0,0.0
12800,469,3,584.25,17.183823529411764,8.11819953718127,34,1,3,2,132,Standard,2010-02-01 11:02:00,2010-08-26 14:11:00,206,31,Portugal,56.0,68.66666666666667
12801,500,1,1071.82,21.4364,27.703324618875175,50,1,1,3,113,Dormant,2010-07-27 09:38:00,2010-07-27 09:38:00,0,50,Sweden,200.0,0.0
12802,186,7,2416.42,17.510289855072465,10.871708676671172,138,3,4,4,344,Standard,2010-05-25 09:34:00,2011-06-06 09:36:00,377,108,Netherlands,68.0,53.857142857142854
12803,392,1,1092.81,19.869272727272726,13.779689139984718,55,2,1,3,213,Dormant,2010-11-11 14:57:00,2010-11-11 14:57:00,0,55,Netherlands,79.19999999999999,0.0
12804,465,2,327.02,4.88089552238806,4.623660405947338,67,1,2,2,122,Dormant,2010-07-27 13:52:00,2010-08-31 11:58:00,34,60,Netherlands,30.0,17.0
12805,381,4,1434.95,24.74051724137931,18.72937803244287,58,2,3,4,234,Standard,2010-02-03 09:06:00,2010-11-23 12:27:00,293,44,Netherlands,106.2,73.25
12806,434,4,2878.96,42.96955223880597,71.77349659472384,67,1,3,4,134,At_Risk_HighValue,2010-04-30 10:44:00,2010-09-30 13:34:00,153,58,Netherlands,534.24,38.25
12807,382,1,330.35,20.646875,16.089556330634686,16,2,1,2,212,Dormant,2010-11-21 14:21:00,2010-11-21 14:21:00,0,16,Sweden,80.0,0.0
12808,36,5,906.1,16.77962962962963,4.055168127153655,54,4,4,3,443,Loyal,2010-09-03 10:24:00,2011-11-03 10:05:00,425,46,Portugal,28.0,85.0
12809,177,3,1755.94,21.67827160493827,22.222661844957024,81,3,3,4,334,Standard,2010-03-02 14:19:00,2011-06-15 10:51:00,469,75,Portugal,168.0,156.33333333333334
12810,534,2,534.99,16.7184375,9.063424585760847,32,1,2,2,122,Dormant,2010-02-01 09:52:00,2010-06-23 10:53:00,142,32,Japan,60.0,71.0
12811,260,5,1033.9,18.462500000000002,7.5968190113302745,56,2,4,3,243,Standard,2010-10-08 12:20:00,2011-03-24 09:42:00,166,47,Portugal,56.0,33.2
12812,44,1,229.64000000000001,15.309333333333335,5.879105212125234,15,4,1,1,411,Standard,2011-10-26 09:54:00,2011-10-26 09:54:00,0,15,Japan,31.6,0.0
12813,501,3,1687.8,37.50666666666667,30.584654500404138,45,1,3,4,134,Standard,2010-01-15 16:52:00,2010-07-26 09:50:00,191,37,Netherlands,150.0,63.666666666666664
12814,101,1,125.92,62.96,32.470343392086264,2,3,1,1,311,Standard,2011-08-30 12:11:00,2011-08-30 12:11:00,0,2,Poland,85.92,0.0
12815,147,2,1063.46,22.6268085106383,18.546249955693373,47,3,2,3,323,Standard,2011-05-25 13:34:00,2011-07-15 10:21:00,50,38,Poland,120.0,25.0
12816,95,2,572.2,19.731034482758623,13.632566141629802,29,3,2,2,322,Standard,2011-06-16 13:24:00,2011-09-05 12:41:00,80,27,Poland,80.0,40.0
12817,280,3,690.98,27.639200000000002,14.867026972464938,25,2,3,3,233,Standard,2010-10-01 08:57:00,2011-03-03 16:28:00,153,16,Austria,71.4,51.0
12818,261,1,1542.08,110.14857142857143,118.99735400142585,14,2,1,4,214,Dormant,2011-03-23 12:06:00,2011-03-23 12:06:00,0,14,Austria,360.0,0.0
12819,457,1,540.52,28.448421052631577,20.120522763022585,19,1,1,2,112,Dormant,2010-09-07 15:20:00,2010-09-07 15:20:00,0,19,United Kingdom,90.0,0.0
12820,2,11,2689.52,16.915220125786163,6.841782545550907,159,5,5,4,554,Champions,2009-12-05 13:37:00,2011-12-06 15:12:00,731,131,United Kingdom,53.1,66.45454545454545
12821,213,2,220.8,16.984615384615385,5.431495520548976,13,2,2,1,221,Dormant,2010-04-07 15:14:00,2011-05-09 15:51:00,397,13,United Kingdom,30.0,198.5
12822,70,2,948.88,20.62782608695652,14.571163594662423,46,3,2,3,323,Standard,2011-09-13 13:46:00,2011-09-30 10:04:00,16,41,United Kingdom,102.0,8.0
12823,74,18,6501.5,361.19444444444446,176.8827410601931,18,3,5,5,355,Standard,2010-01-29 12:52:00,2011-09-26 07:35:00,604,1,United Kingdom,765.0,33.55555555555556
12824,59,1,397.12,15.8848,8.947605415230752,25,3,1,2,312,Standard,2011-10-11 12:49:00,2011-10-11 12:49:00,0,25,United Kingdom,47.7,0.0
12825,520,2,518.63,21.609583333333333,11.810707551299322,24,1,2,2,122,Dormant,2010-03-08 10:17:00,2010-07-06 13:56:00,120,20,United Kingdom,63.8,60.0
12826,2,12,2955.75,17.805722891566266,11.16884884962528,166,5,5,4,554,Champions,2009-12-18 10:43:00,2011-12-07 10:25:00,718,93,United Kingdom,94.8,59.833333333333336
12827,5,3,430.15,17.206,8.320543852417341,25,5,3,2,532,Loyal,2011-10-26 15:44:00,2011-12-04 12:17:00,38,19,United Kingdom,44.55,12.666666666666666
12828,2,6,1018.71,18.19125,9.187188522858637,56,5,4,3,543,Loyal,2011-08-01 16:16:00,2011-12-07 08:45:00,127,46,United Kingdom,45.9,21.166666666666668
12829,336,3,385.3,20.278947368421054,17.773941567092244,19,2,3,2,232,Standard,2010-06-07 15:04:00,2011-01-07 11:13:00,213,17,United Kingdom,79.9,71.0
12830,37,6,6814.64,179.33263157894737,134.07934370776076,38,4,4,5,445,Champions,2011-06-21 10:53:00,2011-11-02 11:54:00,134,13,United Kingdom,587.52,22.333333333333332
12831,261,3,451.11,20.505,7.46498987337048,22,2,3,2,232,Standard,2010-09-02 15:58:00,2011-03-22 13:02:00,200,16,United Kingdom,42.0,66.66666666666667
12832,31,2,383.03000000000003,14.186296296296298,3.5025311157110672,27,4,2,2,422,Standard,2011-09-02 13:48:00,2011-11-07 13:30:00,65,27,United Kingdom,19.8,32.5
12833,144,1,417.38,17.390833333333333,5.030143845005755,24,3,1,2,312,Standard,2011-07-17 13:46:00,2011-07-17 13:46:00,0,24,United Kingdom,27.04,0.0
12834,282,1,312.38,17.354444444444443,4.183209044321924,18,2,1,2,212,Dormant,2011-03-02 09:49:00,2011-03-02 09:49:00,0,18,United Kingdom,25.200000000000003,0.0
12835,427,41,6043.31,9.747274193548387,10.27915703229832,620,1,5,5,155,At_Risk_HighValue,2009-12-03 12:13:00,2010-10-08 10:59:00,308,138,United Kingdom,95.25,7.512195121951219
12836,58,15,6585.62,15.907294685990339,17.451780456151333,414,4,5,5,455,Champions,2009-12-01 14:19:00,2011-10-11 15:10:00,679,280,United Kingdom,153.0,45.266666666666666
12837,172,2,688.41,7.482717391304347,6.665498522737613,92,3,2,3,323,Standard,2010-05-19 15:10:00,2011-06-19 16:07:00,396,83,United Kingdom,39.9,198.0
12838,33,10,3398.48,8.034231678486998,14.729865309990542,423,4,5,5,455,Champions,2010-04-26 09:59:00,2011-11-06 12:20:00,559,230,United Kingdom,183.6,55.9
12839,2,26,10071.73,17.48564236111111,9.950109334101189,576,5,5,5,555,Champions,2009-12-07 09:18:00,2011-12-07 12:33:00,730,156,United Kingdom,93.0,28.076923076923077
12840,143,7,4041.9700000000003,22.96573863636364,13.057997418982584,176,3,4,5,345,Standard,2010-02-03 14:51:00,2011-07-19 09:29:00,530,109,United Kingdom,101.76,75.71428571428571
12841,4,40,7540.68,10.741709401709402,10.51427378074895,702,5,5,5,555,Champions,2010-07-08 15:38:00,2011-12-05 11:13:00,514,307,United Kingdom,107.28,12.85
12842,69,4,1917.99,39.958125,48.804931197324024,48,3,3,4,334,Standard,2009-12-02 08:15:00,2011-09-30 15:33:00,667,45,United Kingdom,306.0,166.75
12843,65,30,6588.41,29.81180995475113,40.093381208239,221,3,5,5,355,Standard,2009-12-13 11:41:00,2011-10-05 12:09:00,661,130,United Kingdom,333.0,22.033333333333335
12844,28,4,648.6,6.297087378640777,4.717355862708194,103,4,3,3,433,Loyal,2010-04-25 11:51:00,2011-11-10 13:31:00,564,88,United Kingdom,19.9,141.0
12845,266,4,354.09000000000003,13.114444444444446,41.46181119029278,27,2,3,2,232,Standard,2011-02-22 14:10:00,2011-03-17 13:34:00,22,26,United Kingdom,208.8,5.5
12846,681,1,15.58,15.58,0.0,1,1,1,1,111,Dormant,2010-01-26 16:29:00,2010-01-26 16:29:00,0,1,United Kingdom,15.58,0.0
12847,21,2,1636.8999999999999,12.99126984126984,15.964225003883001,126,4,2,4,424,Standard,2010-11-17 12:44:00,2011-11-17 13:16:00,365,100,United Kingdom,106.0,182.5
12848,675,1,208.0,13.0,7.648289569134614,16,1,1,1,111,Dormant,2010-02-02 12:45:00,2010-02-02 12:45:00,0,16,United Kingdom,29.5,0.0
12849,30,6,3090.56,20.88216216216216,17.9289488308045,148,4,4,5,445,Champions,2010-04-27 13:44:00,2011-11-08 13:41:00,559,123,United Kingdom,100.0,93.16666666666667
12850,445,1,330.0,165.0,0.0,2,1,1,2,112,Dormant,2010-09-20 12:26:00,2010-09-20 12:26:00,0,2,United Kingdom,165.0,0.0
12851,96,2,284.13,3.551625,3.8775848687755325,80,3,2,1,321,Standard,2010-08-19 15:13:00,2011-09-04 12:41:00,380,71,United Kingdom,25.5,190.0
12852,294,1,311.55,18.326470588235296,5.111357379865536,17,2,1,2,212,Dormant,2011-02-18 08:47:00,2011-02-18 08:47:00,0,17,United Kingdom,34.8,0.0
12853,134,11,3907.5,26.402027027027028,20.303550909549774,148,3,5,5,355,Standard,2010-02-05 11:57:00,2011-07-28 11:29:00,537,111,United Kingdom,175.2,48.81818181818182
12854,78,7,2994.02,11.298188679245284,11.496079392717295,265,3,4,5,345,Standard,2009-12-11 12:55:00,2011-09-22 12:15:00,649,188,United Kingdom,135.2,92.71428571428571
12855,372,4,650.94,9.299142857142858,19.787577038428932,70,2,3,3,233,Standard,2010-11-02 18:16:00,2010-12-02 09:37:00,29,65,United Kingdom,165.0,7.25
12856,7,6,2179.93,6.942452229299363,6.418552286627969,314,5,4,4,544,Champions,2011-10-07 12:38:00,2011-12-02 10:52:00,55,155,United Kingdom,49.92,9.166666666666666
12857,210,6,3688.0,30.479338842975206,38.96979581965879,121,2,4,5,245,At_Risk_HighValue,2010-01-25 15:37:00,2011-05-13 10:20:00,472,71,United Kingdom,306.0,78.66666666666667
12858,382,1,177.92,3.631020408163265,3.4763194406932025,49,2,1,1,211,Dormant,2010-11-21 12:55:00,2010-11-21 12:55:00,0,36,United Kingdom,19.95,0.0
12859,458,1,575.1,27.385714285714286,16.008030350867212,21,1,1,2,112,Dormant,2010-09-07 12:20:00,2010-09-07 12:20:00,0,21,United Kingdom,58.5,0.0
12860,692,1,55.47,3.262941176470588,3.5599205832186103,17,1,1,1,111,Dormant,2010-01-15 15:22:00,2010-01-15 15:22:00,0,16,United Kingdom,12.75,0.0
12861,619,1,68.25,17.0625,3.4125686806275417,4,1,1,1,111,Dormant,2010-03-30 11:39:00,2010-03-30 11:39:00,0,4,United Kingdom,19.8,0.0
12862,425,2,1008.32,7.581353383458647,6.657676109933565,133,1,2,3,123,Dormant,2010-08-01 15:20:00,2010-10-10 11:47:00,69,119,United Kingdom,40.8,34.5
12863,51,6,2792.55,58.178125,84.45361871128348,48,4,4,4,444,Champions,2010-04-29 13:54:00,2011-10-18 14:15:00,537,24,United Kingdom,408.0,89.5
12864,137,2,299.57,42.79571428571428,45.977659015781,7,3,2,2,322,Standard,2010-07-19 17:22:00,2011-07-24 13:03:00,369,5,United Kingdom,119.52,184.5
12865,25,4,3323.4700000000003,17.0434358974359,7.533310904595845,195,4,3,5,435,Loyal,2010-08-20 12:20:00,2011-11-13 14:31:00,450,156,Austria,50.400000000000006,112.5
12866,282,3,1227.35,19.48174603174603,10.538878335934097,63,2,3,3,233,Standard,2010-07-25 11:37:00,2011-03-01 14:11:00,219,58,Belgium,60.0,73.0
12867,25,13,7913.29,7.444299153339605,6.560223103555758,1063,4,5,5,455,Champions,2009-12-16 16:25:00,2011-11-13 15:30:00,696,365,United Kingdom,74.7,53.53846153846154
12868,185,8,2247.06,15.39082191780822,5.631373876203327,146,3,4,4,344,Standard,2010-11-12 10:05:00,2011-06-07 10:42:00,207,86,United Kingdom,31.6,25.875
12869,681,1,337.66999999999996,9.126216216216216,13.863766193320739,37,1,1,2,112,Dormant,2010-01-27 12:10:00,2010-01-27 12:10:00,0,35,United Kingdom,81.6,0.0
12870,374,3,1676.95,18.031720430107526,16.521441577252162,93,2,3,4,234,Standard,2010-03-25 14:32:00,2010-11-29 13:42:00,248,85,United Kingdom,125.0,82.66666666666667
12871,83,3,744.02,41.33444444444444,47.95609894626324,18,3,3,3,333,Standard,2010-09-26 10:34:00,2011-09-16 15:07:00,355,13,United Kingdom,163.2,118.33333333333333
12872,326,12,3685.4900000000002,8.452958715596331,8.908462163719934,436,2,5,5,255,At_Risk_HighValue,2009-12-03 20:03:00,2011-01-17 10:52:00,409,217,United Kingdom,64.9,34.083333333333336
12873,281,3,2027.3,57.92285714285714,46.46509813330663,35,2,3,4,234,Standard,2010-01-27 09:50:00,2011-03-02 14:58:00,399,33,United Kingdom,196.2,133.0
12874,384,2,948.42,19.75875,9.364857037906427,48,2,2,3,223,Dormant,2010-06-03 12:51:00,2010-11-19 15:23:00,169,44,Belgium,46.8,84.5
12875,142,5,1356.9900000000002,169.62375000000003,75.87093362838537,8,3,4,4,344,Standard,2010-01-11 12:37:00,2011-07-19 15:30:00,554,2,United Kingdom,293.76000000000005,110.8
12876,57,4,4081.79,24.010529411764704,20.52081619602887,170,4,3,5,435,Loyal,2010-04-28 13:26:00,2011-10-13 12:26:00,532,117,Belgium,122.4,133.0
12877,3,20,2955.17,10.668483754512636,11.228801632341138,277,5,5,4,554,Champions,2010-01-18 10:23:00,2011-12-06 10:30:00,687,149,United Kingdom,79.2,34.35
12878,235,2,854.99,18.191276595744682,6.617481662404998,47,2,2,3,223,Dormant,2011-03-18 14:02:00,2011-04-17 13:07:00,29,38,United Kingdom,30.6,14.5
12879,44,3,573.22,57.322,56.14766519336905,10,4,3,2,432,Loyal,2011-09-09 12:11:00,2011-10-26 12:24:00,47,7,United Kingdom,183.6,15.666666666666666
12880,381,2,640.13,17.781388888888888,5.663815550254227,36,2,2,3,223,Dormant,2010-05-14 11:57:00,2010-11-23 10:50:00,192,32,United Kingdom,35.7,96.0
12881,275,1,298.0,42.57142857142857,67.25485643643673,7,2,1,2,212,Dormant,2011-03-09 11:44:00,2011-03-09 11:44:00,0,7,United Kingdom,195.0,0.0
12882,8,2,1463.04,112.54153846153847,61.75429078832685,13,5,2,4,524,Standard,2011-11-06 11:22:00,2011-11-30 16:18:00,24,12,United Kingdom,283.2,12.0
12883,24,4,703.47,16.749285714285715,4.118723098868968,42,4,3,3,433,Loyal,2011-09-11 15:18:00,2011-11-15 09:32:00,64,39,United Kingdom,29.700000000000003,16.0
12884,87,1,309.05,44.15,55.695937912921444,7,3,1,2,312,Standard,2011-09-12 13:10:00,2011-09-12 13:10:00,0,7,United Kingdom,170.0,0.0
12885,62,3,1175.22,16.552394366197184,6.173301609069432,71,3,3,3,333,Standard,2011-08-08 11:45:00,2011-10-07 13:40:00,60,66,United Kingdom,46.8,20.0
12886,67,2,1378.4,16.809756097560978,5.871800778655694,82,3,2,4,324,Standard,2011-05-04 11:21:00,2011-10-03 10:09:00,151,75,United Kingdom,35.400000000000006,75.5
12887,383,1,222.4,17.107692307692307,4.6950260095945415,13,2,1,1,211,Dormant,2010-11-21 11:18:00,2010-11-21 11:18:00,0,13,United Kingdom,30.0,0.0
12888,213,2,354.12,70.824,30.414159202581946,5,2,2,2,222,Dormant,2011-03-29 14:31:00,2011-05-09 16:02:00,41,4,United Kingdom,106.5,20.5
12889,380,4,385.46000000000004,15.418400000000002,5.192121178606421,25,2,3,2,232,Standard,2010-07-25 14:32:00,2010-11-23 16:08:00,121,25,United Kingdom,23.4,30.25
12890,23,2,717.27,5.16021582733813,6.778662330914504,139,4,2,3,423,Standard,2010-11-17 14:05:00,2011-11-15 17:26:00,363,124,United Kingdom,45.0,181.5
12891,185,11,840.5,76.4090909090909,67.0294033174316,11,3,5,3,353,Standard,2010-02-18 14:32:00,2011-06-07 12:31:00,473,2,United Kingdom,204.00000000000003,43.0
12892,396,1,263.38,14.632222222222222,3.3825009117959834,18,2,1,1,211,Dormant,2010-11-08 09:51:00,2010-11-08 09:51:00,0,18,United Kingdom,19.35,0.0
12893,30,1,188.14,5.533529411764706,6.547896207296888,34,4,1,1,411,Standard,2011-11-09 12:34:00,2011-11-09 12:34:00,0,27,United Kingdom,37.44,0.0
12894,574,1,157.35,7.492857142857143,5.883117492331037,21,1,1,1,111,Dormant,2010-05-13 14:47:00,2010-05-13 14:47:00,0,21,United Kingdom,20.25,0.0
12895,41,2,372.8,16.945454545454545,3.0378528245373877,22,4,2,2,422,Standard,2011-09-14 08:35:00,2011-10-28 13:51:00,44,22,United Kingdom,25.0,22.0
12897,204,4,514.25,36.732142857142854,20.013760719361777,14,2,3,2,232,Standard,2010-06-14 11:58:00,2011-05-19 12:13:00,339,10,United Kingdom,70.80000000000001,84.75
12898,463,2,310.96,9.7175,26.79057405253788,32,1,2,2,122,Dormant,2010-02-18 12:36:00,2010-09-02 08:08:00,195,27,United Kingdom,152.64,97.5
12899,413,1,366.4,21.552941176470586,16.757176359960635,17,1,1,2,112,Dormant,2010-10-22 09:53:00,2010-10-22 09:53:00,0,17,United Kingdom,84.75,0.0
12900,421,1,340.33000000000004,26.179230769230774,13.413709691666499,13,1,1,2,112,Dormant,2010-10-13 15:17:00,2010-10-13 15:17:00,0,13,United Kingdom,59.400000000000006,0.0
12901,8,28,17654.54,152.19431034482758,284.30916581968563,116,5,5,5,555,Champions,2011-03-14 10:41:00,2011-12-01 10:07:00,261,30,United Kingdom,1519.8,9.321428571428571
12902,264,1,138.68,13.868,4.766596269876441,10,2,1,1,211,Dormant,2011-03-20 12:06:00,2011-03-20 12:06:00,0,10,United Kingdom,17.700000000000003,0.0
12903,428,1,833.5300000000001,20.330000000000002,7.178274165842373,41,1,1,3,113,Dormant,2010-10-07 12:39:00,2010-10-07 12:39:00,0,41,United Kingdom,46.8,0.0
12904,17,2,509.58,7.0775,7.408149442945524,72,5,2,2,522,Standard,2011-06-20 13:18:00,2011-11-21 14:34:00,154,59,United Kingdom,51.0,77.0
12905,576,2,1018.42,18.85962962962963,9.060696787517612,54,1,2,3,123,Dormant,2010-01-26 14:06:00,2010-05-12 10:05:00,105,52,United Kingdom,51.0,52.5
12906,11,5,2919.81,46.34619047619047,55.308113924618844,63,5,4,4,544,Champions,2011-09-22 15:03:00,2011-11-28 09:55:00,66,55,United Kingdom,360.0,13.2
12907,395,2,508.91,20.3564,10.470826089664559,25,2,2,2,222,Dormant,2010-08-02 14:33:00,2010-11-09 12:08:00,98,23,United Kingdom,66.0,49.0
12908,175,5,1776.0,355.2,53.05845832664195,5,3,4,4,344,Standard,2010-03-19 15:59:00,2011-06-16 15:39:00,453,1,United Kingdom,432.0,90.6
12909,39,8,3103.19,19.640443037974684,26.986342744190548,158,4,4,5,445,Champions,2010-02-24 12:14:00,2011-10-31 12:43:00,614,120,United Kingdom,290.0,76.75
12910,22,13,5796.52,42.31036496350365,27.488411472964362,137,4,5,5,455,Champions,2010-03-28 13:10:00,2011-11-16 14:28:00,598,75,United Kingdom,153.0,46.0
12911,551,1,1680.47,6.77608870967742,11.323520737245797,248,1,1,4,114,Dormant,2010-06-06 12:13:00,2010-06-06 12:13:00,0,220,United Kingdom,144.5,0.0
12912,2,5,1662.3,69.2625,33.47994769748136,24,5,4,4,544,Champions,2011-10-30 11:35:00,2011-12-07 08:55:00,37,17,United Kingdom,157.92000000000002,7.4
12913,4,13,6700.86,69.800625,91.22573104018288,96,5,5,5,555,Champions,2009-12-01 12:18:00,2011-12-05 12:11:00,733,52,United Kingdom,714.0,56.38461538461539
12914,400,1,223.98,24.886666666666667,31.43873725199535,9,2,1,1,211,Dormant,2010-11-04 12:28:00,2010-11-04 12:28:00,0,9,United Kingdom,108.0,0.0
12915,148,4,1174.75,16.09246575342466,5.631654528156473,73,3,3,3,333,Standard,2010-04-29 19:36:00,2011-07-14 11:34:00,440,46,United Kingdom,38.25,110.0
12916,138,7,4654.02,25.293586956521743,24.053050615130637,184,3,4,5,345,Standard,2010-01-24 11:26:00,2011-07-24 10:35:00,545,82,United Kingdom,163.2,77.85714285714286
12917,127,6,4359.2,87.184,107.84203699326687,50,3,4,5,345,Standard,2009-12-09 14:22:00,2011-08-03 16:42:00,602,45,United Kingdom,297.0,100.33333333333333
12918,625,1,10953.5,10953.5,0.0,1,1,1,5,115,At_Risk_HighValue,2010-03-23 15:22:00,2010-03-23 15:22:00,0,1,United Kingdom,10953.5,0.0
12919,7,6,1335.19,26.7038,19.89414444565259,50,5,4,4,544,Champions,2011-06-23 09:22:00,2011-12-01 13:47:00,161,34,United Kingdom,107.28,26.833333333333332
12920,16,4,488.09000000000003,8.134833333333335,7.9539367700053365,60,5,3,2,532,Loyal,2009-12-14 15:58:00,2011-11-22 15:05:00,707,59,United Kingdom,50.400000000000006,176.75
12921,8,74,35921.04,23.41658409387223,16.606836906200023,1534,5,5,5,555,Champions,2009-12-01 13:43:00,2011-11-30 16:22:00,729,322,United Kingdom,178.20000000000002,9.85135135135135
12922,160,1,405.38,14.477857142857143,5.352446555266492,28,3,1,2,312,Standard,2011-07-01 15:35:00,2011-07-01 15:35:00,0,28,United Kingdom,35.400000000000006,0.0
12923,63,3,789.87,12.73983870967742,17.907285493453518,62,3,3,3,333,Standard,2010-05-13 14:55:00,2011-10-06 16:20:00,511,54,United Kingdom,102.0,170.33333333333334
12924,87,12,2469.4,33.37027027027027,70.16307007725418,74,3,5,4,354,Standard,2009-12-09 12:40:00,2011-09-12 13:55:00,642,56,United Kingdom,579.6,53.5
12925,4,3,729.33,14.5866,6.419949650129983,50,5,3,3,533,Loyal,2010-04-26 10:32:00,2011-12-05 11:11:00,588,46,United Kingdom,34.68,196.0
12926,410,4,1548.46,5.651313868613139,5.7234402443631724,274,1,3,4,134,Standard,2009-12-14 14:35:00,2010-10-24 15:57:00,314,202,United Kingdom,30.0,78.5
12927,394,1,197.31,17.937272727272727,6.480061868391522,11,2,1,1,211,Dormant,2010-11-10 10:02:00,2010-11-10 10:02:00,0,11,United Kingdom,30.6,0.0
12928,34,12,4304.89,24.049664804469277,16.108110906175945,179,4,5,5,455,Champions,2010-06-08 10:16:00,2011-11-04 14:24:00,514,94,United Kingdom,126.0,42.833333333333336
12929,311,1,117.85,14.73125,3.065352170399257,8,2,1,1,211,Dormant,2011-02-01 12:08:00,2011-02-01 12:08:00,0,8,United Kingdom,17.85,0.0
12930,77,2,415.8,16.632,5.447373220186038,25,3,2,2,322,Standard,2011-06-21 13:25:00,2011-09-22 15:18:00,93,20,United Kingdom,27.04,46.5
12931,21,57,92347.34,423.61165137614677,489.20067516092587,218,4,5,5,455,Champions,2009-12-01 11:46:00,2011-11-18 12:39:00,717,37,United Kingdom,4176.0,12.578947368421053
12932,538,8,1698.56,17.87957894736842,14.556629762194087,95,1,4,4,144,Standard,2010-02-10 08:46:00,2010-06-18 14:22:00,128,69,United Kingdom,101.76,16.0
12933,23,8,1687.03,5.699425675675675,5.247656136149806,296,4,4,4,444,Champions,2009-12-10 16:39:00,2011-11-15 16:38:00,704,227,United Kingdom,52.5,88.0
12934,736,1,181.65,90.825,15.379572490807409,2,1,1,1,111,Dormant,2009-12-03 10:51:00,2009-12-03 10:51:00,0,2,United Kingdom,101.7,0.0
12935,1,15,4243.86,16.70811023622047,6.55728056670505,254,5,5,5,555,Champions,2010-04-11 15:59:00,2011-12-07 17:25:00,605,113,United Kingdom,70.80000000000001,40.333333333333336
12936,16,4,1063.9,17.15967741935484,20.085317365297662,62,5,3,3,533,Loyal,2011-09-22 13:51:00,2011-11-22 17:32:00,61,56,United Kingdom,102.0,15.25
12937,14,9,3097.61,14.274700460829493,13.552613866638211,217,5,5,5,555,Champions,2009-12-03 15:43:00,2011-11-24 15:05:00,720,128,United Kingdom,81.6,80.0
12938,25,1,114.14,12.682222222222222,4.102614342641099,9,4,1,1,411,Standard,2011-11-14 11:21:00,2011-11-14 11:21:00,0,9,United Kingdom,19.8,0.0
12939,63,20,25264.8,293.7767441860465,192.98983160925624,86,3,5,5,355,Standard,2010-01-12 11:27:00,2011-10-06 14:33:00,632,24,United Kingdom,825.0,31.6
12940,54,2,913.54,9.227676767676767,7.765379319523769,99,4,2,3,423,Standard,2011-09-13 10:16:00,2011-10-16 12:09:00,33,87,United Kingdom,51.0,16.5
12941,723,1,377.49,13.981111111111112,10.530264564334164,27,1,1,2,112,Dormant,2009-12-15 13:12:00,2009-12-15 13:12:00,0,27,United Kingdom,46.8,0.0
12942,130,3,942.65,10.358791208791208,7.4363084980482155,91,3,3,3,333,Standard,2010-12-09 09:34:00,2011-07-31 14:39:00,234,68,United Kingdom,25.5,78.0
12943,557,2,496.5,19.86,14.995554896924176,25,1,2,2,122,Dormant,2010-04-13 11:03:00,2010-05-30 13:52:00,47,22,United Kingdom,79.19999999999999,23.5
12944,35,2,604.51,20.150333333333332,7.678847113239445,30,4,2,2,422,Standard,2010-12-20 10:41:00,2011-11-04 11:04:00,319,29,United Kingdom,39.8,159.5
12945,287,2,900.11,17.64921568627451,6.761484701790651,51,2,2,3,223,Dormant,2010-02-21 15:18:00,2011-02-24 14:15:00,367,47,United Kingdom,58.0,183.5
12946,436,1,324.45,16.2225,3.374380060021942,20,1,1,2,112,Dormant,2010-09-29 10:14:00,2010-09-29 10:14:00,0,20,United Kingdom,23.4,0.0
12947,143,6,1908.03,16.737105263157893,13.87543495124267,114,3,4,4,344,Standard,2010-12-01 16:21:00,2011-07-19 10:06:00,229,83,United Kingdom,130.0,38.166666666666664
12948,15,9,2317.43,18.53944,8.370326457579273,125,5,5,4,554,Champions,2009-12-02 12:28:00,2011-11-23 17:10:00,721,89,United Kingdom,49.5,80.11111111111111
12949,30,22,15526.7,21.715664335664336,10.654750729531889,715,4,5,5,455,Champions,2009-12-03 15:56:00,2011-11-09 11:25:00,705,347,United Kingdom,76.19999999999999,32.04545454545455
12950,1,3,1843.0,80.1304347826087,66.61718611714254,23,5,3,4,534,Loyal,2011-11-15 13:48:00,2011-12-07 13:17:00,21,13,United Kingdom,179.0,7.0
12951,8,15,3213.7200000000003,16.56556701030928,5.921191847024442,194,5,5,5,555,Champions,2010-01-10 12:43:00,2011-12-01 12:14:00,689,110,United Kingdom,35.7,45.93333333333333
12952,5,4,1387.79,17.566962025316457,5.732306412451427,79,5,3,4,534,Loyal,2011-09-22 16:37:00,2011-12-04 10:35:00,72,64,United Kingdom,33.9,18.0
12953,9,2,828.8100000000001,17.266875000000002,5.166589539861306,48,5,2,3,523,Standard,2010-07-05 13:37:00,2011-11-30 09:24:00,512,45,United Kingdom,35.400000000000006,256.0
12954,638,1,162.45,16.244999999999997,5.29813646483365,10,1,1,1,111,Dormant,2010-03-11 10:16:00,2010-03-11 10:16:00,0,10,United Kingdom,25.5,0.0
12955,0,11,4757.16,26.428666666666665,21.355406689181432,180,5,5,5,555,Champions,2011-03-17 09:03:00,2011-12-08 16:29:00,266,81,United Kingdom,157.92000000000002,24.181818181818183
12956,305,4,521.89,12.425952380952381,8.246113662463214,42,2,3,2,232,Standard,2009-12-15 19:03:00,2011-02-06 16:08:00,417,42,United Kingdom,35.400000000000006,104.25
12957,9,13,8706.97,17.769326530612243,7.716077825535732,490,5,5,5,555,Champions,2009-12-11 12:01:00,2011-11-30 09:53:00,718,402,United Kingdom,76.5,55.23076923076923
12958,399,2,539.49,9.464736842105264,11.398280275246906,57,2,2,2,222,Dormant,2010-05-05 16:22:00,2010-11-04 16:16:00,182,45,United Kingdom,65.69999999999999,91.0
12959,483,1,150.95,18.86875,13.117734383541347,8,1,1,1,111,Dormant,2010-08-12 17:20:00,2010-08-12 17:20:00,0,8,United Kingdom,40.8,0.0
12960,413,4,1322.0700000000002,18.886714285714287,9.948268907956319,70,1,3,4,134,Standard,2010-02-16 13:32:00,2010-10-22 09:31:00,247,49,United Kingdom,70.80000000000001,61.75
12961,378,1,211.99,5.29975,4.062610306194775,40,2,1,1,211,Dormant,2010-11-25 16:44:00,2010-11-25 16:44:00,0,37,United Kingdom,17.700000000000003,0.0
12962,6,2,266.39,16.649375,7.712389572413123,16,5,2,1,521,Standard,2011-08-18 13:38:00,2011-12-02 15:55:00,106,15,United Kingdom,35.400000000000006,53.0
12963,7,12,3601.59,18.955736842105264,7.944886561182863,190,5,5,5,555,Champions,2010-07-08 14:45:00,2011-12-01 12:55:00,510,129,United Kingdom,53.1,42.5
12964,436,1,132.24,5.086153846153847,2.4959055702058555,26,1,1,1,111,Dormant,2010-09-28 17:47:00,2010-09-28 17:47:00,0,26,United Kingdom,9.9,0.0
12965,88,1,771.91,7.081743119266055,5.503246658587378,109,3,1,3,313,Standard,2011-09-11 15:31:00,2011-09-11 15:31:00,0,108,United Kingdom,31.8,0.0
12966,9,1,160.18,16.018,3.963964906224295,10,5,1,1,511,Standard,2011-11-30 12:38:00,2011-11-30 12:38:00,0,10,United Kingdom,25.200000000000003,0.0
12967,357,3,4306.92,53.8365,52.915776764901715,80,2,3,5,235,At_Risk_HighValue,2010-11-21 11:03:00,2010-12-16 19:10:00,25,47,United Kingdom,204.0,8.333333333333334
12968,111,1,135.95,27.189999999999998,21.266182073893752,5,3,1,1,311,Standard,2011-08-19 15:44:00,2011-08-19 15:44:00,0,5,United Kingdom,61.2,0.0
12969,602,1,122.45,24.490000000000002,21.878939645238752,5,1,1,1,111,Dormant,2010-04-16 10:50:00,2010-04-16 10:50:00,0,5,United Kingdom,63.5,0.0
12970,6,10,1524.97,3.9816449086161882,5.031990920848999,383,5,5,4,554,Champions,2009-12-04 14:19:00,2011-12-02 14:30:00,728,280,United Kingdom,60.0,72.8
12971,3,116,15972.79,37.58303529411765,37.632009150445604,425,5,5,5,555,Champions,2009-12-15 19:04:00,2011-12-06 12:20:00,720,102,United Kingdom,230.4,6.206896551724138
12972,413,4,1161.2,15.08051948051948,10.270102738186457,77,1,3,3,133,Standard,2010-02-16 14:30:00,2010-10-22 08:41:00,247,69,United Kingdom,59.8,61.75
12973,413,1,385.55,64.25833333333334,110.64772214856781,6,1,1,2,112,Dormant,2010-10-22 10:14:00,2010-10-22 10:14:00,0,6,United Kingdom,290.0,0.0
12974,197,2,408.95,12.7796875,6.774744125331206,32,2,2,2,222,Dormant,2010-05-23 11:45:00,2011-05-26 09:33:00,367,27,United Kingdom,35.7,183.5
12975,436,6,2100.09,18.750803571428573,11.505778425916846,112,1,4,4,144,Standard,2009-12-06 10:38:00,2010-09-29 09:46:00,296,92,United Kingdom,107.4,49.333333333333336
12976,211,8,3156.38,20.495974025974025,23.61100013714889,154,2,4,5,245,At_Risk_HighValue,2010-02-12 15:46:00,2011-05-12 09:55:00,453,106,United Kingdom,145.0,56.625
12977,155,4,517.63,8.773389830508474,18.038146228074883,59,3,3,2,332,Standard,2010-07-16 16:25:00,2011-07-06 16:40:00,355,54,United Kingdom,125.0,88.75
12978,384,5,2502.82,15.35472392638037,13.053958120374757,163,2,4,4,244,At_Risk_HighValue,2009-12-10 12:10:00,2010-11-19 14:29:00,344,126,United Kingdom,67.5,68.8
12979,728,1,517.7,9.244642857142859,11.816071946030382,56,1,1,2,112,Dormant,2009-12-10 15:45:00,2009-12-10 15:45:00,0,56,United Arab Emirates,66.0,0.0
12980,157,21,16245.78,312.4188461538462,229.75415868692488,52,3,5,5,355,Standard,2009-12-02 11:26:00,2011-07-05 09:34:00,579,7,United Kingdom,838.8000000000001,27.571428571428573
12981,29,2,372.21999999999997,18.610999999999997,7.948374146889876,20,4,2,2,422,Standard,2011-07-29 14:14:00,2011-11-10 12:00:00,103,12,United Kingdom,34.68,51.5
12982,242,8,2744.81,15.420280898876404,6.254682443020023,178,2,4,4,244,At_Risk_HighValue,2010-04-12 13:50:00,2011-04-11 11:51:00,363,139,United Kingdom,50.400000000000006,45.375
12983,597,1,490.08,16.336,7.039150418956088,30,1,1,2,112,Dormant,2010-04-20 12:58:00,2010-04-20 12:58:00,0,30,United Kingdom,30.6,0.0
12984,18,1,97.5,24.375,6.551526539669972,4,5,1,1,511,Standard,2011-11-21 12:37:00,2011-11-21 12:37:00,0,4,United Kingdom,30.0,0.0
12985,0,2,1239.38,16.30763157894737,7.834755876804509,76,5,2,3,523,Standard,2011-11-11 12:44:00,2011-12-09 10:46:00,27,73,United Kingdom,47.400000000000006,13.5
12986,428,10,2729.84,26.763137254901963,34.0466737585418,102,1,5,4,154,At_Risk_HighValue,2010-01-21 10:45:00,2010-10-07 11:57:00,259,61,United Kingdom,232.50000000000003,25.9
12987,73,5,1312.21,19.881969696969698,8.231046147118278,66,3,4,4,344,Standard,2010-01-20 09:57:00,2011-09-27 12:03:00,615,61,United Kingdom,49.95,123.0
12988,291,1,535.32,5.818695652173914,5.5297757873175,92,2,1,2,212,Dormant,2011-02-20 14:31:00,2011-02-20 14:31:00,0,75,United Kingdom,29.85,0.0
12989,2,33,13551.75,139.70876288659792,165.72124264268882,97,5,5,5,555,Champions,2009-12-10 13:27:00,2011-12-06 15:28:00,726,50,United Kingdom,810.0,22.0
12990,30,7,955.5,35.388888888888886,15.542951242712348,27,4,4,3,443,Loyal,2010-03-30 11:36:00,2011-11-08 13:01:00,588,9,United Kingdom,58.5,84.0
12991,22,3,764.82,16.996000000000002,8.149506789314977,45,4,3,3,433,Loyal,2010-11-15 13:43:00,2011-11-16 15:34:00,366,45,United Kingdom,42.5,122.0
12992,724,1,93.35,15.558333333333332,1.1778865253778346,6,1,1,1,111,Dormant,2009-12-14 16:46:00,2009-12-14 16:46:00,0,6,United Kingdom,17.85,0.0
12993,22,8,1259.63,16.574078947368424,4.106496049799335,76,4,4,4,444,Champions,2010-02-18 10:35:00,2011-11-16 15:49:00,636,57,United Kingdom,26.4,79.5
12994,3,3,974.42,15.974098360655738,4.064516526004531,61,5,3,3,533,Loyal,2011-03-16 08:31:00,2011-12-05 15:43:00,264,52,United Kingdom,25.5,88.0
12995,84,1,211.32,70.44,55.91060006832336,3,3,1,1,311,Standard,2011-09-15 15:44:00,2011-09-15 15:44:00,0,3,United Kingdom,135.0,0.0
12996,375,1,355.5,16.15909090909091,5.782231328319469,22,2,1,2,212,Dormant,2010-11-29 09:27:00,2010-11-29 09:27:00,0,22,United Kingdom,29.85,0.0
12997,21,8,2110.91,19.728130841121494,13.153097929861634,107,4,4,4,444,Champions,2010-04-06 11:06:00,2011-11-17 15:47:00,590,65,United Kingdom,83.2,73.75
12998,492,3,920.08,15.86344827586207,13.892551273371014,58,1,3,3,133,Standard,2010-02-24 11:55:00,2010-08-04 08:05:00,160,58,United Kingdom,93.6,53.333333333333336
12999,195,3,455.88,16.28142857142857,13.59014558946508,28,2,3,2,232,Standard,2011-04-08 10:26:00,2011-05-27 13:24:00,49,25,United Kingdom,76.5,16.333333333333332
13000,106,4,1032.5,16.653225806451612,9.341414884616583,62,3,3,3,333,Standard,2009-12-14 17:03:00,2011-08-25 10:43:00,618,57,United Kingdom,76.32000000000001,154.5
13001,3,33,24172.100000000002,23.559551656920082,32.387914584237535,1026,5,5,5,555,Champions,2009-12-03 16:21:00,2011-12-05 14:51:00,731,300,United Kingdom,415.00000000000006,22.151515151515152
13002,317,3,414.13,18.00565217391304,6.463808915159825,23,2,3,2,232,Standard,2010-10-01 11:58:00,2011-01-25 15:18:00,116,19,United Kingdom,35.400000000000006,38.666666666666664
13003,105,3,149.05,24.84166666666667,18.582314620807242,6,3,3,1,331,HighEngagement_LowValue,2011-05-09 08:23:00,2011-08-26 10:50:00,109,4,United Kingdom,60.0,36.333333333333336
13004,11,36,11650.85,14.295521472392638,5.828442182260925,815,5,5,5,555,Champions,2009-12-15 09:44:00,2011-11-28 11:27:00,713,417,United Kingdom,59.400000000000006,19.805555555555557
13005,173,4,999.68,17.85142857142857,10.101847072972065,56,3,3,3,333,Standard,2010-09-08 12:52:00,2011-06-19 10:53:00,283,41,United Kingdom,75.0,70.75
13006,55,1,81.57,20.3925,17.128158832752572,4,4,1,1,411,Standard,2011-10-14 13:49:00,2011-10-14 13:49:00,0,4,United Kingdom,38.25,0.0
13007,579,1,175.25,15.931818181818182,5.734556335379081,11,1,1,1,111,Dormant,2010-05-09 10:38:00,2010-05-09 10:38:00,0,11,United Kingdom,25.5,0.0
13008,322,3,612.13,17.489428571428572,8.309672586052653,35,2,3,2,232,Standard,2009-12-16 16:07:00,2011-01-20 14:24:00,399,31,United Kingdom,51.0,133.0
13009,672,1,234.0,58.5,0.0,4,1,1,1,111,Dormant,2010-02-05 12:22:00,2010-02-05 12:22:00,0,4,United Kingdom,58.5,0.0
13010,373,2,330.12,27.51,15.352700680395555,12,2,2,2,222,Dormant,2010-03-01 11:28:00,2010-11-30 15:09:00,274,10,United Kingdom,51.0,137.0
13011,371,1,101.10000000000001,16.85,1.4345731072343448,6,2,1,1,211,Dormant,2010-12-02 17:22:00,2010-12-02 17:22:00,0,3,United Kingdom,17.85,0.0
13012,8,11,2972.83,19.30409090909091,9.017295191289069,154,5,5,5,555,Champions,2010-04-26 14:14:00,2011-11-30 13:05:00,582,95,United Kingdom,50.400000000000006,52.90909090909091
13013,0,29,12625.77,22.790198555956678,16.610051526547803,554,5,5,5,555,Champions,2009-12-14 10:34:00,2011-12-08 15:01:00,724,289,United Kingdom,212.0,24.96551724137931
13014,10,11,5381.08,24.02267857142857,22.23792691979049,224,5,5,5,555,Champions,2010-10-03 11:35:00,2011-11-29 12:27:00,422,140,United Kingdom,175.2,38.36363636363637
13015,52,11,6586.42,18.872263610315187,22.266224609643444,349,4,5,5,455,Champions,2010-04-15 16:35:00,2011-10-17 13:19:00,549,260,United Kingdom,295.0,49.90909090909091
13016,72,3,789.89,16.806170212765956,5.488934541892478,47,3,3,3,333,Standard,2011-08-08 15:00:00,2011-09-27 14:08:00,49,39,United Kingdom,34.68,16.333333333333332
13017,6,1,204.0,204.0,0.0,1,5,1,1,511,Standard,2011-12-02 15:53:00,2011-12-02 15:53:00,0,1,United Kingdom,204.0,0.0
13018,15,35,9763.16,16.190978441127694,8.721949811223473,603,5,5,5,555,Champions,2010-03-01 12:34:00,2011-11-23 13:28:00,632,401,United Kingdom,125.0,18.057142857142857
13019,378,6,1229.95,22.362727272727273,7.131351348368137,55,2,4,3,243,Standard,2009-12-06 15:40:00,2010-11-25 14:56:00,353,46,United Kingdom,50.400000000000006,58.833333333333336
13020,562,2,618.96,15.870769230769232,5.1386704120072615,39,1,2,3,123,Dormant,2010-02-18 10:35:00,2010-05-26 11:12:00,97,38,United Kingdom,35.400000000000006,48.5
13021,3,17,4887.24,19.016498054474706,9.82400254324696,257,5,5,5,555,Champions,2009-12-05 12:02:00,2011-12-05 16:37:00,730,166,United Kingdom,75.60000000000001,42.94117647058823
13022,429,1,65.3,13.059999999999999,2.1232051243344348,5,1,1,1,111,Dormant,2010-10-06 10:50:00,2010-10-06 10:50:00,0,5,Belgium,15.0,0.0
13023,63,3,1449.03,19.066184210526316,14.82664619007326,76,3,3,4,334,Standard,2010-06-29 09:51:00,2011-10-06 16:27:00,464,69,United Kingdom,108.0,154.66666666666666
13024,470,2,555.87,17.931290322580644,5.381630943580507,31,1,2,2,122,Dormant,2010-05-06 14:25:00,2010-08-26 09:42:00,111,26,United Kingdom,30.0,55.5
13025,731,1,323.39,24.876153846153844,20.75424034523288,13,1,1,2,112,Dormant,2009-12-08 10:02:00,2009-12-08 10:02:00,0,13,United Kingdom,90.0,0.0
13026,0,9,1733.08,21.13512195121951,21.519566648758904,82,5,5,4,554,Champions,2009-12-13 11:34:00,2011-12-08 16:58:00,725,52,United Kingdom,159.36,80.55555555555556
13027,113,19,17335.2,201.57209302325583,132.18057937904297,86,3,5,5,355,Standard,2010-01-20 10:41:00,2011-08-18 09:39:00,574,7,United Kingdom,672.0,30.210526315789473
13028,22,2,661.3199999999999,14.695999999999998,7.145371801510276,45,4,2,3,423,Standard,2011-10-25 14:09:00,2011-11-17 11:10:00,22,40,United Kingdom,37.44,11.0
13029,30,5,1927.3,113.37058823529412,158.46042788621503,17,4,4,4,444,Champions,2010-07-04 13:46:00,2011-11-09 09:13:00,492,13,United Kingdom,449.1,98.4
13030,10,2,1227.22,7.718364779874214,8.143581294275462,159,5,2,3,523,Standard,2010-12-06 14:31:00,2011-11-28 14:30:00,356,76,United Kingdom,47.400000000000006,178.0
13031,406,5,3419.27,7.860390804597701,6.626348299207018,435,2,4,5,245,At_Risk_HighValue,2010-06-03 14:57:00,2010-10-28 15:34:00,147,275,United Kingdom,52.2,29.4
13032,51,9,2843.55,13.412971698113209,10.953328570209502,212,4,5,4,454,Champions,2010-09-05 14:01:00,2011-10-18 15:54:00,408,147,United Kingdom,90.0,45.333333333333336
13033,356,2,220.55,16.965384615384615,3.7826018721346975,13,2,2,1,221,Dormant,2010-10-06 09:37:00,2010-12-17 14:23:00,72,12,United Kingdom,19.5,36.0
13034,54,3,922.68,16.776,4.615231866893057,55,4,3,3,433,Loyal,2010-11-03 15:22:00,2011-10-16 12:21:00,346,42,United Kingdom,30.0,115.33333333333333
13035,73,3,1364.2,32.48095238095238,24.39386046404178,42,3,3,4,334,Standard,2010-10-04 15:41:00,2011-09-27 08:57:00,357,27,United Kingdom,102.0,119.0
13036,684,1,307.1,51.18333333333334,24.710355454073635,6,1,1,2,112,Dormant,2010-01-24 11:35:00,2010-01-24 11:35:00,0,6,United Kingdom,79.6,0.0
13037,137,12,3914.9500000000003,16.87478448275862,7.715779241528404,232,3,5,5,355,Standard,2009-12-03 17:04:00,2011-07-24 15:46:00,597,181,United Kingdom,58.5,49.75
13038,79,3,908.46,32.445,30.38389369873941,28,3,3,3,333,Standard,2011-02-22 11:43:00,2011-09-20 14:37:00,210,24,United Kingdom,102.0,70.0
13039,583,4,1010.73,18.37690909090909,6.70319793021081,55,1,3,3,133,Standard,2009-12-17 16:43:00,2010-05-04 16:45:00,138,37,United Kingdom,51.0,34.5
13040,8,2,676.99,15.743953488372092,4.582475490041686,43,5,2,3,523,Standard,2011-11-06 13:53:00,2011-12-01 10:38:00,24,38,United Kingdom,34.68,12.0
13041,450,4,799.13,22.832285714285714,14.672432952291715,35,1,3,3,133,Standard,2010-04-29 08:43:00,2010-09-15 11:44:00,139,23,United Kingdom,58.5,34.75
13042,597,3,1556.54,7.82180904522613,6.2660319426880084,199,1,3,4,134,Standard,2009-12-07 15:42:00,2010-04-20 13:43:00,133,164,United Kingdom,31.200000000000003,44.333333333333336
13043,272,1,516.42,39.72461538461538,28.31508920916685,13,2,1,2,212,Dormant,2011-03-11 14:52:00,2011-03-11 14:52:00,0,13,United Kingdom,120.0,0.0
13044,290,11,4853.9,11.584486873508352,12.955997887280237,419,2,5,5,255,At_Risk_HighValue,2010-01-08 14:46:00,2011-02-21 15:20:00,409,356,United Kingdom,102.0,37.18181818181818
13045,98,3,808.9200000000001,17.976000000000003,7.689349600111006,45,3,3,3,333,Standard,2010-08-10 13:02:00,2011-09-01 15:04:00,387,41,United Kingdom,41.6,129.0
13046,30,3,949.25,16.950892857142858,10.036951959776292,56,4,3,3,433,Loyal,2010-09-09 13:09:00,2011-11-09 08:36:00,425,50,United Kingdom,85.0,141.66666666666666
13047,31,24,8795.16,22.266227848101266,15.889981845313732,395,4,5,5,455,Champions,2009-12-16 11:43:00,2011-11-08 12:06:00,692,190,United Kingdom,163.2,28.833333333333332
13048,13,9,4084.21,15.239589552238806,10.911346095403319,268,5,5,5,555,Champions,2010-01-27 12:55:00,2011-11-25 13:23:00,667,125,United Kingdom,103.68,74.11111111111111
13049,63,4,1408.24,54.16307692307692,49.678344478795246,26,3,3,4,334,Standard,2010-11-03 15:39:00,2011-10-06 15:31:00,336,19,United Kingdom,177.60000000000002,84.0
13050,14,35,12344.53,12.23442021803766,8.859886185503004,1009,5,5,5,555,Champions,2009-12-15 15:06:00,2011-11-25 09:18:00,709,513,United Kingdom,92.03,20.257142857142856
13051,578,2,155.8,38.95,24.722661669003198,4,1,2,1,121,Dormant,2010-03-30 11:11:00,2010-05-10 09:14:00,40,4,United Kingdom,75.0,20.0
13052,211,7,3168.53,12.523833992094863,10.972878104351976,253,2,4,5,245,At_Risk_HighValue,2010-02-23 12:31:00,2011-05-11 14:12:00,442,161,United Kingdom,70.80000000000001,63.142857142857146
13053,621,1,127.65,7.508823529411765,8.124081396035603,17,1,1,1,111,Dormant,2010-03-28 11:28:00,2010-03-28 11:28:00,0,17,United Kingdom,34.0,0.0
13055,77,4,2321.11,15.072142857142858,5.834731705139639,154,3,3,4,334,Standard,2010-10-06 08:17:00,2011-09-22 14:26:00,351,145,United Kingdom,40.8,87.75
13056,550,1,209.48,11.025263157894736,5.465265438731176,19,1,1,1,111,Dormant,2010-06-06 14:10:00,2010-06-06 14:10:00,0,18,United Kingdom,21.0,0.0
13057,529,3,722.09,17.611951219512196,28.61388755652683,41,1,3,3,133,Standard,2010-03-18 12:14:00,2010-06-27 15:44:00,101,34,United Kingdom,132.0,33.666666666666664
13058,24,3,271.40000000000003,33.925000000000004,37.248451549791206,8,4,3,1,431,HighEngagement_LowValue,2011-07-11 12:01:00,2011-11-15 12:43:00,127,5,United Kingdom,123.75,42.333333333333336
13059,249,10,2303.17,11.401831683168318,8.630862596841544,202,2,5,4,254,Standard,2010-03-31 12:23:00,2011-04-04 10:40:00,368,155,United Kingdom,89.25,36.8
13060,253,1,307.53000000000003,20.502000000000002,12.509541615445848,15,2,1,2,212,Dormant,2011-03-31 11:37:00,2011-03-31 11:37:00,0,15,United Kingdom,61.2,0.0
13061,71,1,248.61,24.861,15.128490010572769,10,3,1,1,311,Standard,2011-09-28 16:04:00,2011-09-28 16:04:00,0,10,United Kingdom,51.75,0.0
13062,190,1,346.98,31.543636363636367,28.294397775081645,11,2,1,2,212,Dormant,2011-06-01 15:12:00,2011-06-01 15:12:00,0,11,United Kingdom,102.0,0.0
13063,480,1,188.4,15.700000000000001,5.326776272244354,12,1,1,1,111,Dormant,2010-08-16 12:27:00,2010-08-16 12:27:00,0,12,United Kingdom,30.0,0.0
13064,12,6,1680.74,17.880212765957445,15.164816735487136,94,5,4,4,544,Champions,2010-04-27 10:08:00,2011-11-27 12:31:00,579,58,United Kingdom,125.0,96.5
13065,372,5,1260.91,16.59092105263158,4.793606624837317,76,2,4,4,244,Standard,2010-06-10 11:44:00,2010-12-01 16:52:00,174,49,United Kingdom,30.6,34.8
13066,23,2,470.8,9.808333333333334,7.57980697372072,48,4,2,2,422,Standard,2011-11-07 17:06:00,2011-11-15 12:57:00,7,48,United Kingdom,39.9,3.5
13067,81,3,508.51,15.8909375,13.22122861875991,32,3,3,2,332,Standard,2010-09-19 13:43:00,2011-09-18 13:38:00,363,24,United Kingdom,45.0,121.0
13068,9,2,344.0,172.0,9.899494936611665,2,5,2,2,522,Standard,2011-01-24 08:20:00,2011-11-29 15:00:00,309,1,United Kingdom,179.0,154.5
13069,0,38,9683.13,8.676639784946236,19.22048789409804,1116,5,5,5,555,Champions,2010-06-14 14:27:00,2011-12-09 08:39:00,542,573,United Kingdom,244.8,14.263157894736842
13070,191,4,751.7,22.77878787878788,8.912097030713282,33,2,3,3,233,Standard,2009-12-07 14:44:00,2011-05-31 13:45:00,539,12,United Kingdom,58.5,134.75
13071,611,1,129.22,10.768333333333333,10.431910688175037,12,1,1,1,111,Dormant,2010-04-06 13:37:00,2010-04-06 13:37:00,0,12,United Kingdom,25.5,0.0
13072,266,1,177.15,25.307142857142857,9.165443641355129,7,2,1,1,211,Dormant,2011-03-18 08:12:00,2011-03-18 08:12:00,0,7,United Kingdom,35.400000000000006,0.0
13073,410,2,418.08,15.484444444444444,4.959652076300183,27,1,2,2,122,Dormant,2010-09-28 09:27:00,2010-10-24 14:06:00,26,25,United Kingdom,33.9,13.0
13074,510,4,1378.74,47.54275862068965,60.04532947797211,29,1,3,4,134,Standard,2009-12-16 11:46:00,2010-07-16 16:53:00,212,26,United Kingdom,290.0,53.0
13075,129,1,919.61,41.80045454545455,24.03382863447205,22,3,1,3,313,Standard,2011-08-02 10:19:00,2011-08-02 10:19:00,0,22,United Kingdom,102.0,0.0
13076,457,1,135.4,15.044444444444444,2.6538232378547337,9,1,1,1,111,Dormant,2010-09-08 10:27:00,2010-09-08 10:27:00,0,9,United Kingdom,17.85,0.0
13077,0,11,3064.67,8.831902017291066,10.086425597949592,347,5,5,5,555,Champions,2009-12-11 11:17:00,2011-12-08 19:24:00,727,208,United Kingdom,82.80000000000001,66.0909090909091
13078,2,57,29532.45,36.86947565543071,37.048602803948214,801,5,5,5,555,Champions,2009-12-01 09:06:00,2011-12-06 15:36:00,735,153,United Kingdom,237.6,12.894736842105264
13079,3,6,419.18,24.657647058823528,19.030429425466128,17,5,4,2,542,Loyal,2010-10-18 14:15:00,2011-12-05 16:53:00,413,11,United Kingdom,95.2,68.83333333333333
13080,178,4,280.73,14.775263157894738,4.909874821238718,19,3,3,1,331,HighEngagement_LowValue,2010-04-09 13:07:00,2011-06-13 14:59:00,430,17,United Kingdom,20.1,107.5
13081,11,28,59205.15,25.150870858113848,26.74610121934607,2354,5,5,5,555,Champions,2009-12-08 13:58:00,2011-11-28 10:54:00,719,738,United Kingdom,207.50000000000003,25.678571428571427
13082,125,21,7335.75,56.866279069767444,105.13763597564153,129,3,5,5,355,Standard,2009-12-22 15:37:00,2011-08-05 16:16:00,591,99,United Kingdom,864.0,28.142857142857142
13083,3,3,395.43,17.974090909090908,11.832957469184635,22,5,3,2,532,Loyal,2010-10-10 13:38:00,2011-12-05 15:01:00,421,19,United Kingdom,40.8,140.33333333333334
13084,491,1,122.39999999999999,61.199999999999996,28.84995667241114,2,1,1,1,111,Dormant,2010-08-05 08:49:00,2010-08-05 08:49:00,0,2,United Kingdom,81.6,0.0
13085,157,8,2433.28,28.96761904761905,19.609510946578197,84,3,4,4,344,Standard,2009-12-01 07:45:00,2011-07-05 12:11:00,581,50,United Kingdom,100.8,72.625
13086,382,1,439.33000000000004,9.34744680851064,8.688068897378027,47,2,1,2,212,Dormant,2010-11-22 10:28:00,2010-11-22 10:28:00,0,47,United Kingdom,35.400000000000006,0.0
13087,725,1,313.64,20.909333333333333,11.685134919855997,15,1,1,2,112,Dormant,2009-12-13 15:16:00,2009-12-13 15:16:00,0,15,United Kingdom,53.1,0.0
13088,416,1,236.11,11.8055,8.307490263231381,20,1,1,1,111,Dormant,2010-10-18 15:35:00,2010-10-18 15:35:00,0,19,United Kingdom,38.25,0.0
13089,2,203,116737.86,34.72274241522903,50.10156475055154,3362,5,5,5,555,Champions,2009-12-02 15:44:00,2011-12-07 09:02:00,734,857,United Kingdom,1051.1999999999998,3.6157635467980294
13090,8,24,14103.09,49.83424028268551,94.69283256990607,283,5,5,5,555,Champions,2010-08-02 13:58:00,2011-12-01 12:39:00,485,163,United Kingdom,612.0,20.208333333333332
13091,27,3,2321.82,51.596000000000004,178.06880823281358,45,4,3,4,434,Loyal,2009-12-10 11:50:00,2011-11-11 15:54:00,701,41,United Kingdom,1213.02,233.66666666666666
13092,70,12,2140.28,20.38361904761905,9.70023533852198,105,3,5,4,354,Standard,2010-02-10 08:44:00,2011-09-30 11:18:00,597,52,United Kingdom,59.7,49.75
13093,275,55,54943.65,52.327285714285715,64.97881803698486,1050,2,5,5,255,At_Risk_HighValue,2009-12-04 10:32:00,2011-03-09 12:14:00,460,199,United Kingdom,734.4000000000001,8.363636363636363
13094,20,13,2433.1200000000003,76.03500000000001,22.80950226437191,32,4,5,4,454,Champions,2010-11-15 14:15:00,2011-11-18 14:07:00,367,5,United Kingdom,152.64,28.23076923076923
13095,70,1,74.39999999999999,12.399999999999999,3.5155426323684367,6,3,1,1,311,Standard,2011-09-30 12:03:00,2011-09-30 12:03:00,0,6,United Kingdom,17.4,0.0
13096,393,1,419.7000000000001,419.7000000000001,0.0,1,2,1,2,212,Dormant,2010-11-10 14:08:00,2010-11-10 14:08:00,0,1,United Kingdom,419.7000000000001,0.0
13097,32,28,13389.22,13.165408062930187,15.2188390381445,1017,4,5,5,455,Champions,2009-12-01 13:31:00,2011-11-07 10:43:00,705,390,United Kingdom,308.74,25.178571428571427
13098,0,28,28882.44,50.49377622377622,57.636907533787905,572,5,5,5,555,Champions,2011-01-26 13:46:00,2011-12-08 14:14:00,316,156,United Kingdom,499.2000000000001,11.285714285714286
13099,98,1,207.36,207.36,0.0,1,3,1,1,311,Standard,2011-09-01 17:40:00,2011-09-01 17:40:00,0,1,United Kingdom,207.36,0.0
13101,233,4,695.4,13.635294117647058,15.03699682156529,51,2,3,3,233,Standard,2010-01-27 15:49:00,2011-04-19 14:37:00,446,48,United Kingdom,81.36,111.5
13102,0,37,11696.92,23.774227642276422,19.733948573110215,492,5,5,5,555,Champions,2010-05-06 13:12:00,2011-12-08 12:52:00,580,212,United Kingdom,257.76,15.675675675675675
13103,39,3,709.64,21.504242424242424,12.440269046101612,33,4,3,3,433,Loyal,2010-05-11 14:41:00,2011-10-31 09:38:00,537,27,United Kingdom,51.0,179.0
13104,2,9,1709.1,56.97,43.44615145052631,30,5,5,4,554,Champions,2010-02-24 15:06:00,2011-12-06 13:10:00,649,15,United Kingdom,162.72,72.11111111111111
13105,435,1,72.0,72.0,0.0,1,1,1,1,111,Dormant,2010-09-29 13:41:00,2010-09-29 13:41:00,0,1,United Kingdom,72.0,0.0
13106,132,2,603.46,37.71625,45.56227926329703,16,3,2,2,322,Standard,2010-10-22 13:10:00,2011-07-29 15:12:00,280,15,United Kingdom,165.0,140.0
13107,43,9,5253.07,29.511629213483143,26.224010392376687,178,4,5,5,455,Champions,2010-02-04 10:50:00,2011-10-26 14:52:00,629,142,United Kingdom,175.2,69.88888888888889
13108,372,2,1098.52,24.411555555555555,21.336454714829728,45,2,2,3,223,Dormant,2010-09-30 17:09:00,2010-12-02 10:35:00,62,27,United Kingdom,102.0,31.0
13109,59,3,1134.03,16.20042857142857,6.402463845421187,70,3,3,3,333,Standard,2010-06-06 12:59:00,2011-10-11 10:16:00,491,57,United Kingdom,51.0,163.66666666666666
13110,30,12,2957.4700000000003,11.735992063492064,10.932854366064621,252,4,5,4,454,Champions,2009-12-01 14:14:00,2011-11-08 14:30:00,707,167,United Kingdom,70.80000000000001,58.916666666666664
13111,718,1,321.88000000000005,26.823333333333338,34.04955194828249,12,1,1,2,112,Dormant,2009-12-21 09:00:00,2009-12-21 09:00:00,0,12,United Kingdom,130.8,0.0
13112,540,1,20.599999999999998,10.299999999999999,12.162236636408617,2,1,1,1,111,Dormant,2010-06-16 17:03:00,2010-06-16 17:03:00,0,2,United Kingdom,18.9,0.0
13113,0,37,18625.73,47.51461734693878,103.03205179725101,392,5,5,5,555,Champions,2010-03-28 16:13:00,2011-12-09 12:49:00,620,166,United Kingdom,1700.0,16.756756756756758
13114,730,1,234.38,14.64875,4.5627942827467765,16,1,1,1,111,Dormant,2009-12-09 09:56:00,2009-12-09 09:56:00,0,16,United Kingdom,27.0,0.0
13115,11,10,5494.7,17.49904458598726,9.23763141871539,314,5,5,5,555,Champions,2010-04-19 13:29:00,2011-11-28 12:38:00,587,178,United Kingdom,71.4,58.7
13116,137,1,501.14,16.704666666666665,8.02050937127516,30,3,1,2,312,Standard,2011-07-24 14:33:00,2011-07-24 14:33:00,0,30,United Kingdom,31.9,0.0
13117,21,18,2643.81,14.06281914893617,8.45182554904578,188,4,5,4,454,Champions,2010-03-26 13:50:00,2011-11-18 12:02:00,601,122,United Kingdom,93.0,33.388888888888886
13118,19,9,2415.41,16.320337837837837,16.723245031239752,148,4,5,4,454,Champions,2010-09-26 15:46:00,2011-11-20 12:46:00,419,111,United Kingdom,76.5,46.55555555555556
13119,668,1,134.9,12.263636363636364,2.3838090222468447,11,1,1,1,111,Dormant,2010-02-09 08:38:00,2010-02-09 08:38:00,0,11,United Kingdom,15.0,0.0
13120,238,1,30.6,30.6,0.0,1,2,1,1,211,Dormant,2011-04-15 10:19:00,2011-04-15 10:19:00,0,1,United Kingdom,30.6,0.0
13121,268,1,283.73,5.674600000000001,3.7968145671263507,50,2,1,1,211,Dormant,2011-03-15 16:47:00,2011-03-15 16:47:00,0,50,United Kingdom,20.28,0.0
13122,93,2,922.39,16.77072727272727,4.76560549747624,55,3,2,3,323,Standard,2011-04-13 14:12:00,2011-09-06 15:53:00,146,54,United Kingdom,30.6,73.0
13123,472,2,506.75,11.261111111111111,5.481874771471983,45,1,2,2,122,Dormant,2010-06-28 12:43:00,2010-08-24 10:18:00,56,36,United Kingdom,29.700000000000003,28.0
13124,89,4,4782.45,16.048489932885907,12.923812415136997,298,3,3,5,335,Standard,2010-11-19 15:50:00,2011-09-11 12:45:00,295,216,United Kingdom,114.75,73.75
13125,523,1,158.57,7.55095238095238,3.1064125688032886,21,1,1,1,111,Dormant,2010-07-04 11:58:00,2010-07-04 11:58:00,0,20,United Kingdom,12.75,0.0
13126,4,13,3998.25,15.929282868525897,7.408840738176615,251,5,5,5,555,Champions,2010-03-02 12:24:00,2011-12-05 10:00:00,642,183,United Kingdom,47.7,49.38461538461539
13127,77,1,259.17,17.278000000000002,6.868984329162917,15,3,1,1,311,Standard,2011-09-23 10:26:00,2011-09-23 10:26:00,0,15,United Kingdom,34.68,0.0
13128,630,1,263.5,263.5,0.0,1,1,1,1,111,Dormant,2010-03-18 15:08:00,2010-03-18 15:08:00,0,1,United Kingdom,263.5,0.0
13129,451,2,233.25,21.204545454545453,10.203368427765767,11,1,2,1,121,Dormant,2010-06-28 11:54:00,2010-09-13 13:47:00,77,10,United Kingdom,37.8,38.5
13130,93,1,64.0,32.0,9.899494936611665,2,3,1,1,311,Standard,2011-09-06 15:30:00,2011-09-06 15:30:00,0,2,United Kingdom,39.0,0.0
13131,22,7,3313.77,22.24006711409396,18.32502429837423,149,4,4,5,445,Champions,2010-02-09 09:47:00,2011-11-16 13:21:00,645,107,United Kingdom,119.4,92.14285714285714
13132,261,1,77.3,25.766666666666666,16.678229322483045,3,2,1,1,211,Dormant,2011-03-23 12:44:00,2011-03-23 12:44:00,0,3,United Kingdom,45.0,0.0
13133,273,3,200.45,16.704166666666666,4.2260801918419375,12,2,3,1,231,Standard,2010-09-06 15:30:00,2011-03-11 10:31:00,185,12,United Kingdom,25.5,61.666666666666664
13134,85,6,2475.23,20.456446280991734,14.372772688866972,121,3,4,4,344,Standard,2010-10-19 13:21:00,2011-09-15 10:35:00,330,110,United Kingdom,139.8,55.0
13135,196,2,3371.45,187.30277777777778,725.9289886824173,18,2,2,5,225,At_Risk_HighValue,2010-08-05 17:28:00,2011-05-27 10:52:00,294,18,United Kingdom,3096.0,147.0
13136,55,13,6274.56,19.919238095238097,7.5937166485635705,315,4,5,5,455,Champions,2009-12-08 18:30:00,2011-10-14 13:41:00,674,204,United Kingdom,53.64,51.84615384615385
13137,10,16,7712.7,5.352324774462179,5.270353898617298,1441,5,5,5,555,Champions,2010-07-25 15:40:00,2011-11-29 12:09:00,491,628,United Kingdom,51.0,30.6875
13138,21,7,1467.24,14.82060606060606,3.4865355643084133,99,4,4,4,444,Champions,2010-11-08 11:45:00,2011-11-17 16:51:00,374,41,United Kingdom,30.0,53.42857142857143
13139,15,8,8202.98,30.954641509433962,20.04989985153551,265,5,4,5,545,Champions,2010-09-28 09:12:00,2011-11-23 13:54:00,421,214,United Kingdom,117.0,52.625
13140,107,5,1215.68,9.964590163934426,8.327926348657437,122,3,4,3,343,Standard,2010-08-05 19:05:00,2011-08-23 15:33:00,382,89,United Kingdom,41.6,76.4
13141,84,17,7668.58,18.043717647058823,13.608759104123024,425,3,5,5,355,Standard,2009-12-09 13:34:00,2011-09-16 09:54:00,645,285,United Kingdom,130.8,37.94117647058823
13142,18,1,307.09000000000003,13.351739130434783,7.405796656043964,23,5,1,2,512,Standard,2011-11-20 16:07:00,2011-11-20 16:07:00,0,23,United Kingdom,30.6,0.0
13143,584,1,405.1,17.61304347826087,6.147171880986195,23,1,1,2,112,Dormant,2010-05-04 12:22:00,2010-05-04 12:22:00,0,23,United Kingdom,34.0,0.0
13144,332,2,135.35,22.558333333333334,21.662003985473426,6,2,2,1,221,Dormant,2010-10-04 14:14:00,2011-01-11 11:15:00,98,6,United Kingdom,63.75,49.0
13145,39,7,1423.52,142.352,114.01842315072498,10,4,4,4,444,Champions,2010-04-19 11:11:00,2011-10-31 12:45:00,560,5,United Kingdom,306.0,80.0
13146,25,1,228.91,13.465294117647058,14.158323134135209,17,4,1,1,411,Standard,2011-11-13 15:29:00,2011-11-13 15:29:00,0,16,United Kingdom,51.0,0.0
13147,9,4,712.8,178.2,68.58921197972754,4,5,3,3,533,Loyal,2011-09-01 12:28:00,2011-11-29 13:59:00,89,1,United Kingdom,237.6,22.25
13148,28,26,8621.81,10.872395964691046,7.989180234402114,793,4,5,5,455,Champions,2009-12-07 15:26:00,2011-11-10 15:23:00,702,451,United Kingdom,62.5,27.0
13149,13,4,1676.06,19.48906976744186,12.539046086985476,86,5,3,4,534,Loyal,2011-02-23 13:57:00,2011-11-25 13:09:00,274,76,United Kingdom,76.5,68.5
13150,483,3,449.96999999999997,56.246249999999996,45.045138928317535,8,1,3,2,132,Standard,2010-03-19 09:03:00,2010-08-12 12:59:00,146,7,United Kingdom,132.0,48.666666666666664
13151,295,3,2580.7400000000002,14.663295454545455,10.277402086585433,176,2,3,4,234,At_Risk_HighValue,2010-03-22 10:26:00,2011-02-17 12:29:00,332,131,United Kingdom,47.400000000000006,110.66666666666667
13152,416,7,2146.38,15.899111111111113,5.835895928949756,135,1,4,4,144,Standard,2010-01-14 10:01:00,2010-10-18 13:44:00,277,114,United Kingdom,47.7,39.57142857142857
13153,5,1,486.22,32.41466666666667,40.68028688385052,15,5,1,2,512,Standard,2011-12-04 12:14:00,2011-12-04 12:14:00,0,15,United Kingdom,140.4,0.0
13154,398,3,1624.84,17.471397849462363,11.143218603745728,93,2,3,4,234,Standard,2009-12-04 08:46:00,2010-11-05 16:00:00,336,78,United Kingdom,79.6,112.0
13155,32,6,1750.18,10.671829268292683,8.060225244314005,164,4,4,4,444,Champions,2010-08-05 09:30:00,2011-11-06 15:41:00,458,79,United Kingdom,46.8,76.33333333333333
13156,384,3,1586.54,15.255192307692308,7.122706884374574,104,2,3,4,234,Standard,2010-02-01 13:45:00,2010-11-19 13:09:00,290,94,United Kingdom,34.0,96.66666666666667
13157,48,9,5687.36,22.658804780876494,12.464090731607222,251,4,5,5,455,Champions,2010-03-08 11:59:00,2011-10-21 13:50:00,592,173,United Kingdom,90.0,65.77777777777777
13158,94,5,1508.18,15.081800000000001,6.1346323360890915,100,3,4,4,344,Standard,2010-11-16 17:12:00,2011-09-06 11:58:00,293,70,United Kingdom,35.400000000000006,58.6
13159,8,4,1437.85,11.883057851239668,7.729622979483455,121,5,3,4,534,Loyal,2011-08-16 11:44:00,2011-12-01 11:20:00,106,114,United Kingdom,74.7,26.5
13160,21,1,91.8,22.95,9.367496997597597,4,4,1,1,411,Standard,2011-11-17 13:07:00,2011-11-17 13:07:00,0,4,United Kingdom,34.8,0.0
13161,312,2,478.88,14.08470588235294,9.087881453056749,34,2,2,2,222,Dormant,2010-07-27 12:44:00,2011-01-30 14:03:00,187,30,United Kingdom,39.5,93.5
13162,121,16,9275.49,38.972647058823526,32.60657289438896,238,3,5,5,355,Standard,2009-12-04 13:59:00,2011-08-09 15:59:00,613,186,United Kingdom,165.0,38.3125
13163,609,1,17.65,8.825,7.177133829043457,2,1,1,1,111,Dormant,2010-04-08 16:21:00,2010-04-08 16:21:00,0,2,United Kingdom,13.9,0.0
13164,568,2,372.2,37.22,43.353028857406386,10,1,2,2,122,Dormant,2010-02-10 11:52:00,2010-05-19 13:52:00,98,7,United Kingdom,153.0,49.0
13165,45,3,1451.1599999999999,29.61551020408163,36.34140940793438,49,4,3,4,434,Loyal,2010-10-22 17:04:00,2011-10-24 15:05:00,366,47,United Kingdom,169.0,122.0
13166,282,2,884.18,12.814202898550723,12.18373329796224,69,2,2,3,223,Dormant,2010-10-21 14:29:00,2011-03-01 15:16:00,131,55,United Kingdom,76.19999999999999,65.5
13167,18,5,1125.15,13.890740740740743,9.089897658634252,81,5,4,3,543,Loyal,2010-11-14 12:58:00,2011-11-21 12:24:00,371,64,United Kingdom,41.76,74.2
13168,35,5,1875.31,10.418388888888888,9.39597721860868,180,4,4,4,444,Champions,2010-06-15 15:00:00,2011-11-03 12:56:00,505,127,United Kingdom,81.6,101.0
13169,63,3,840.08,46.67111111111112,48.426450828749374,18,3,3,3,333,Standard,2010-05-26 15:58:00,2011-10-07 12:11:00,498,16,United Kingdom,153.0,166.0
13170,26,1,116.00999999999999,3.6253124999999997,2.497960438198822,32,4,1,1,411,Standard,2011-11-13 12:19:00,2011-11-13 12:19:00,0,29,United Kingdom,10.2,0.0
13171,21,3,468.41,10.182826086956522,13.736679796652057,46,4,3,2,432,Loyal,2011-02-13 14:16:00,2011-11-18 10:27:00,277,37,United Kingdom,83.2,92.33333333333333
13172,399,1,69.6,69.6,0.0,1,2,1,1,211,Dormant,2010-11-04 15:10:00,2010-11-04 15:10:00,0,1,United Kingdom,69.6,0.0
13173,3,11,2639.35,10.5574,9.46050076576054,250,5,5,4,554,Champions,2009-12-10 12:52:00,2011-12-05 15:51:00,725,160,United Kingdom,60.0,65.9090909090909
13174,15,12,9494.84,8.387667844522968,7.3775349638242185,1132,5,5,5,555,Champions,2009-12-04 15:40:00,2011-11-23 14:35:00,718,602,United Kingdom,63.6,59.833333333333336
13175,581,2,831.45,18.075,12.111875485562829,46,1,2,3,123,Dormant,2009-12-04 12:11:00,2010-05-06 13:13:00,153,40,United Kingdom,79.9,76.5
13176,45,1,492.84,6.845,6.499168527534563,72,4,1,2,412,Standard,2011-10-24 15:43:00,2011-10-24 15:43:00,0,66,United Kingdom,30.24,0.0
13177,64,2,512.2,17.073333333333334,4.330858267518499,30,3,2,2,322,Standard,2010-10-05 10:35:00,2011-10-06 09:56:00,365,23,United Kingdom,34.0,182.5
13178,25,21,14059.19,20.46461426491994,12.004316987865693,687,4,5,5,455,Champions,2009-12-16 14:00:00,2011-11-13 16:14:00,697,194,United Kingdom,122.4,33.19047619047619
13179,618,1,572.3100000000001,16.832647058823532,6.757998766365914,34,1,1,2,112,Dormant,2010-03-31 11:40:00,2010-03-31 11:40:00,0,34,United Kingdom,35.400000000000006,0.0
13180,606,1,86.10000000000001,21.525000000000002,7.292633269265637,4,1,1,1,111,Dormant,2010-04-11 13:37:00,2010-04-11 13:37:00,0,4,United Kingdom,30.0,0.0
13181,380,1,359.69,18.931052631578947,9.559270599055397,19,2,1,2,212,Dormant,2010-11-23 15:05:00,2010-11-23 15:05:00,0,19,United Kingdom,50.400000000000006,0.0
13182,44,1,121.18,11.016363636363637,3.564410954778567,11,4,1,1,411,Standard,2011-10-25 13:46:00,2011-10-25 13:46:00,0,11,United Kingdom,15.0,0.0
13183,7,15,7036.18,45.10371794871795,39.940564539889714,156,5,5,5,555,Champions,2010-03-14 12:32:00,2011-12-02 10:30:00,627,64,United Kingdom,177.60000000000002,41.8
13184,14,10,1701.29,9.39939226519337,9.70112812258599,181,5,5,4,554,Champions,2011-02-22 17:25:00,2011-11-25 12:02:00,275,138,United Kingdom,60.0,27.5
13185,267,1,71.4,71.4,0.0,1,2,1,1,211,Dormant,2011-03-17 11:56:00,2011-03-17 11:56:00,0,1,United Kingdom,71.4,0.0
13186,39,3,1575.89,19.947974683544306,9.2478545508795,79,4,3,4,434,Loyal,2011-08-03 09:09:00,2011-10-31 11:40:00,89,69,United Kingdom,50.400000000000006,29.666666666666668
13187,336,4,367.01,5.73453125,4.639886058291579,64,2,3,2,232,Standard,2010-03-25 17:18:00,2011-01-06 18:57:00,287,51,United Kingdom,20.4,71.75
13188,10,1,114.6,57.3,59.821233688381916,2,5,1,1,511,Standard,2011-11-28 15:28:00,2011-11-28 15:28:00,0,2,United Kingdom,99.6,0.0
13189,18,2,260.68,8.988965517241379,4.765313919225937,29,5,2,1,521,Standard,2011-08-16 13:12:00,2011-11-21 10:39:00,96,29,United Kingdom,18.72,48.0
13190,543,3,570.66,33.56823529411764,40.133085982032036,17,1,3,2,132,Standard,2009-12-07 12:13:00,2010-06-13 15:47:00,188,16,United Kingdom,155.7,62.666666666666664
13191,657,1,164.69,2.79135593220339,2.038823576973875,59,1,1,1,111,Dormant,2010-02-19 17:02:00,2010-02-19 17:02:00,0,58,United Kingdom,10.2,0.0
13192,94,6,2558.58,15.793703703703704,5.471577138605734,162,3,4,4,344,Standard,2010-01-22 08:37:00,2011-09-05 14:13:00,591,135,United Kingdom,34.8,98.5
13193,60,1,117.88,4.0648275862068965,4.053620622083824,29,3,1,1,311,Standard,2011-10-09 14:30:00,2011-10-09 14:30:00,0,22,United Kingdom,16.95,0.0
13194,135,2,472.78,47.278,26.297326353325985,10,3,2,2,322,Standard,2010-10-14 11:54:00,2011-07-27 09:01:00,285,10,United Kingdom,102.0,142.5
13195,413,1,172.38,3.315,3.5335320883795367,52,1,1,1,111,Dormant,2010-10-21 13:07:00,2010-10-21 13:07:00,0,43,United Kingdom,17.700000000000003,0.0
13196,10,7,3068.84,16.323617021276597,8.541355933266457,188,5,4,5,545,Champions,2010-04-01 12:54:00,2011-11-28 13:54:00,606,141,United Kingdom,53.1,86.57142857142857
13197,609,1,373.01000000000005,19.632105263157897,15.340019766374116,19,1,1,2,112,Dormant,2010-04-09 09:14:00,2010-04-09 09:14:00,0,19,United Kingdom,79.9,0.0
13198,9,8,4974.2300000000005,15.841496815286625,7.62305867949213,314,5,4,5,545,Champions,2010-10-01 13:27:00,2011-11-29 15:17:00,424,265,United Kingdom,79.9,53.0
13199,3,67,16432.89,79.38594202898551,74.79074182072074,207,5,5,5,555,Champions,2009-12-05 10:11:00,2011-12-06 12:30:00,731,61,United Kingdom,414.72,10.91044776119403
13200,18,4,870.09,18.915,13.46187369326177,46,5,3,3,533,Loyal,2011-08-05 14:50:00,2011-11-20 15:35:00,107,42,United Kingdom,76.32000000000001,26.75
13201,501,4,1240.61,14.097840909090907,12.7525245144497,88,1,3,3,133,Standard,2010-03-07 11:01:00,2010-07-25 14:30:00,140,65,United Kingdom,81.6,35.0
13202,393,7,1580.3,22.902898550724636,14.03256727815788,69,2,4,4,244,Standard,2009-12-09 10:48:00,2010-11-10 16:24:00,336,55,United Kingdom,79.5,48.0
13203,9,10,2648.25,15.670118343195266,9.13528950124876,169,5,5,4,554,Champions,2009-12-17 14:15:00,2011-11-30 10:45:00,712,158,United Kingdom,83.4,71.2
13204,730,1,966.6600000000001,16.958947368421054,6.605105894092876,57,1,1,3,113,Dormant,2009-12-08 14:56:00,2009-12-08 14:56:00,0,57,United Kingdom,50.400000000000006,0.0
13205,442,1,2803.2,2803.2,0.0,1,1,1,4,114,At_Risk_HighValue,2010-09-22 16:26:00,2010-09-22 16:26:00,0,1,United Kingdom,2803.2,0.0
13206,399,13,8377.32,14.41879518072289,14.529994645834416,581,2,5,5,255,At_Risk_HighValue,2009-12-07 13:48:00,2010-11-04 16:50:00,332,393,United Kingdom,139.2,25.53846153846154
13207,14,4,535.86,41.22,22.605552415280634,13,5,3,2,532,Loyal,2010-04-06 16:37:00,2011-11-24 14:52:00,596,10,United Kingdom,71.4,149.0
13208,58,9,1988.5,7.828740157480315,6.853206051851354,254,4,5,4,454,Champions,2009-12-03 13:25:00,2011-10-12 09:54:00,677,198,United Kingdom,60.0,75.22222222222223
13209,29,13,8509.51,23.25002732240437,20.78526642954564,366,4,5,5,455,Champions,2010-01-24 14:30:00,2011-11-09 13:54:00,653,284,United Kingdom,153.0,50.23076923076923
13210,93,1,353.48,16.067272727272726,6.0310925977038305,22,3,1,2,312,Standard,2011-09-07 08:18:00,2011-09-07 08:18:00,0,22,United Kingdom,30.24,0.0
13211,9,10,2729.32,13.249126213592234,30.44260570581307,206,5,5,4,554,Champions,2009-12-06 15:24:00,2011-11-29 14:43:00,722,98,United Kingdom,204.0,72.2
13212,19,3,788.08,5.549859154929578,5.51301708929244,142,4,3,3,433,Loyal,2011-10-09 14:48:00,2011-11-20 12:40:00,41,128,United Kingdom,50.0,13.666666666666666
13213,56,11,3851.52,18.88,12.545806199761353,204,4,5,5,455,Champions,2010-05-20 14:50:00,2011-10-14 11:42:00,511,181,United Kingdom,79.19999999999999,46.45454545454545
13214,417,7,3264.23,14.254279475982532,5.149067964593859,229,1,4,5,145,At_Risk_HighValue,2010-03-03 14:10:00,2010-10-18 10:00:00,228,207,United Kingdom,31.8,32.57142857142857
13215,401,1,81.6,81.6,0.0,1,2,1,1,211,Dormant,2010-11-02 18:26:00,2010-11-02 18:26:00,0,1,United Kingdom,81.6,0.0
13216,267,1,333.74,66.748,33.546316042152824,5,2,1,2,212,Dormant,2011-03-17 12:18:00,2011-03-17 12:18:00,0,5,United Kingdom,92.5,0.0
13217,121,4,666.48,133.296,71.98447804909055,5,3,3,3,333,Standard,2010-02-22 12:49:00,2011-08-09 15:32:00,533,3,United Kingdom,239.04,133.25
13218,126,1,62.64,12.528,5.922458948781326,5,3,1,1,311,Standard,2011-08-04 16:59:00,2011-08-04 16:59:00,0,5,United Kingdom,19.8,0.0
13219,617,1,76.23,6.930000000000001,0.7769684678286504,11,1,1,1,111,Dormant,2010-03-31 14:18:00,2010-03-31 14:18:00,0,11,United Kingdom,7.49,0.0
13220,77,5,1336.0900000000001,25.20924528301887,30.741302575441285,53,3,4,4,344,Standard,2010-05-13 10:35:00,2011-09-22 13:38:00,497,46,United Kingdom,166.8,99.4
13221,239,2,847.41,12.839545454545455,9.85428113630247,66,2,2,3,223,Dormant,2010-12-15 13:24:00,2011-04-13 16:58:00,119,62,United Kingdom,59.400000000000006,59.5
13222,576,1,88.5,88.5,0.0,1,1,1,1,111,Dormant,2010-05-11 13:54:00,2010-05-11 13:54:00,0,1,United Kingdom,88.5,0.0
13223,199,6,969.12,74.5476923076923,78.55142245198853,13,2,4,3,243,Standard,2010-02-12 13:27:00,2011-05-23 13:03:00,464,8,United Kingdom,201.6,77.33333333333333
13224,59,2,2155.95,19.9625,21.87519890964305,108,3,2,4,324,Standard,2011-07-11 14:10:00,2011-10-10 14:55:00,91,101,United Kingdom,135.0,45.5
13225,2,16,16260.07,130.08056,95.72515800291934,125,5,5,5,555,Champions,2009-12-17 09:09:00,2011-12-06 13:29:00,719,60,United Kingdom,568.8000000000001,44.9375
13226,272,2,312.46,11.159285714285714,6.513195113153805,28,2,2,2,222,Dormant,2010-11-11 13:46:00,2011-03-11 14:35:00,120,28,United Kingdom,25.200000000000003,60.0
13227,201,1,257.7,28.633333333333333,22.122895380125993,9,2,1,1,211,Dormant,2011-05-22 11:47:00,2011-05-22 11:47:00,0,9,United Kingdom,67.5,0.0
13228,80,1,358.0,179.0,0.0,2,3,1,2,312,Standard,2011-09-19 14:28:00,2011-09-19 14:28:00,0,2,United Kingdom,179.0,0.0
13229,225,1,160.95,16.095,2.809848750377856,10,2,1,1,211,Dormant,2011-04-28 12:07:00,2011-04-28 12:07:00,0,10,United Kingdom,21.9,0.0
13230,3,30,6360.78,4.750395817774458,6.599911609353799,1339,5,5,5,555,Champions,2010-03-18 20:02:00,2011-12-05 16:03:00,626,653,United Kingdom,119.7,20.866666666666667
13232,12,7,1357.6,6.558454106280193,5.938537668268733,207,5,4,4,544,Champions,2011-04-10 13:48:00,2011-11-27 10:39:00,230,147,United Kingdom,36.0,32.857142857142854
13233,73,4,1176.46,15.479736842105263,7.417013410384569,76,3,3,3,333,Standard,2010-01-14 14:10:00,2011-09-26 13:25:00,619,74,United Kingdom,46.8,154.75
13234,672,2,356.95,5.665873015873015,3.7781065555255675,63,1,2,2,122,Dormant,2009-12-07 12:32:00,2010-02-05 11:41:00,59,56,United Kingdom,17.0,29.5
13235,211,1,1031.07,17.77706896551724,14.194793214986015,58,2,1,3,213,Dormant,2011-05-11 17:13:00,2011-05-11 17:13:00,0,53,United Kingdom,75.60000000000001,0.0
13236,24,2,744.85,20.69027777777778,7.24642985441249,36,4,2,3,423,Standard,2011-08-25 08:58:00,2011-11-15 12:50:00,82,34,United Kingdom,40.56,41.0
13237,387,1,643.0,26.791666666666668,18.025402767415112,24,2,1,3,213,Dormant,2010-11-17 10:07:00,2010-11-17 10:07:00,0,24,United Kingdom,67.5,0.0
13238,16,6,1006.63,21.417659574468086,12.553705708356631,47,5,4,3,543,Loyal,2010-04-28 15:02:00,2011-11-22 15:37:00,573,24,United Kingdom,104.0,95.5
13239,261,5,1594.69,17.14720430107527,11.15866346656181,93,2,4,4,244,Standard,2010-07-25 13:34:00,2011-03-23 10:25:00,240,86,United Kingdom,89.69999999999999,48.0
13240,95,8,1738.52,7.526060606060606,7.583955408036992,231,3,4,4,344,Standard,2010-02-25 13:17:00,2011-09-04 14:08:00,556,160,United Kingdom,83.3,69.5
13241,411,1,115.58,2.751904761904762,2.0477354989439696,42,1,1,1,111,Dormant,2010-10-24 11:17:00,2010-10-24 11:17:00,0,40,United Kingdom,8.5,0.0
13242,111,7,699.4,19.982857142857142,0.6373131626028833,35,3,4,3,343,Standard,2010-02-09 13:12:00,2011-08-19 12:53:00,555,19,United Kingdom,20.8,79.28571428571429
13243,202,5,1278.04,5.809272727272727,5.70667192779559,220,2,4,4,244,Standard,2010-03-18 13:10:00,2011-05-20 13:14:00,428,165,United Kingdom,34.0,85.6
13244,92,1,121.74000000000001,4.508888888888889,2.2246474799968667,27,3,1,1,311,Standard,2011-09-08 11:46:00,2011-09-08 11:46:00,0,27,United Kingdom,9.95,0.0
13245,50,2,989.22,21.982666666666667,8.081856616127038,45,4,2,3,423,Standard,2010-10-03 14:03:00,2011-10-20 11:40:00,381,43,United Kingdom,38.25,190.5
13246,17,11,3387.43,8.937810026385224,18.110044896236698,379,5,5,5,555,Champions,2010-07-02 13:36:00,2011-11-21 16:50:00,507,229,United Kingdom,174.0,46.09090909090909
13247,17,4,501.12,20.0448,11.810156688206977,25,5,3,2,532,Loyal,2011-09-18 11:31:00,2011-11-22 10:59:00,64,18,United Kingdom,52.02,16.0
13248,124,2,465.68,17.91076923076923,5.22270345555014,26,3,2,2,322,Standard,2011-06-03 13:05:00,2011-08-07 12:40:00,64,25,United Kingdom,31.6,32.0
13249,91,9,1608.9299999999998,45.969428571428566,51.596005599091804,35,3,5,4,354,Standard,2010-01-24 12:11:00,2011-09-08 13:26:00,592,21,United Kingdom,152.64,65.77777777777777
13250,460,2,256.04,12.802000000000001,16.556295542942664,20,1,2,1,121,Dormant,2010-07-25 14:01:00,2010-09-05 11:33:00,41,17,United Kingdom,60.0,20.5
13251,401,1,252.68,10.1072,6.344140682551106,25,2,1,1,211,Dormant,2010-11-02 13:20:00,2010-11-02 13:20:00,0,25,United Kingdom,25.200000000000003,0.0
13252,393,2,399.3,21.01578947368421,12.66414506294991,19,2,2,2,222,Dormant,2010-03-24 10:30:00,2010-11-10 16:00:00,231,19,United Kingdom,51.0,115.5
13253,156,4,2951.11,39.34813333333334,31.18340210334239,75,3,3,4,334,Standard,2010-01-05 12:13:00,2011-07-06 10:09:00,546,73,United Kingdom,180.0,136.5
13254,375,1,51.41,12.8525,5.070406788414517,4,2,1,1,211,Dormant,2010-11-28 15:42:00,2010-11-28 15:42:00,0,4,United Kingdom,19.35,0.0
13255,8,3,904.46,28.264375,23.28887661074107,32,5,3,3,533,Loyal,2010-07-15 13:20:00,2011-11-30 13:14:00,502,26,United Kingdom,90.0,167.33333333333334
13257,435,1,149.75,21.392857142857142,8.615994263162966,7,1,1,1,111,Dormant,2010-09-29 14:58:00,2010-09-29 14:58:00,0,7,United Kingdom,33.9,0.0
13258,11,5,1035.18,22.503913043478263,20.46003220137152,46,5,4,3,543,Loyal,2010-11-04 12:45:00,2011-11-28 09:31:00,388,29,United Kingdom,81.6,77.6
13259,61,9,1433.38,4.424012345679013,4.478212610585348,324,3,5,4,354,Standard,2010-01-10 10:26:00,2011-10-09 10:48:00,637,234,United Kingdom,30.6,70.77777777777777
13260,60,1,557.62,69.7025,69.16298385490815,8,3,1,2,312,Standard,2011-10-09 13:21:00,2011-10-09 13:21:00,0,8,United Kingdom,219.0,0.0
13261,268,2,944.1,104.9,26.09913791679718,9,2,2,3,223,Dormant,2011-02-27 10:41:00,2011-03-16 12:22:00,17,8,United Kingdom,135.0,8.5
13262,262,3,573.45,11.469000000000001,9.016639097371309,50,2,3,2,232,Standard,2010-04-18 12:14:00,2011-03-21 15:06:00,337,48,United Kingdom,51.0,112.33333333333333
13263,0,39,8704.69,4.533692708333334,5.0073117002144665,1920,5,5,5,555,Champions,2010-10-22 17:07:00,2011-12-08 13:59:00,411,507,United Kingdom,122.4,10.538461538461538
13264,442,1,722.5600000000001,19.014736842105265,9.13794634709516,38,1,1,3,113,Dormant,2010-09-23 12:42:00,2010-09-23 12:42:00,0,38,United Kingdom,35.7,0.0
13265,52,5,2107.66,23.1610989010989,28.16994286471347,91,4,4,4,444,Champions,2011-03-11 09:54:00,2011-10-17 15:02:00,220,66,United Kingdom,232.0,44.0
13266,10,19,6135.04,19.98384364820847,14.436916059491637,307,5,5,5,555,Champions,2009-12-17 10:52:00,2011-11-28 14:39:00,711,154,United Kingdom,117.0,37.421052631578945
13267,2,36,9758.26,22.906713615023474,13.951137773467122,426,5,5,5,555,Champions,2009-12-07 16:56:00,2011-12-07 11:12:00,729,152,United Kingdom,102.0,20.25
13268,17,11,3214.69,7.306113636363636,6.282224598787329,440,5,5,5,555,Champions,2011-03-17 13:20:00,2011-11-22 11:51:00,249,257,United Kingdom,60.0,22.636363636363637
13269,0,28,8891.7,17.819038076152307,16.21171837676262,499,5,5,5,555,Champions,2009-12-02 11:47:00,2011-12-08 14:53:00,736,238,United Kingdom,177.60000000000002,26.285714285714285
13270,365,1,1180.0,590.0,0.0,2,2,1,3,213,Dormant,2010-12-08 14:53:00,2010-12-08 14:53:00,0,1,United Kingdom,590.0,0.0
13271,36,1,217.38,2.264375,2.428154513638962,96,4,1,1,411,Standard,2011-11-02 14:31:00,2011-11-02 14:31:00,0,79,United Kingdom,15.3,0.0
13272,30,2,276.56,18.437333333333335,4.787839457068989,15,4,2,1,421,Standard,2011-09-11 12:06:00,2011-11-08 14:00:00,58,15,United Kingdom,29.700000000000003,29.0
13273,112,1,138.98,8.68625,6.223321594347079,16,3,1,1,311,Standard,2011-08-18 14:02:00,2011-08-18 14:02:00,0,16,United Kingdom,24.9,0.0
13274,408,1,360.85,18.992105263157896,7.331292578883548,19,2,1,2,212,Dormant,2010-10-26 13:48:00,2010-10-26 13:48:00,0,19,United Kingdom,38.25,0.0
13275,383,2,241.66,4.8332,7.701569794926387,50,2,2,1,221,Dormant,2010-03-17 14:05:00,2010-11-21 12:09:00,248,48,United Kingdom,42.5,124.0
13276,63,5,1939.26,7.788192771084337,7.201996835204968,249,3,4,4,344,Standard,2010-03-07 14:05:00,2011-10-07 12:44:00,578,209,United Kingdom,46.0,115.6
13277,15,7,523.3,22.752173913043475,15.692271391450152,23,5,4,2,542,Loyal,2010-06-18 08:45:00,2011-11-24 09:21:00,524,10,United Kingdom,49.5,74.85714285714286
13278,40,4,1435.85,13.294907407407406,10.627762927877134,108,4,3,4,434,Loyal,2010-04-08 11:59:00,2011-10-30 11:49:00,569,80,United Kingdom,60.48,142.25
13279,77,1,137.75,15.305555555555555,6.880111029465861,9,3,1,1,311,Standard,2011-09-22 17:24:00,2011-09-22 17:24:00,0,9,United Kingdom,25.5,0.0
13280,121,7,2322.63,11.060142857142857,7.514489128972528,210,3,4,4,344,Standard,2010-03-05 09:07:00,2011-08-09 13:14:00,522,159,United Kingdom,44.85,74.57142857142857
13281,438,1,350.85,15.947727272727274,4.72630625110358,22,1,1,2,112,Dormant,2010-09-26 16:03:00,2010-09-26 16:03:00,0,22,United Kingdom,30.6,0.0
13282,17,4,1313.19,25.748823529411766,20.04670493094152,51,5,3,4,534,Loyal,2010-10-29 14:11:00,2011-11-21 15:33:00,388,42,United Kingdom,91.8,97.0
13283,59,4,373.36,18.668,13.12833239901197,20,3,3,2,332,Standard,2010-03-09 14:36:00,2011-10-11 09:50:00,580,19,United Kingdom,71.4,145.0
13284,330,1,201.19,15.476153846153846,5.157613366764286,13,2,1,1,211,Dormant,2011-01-13 09:23:00,2011-01-13 09:23:00,0,13,United Kingdom,25.5,0.0
13285,22,6,3364.59,14.565324675324677,5.015049677091227,231,4,4,5,445,Champions,2010-03-25 14:26:00,2011-11-16 13:19:00,600,182,United Kingdom,33.0,100.0
13286,599,1,734.91,14.998163265306122,12.691945226774964,49,1,1,3,113,Dormant,2010-04-18 15:35:00,2010-04-18 15:35:00,0,46,United Kingdom,51.0,0.0
13287,602,3,781.59,14.746981132075472,3.5548658878228285,53,1,3,3,133,Standard,2010-01-04 10:43:00,2010-04-15 15:26:00,101,46,United Kingdom,25.5,33.666666666666664
13288,442,5,927.61,92.761,106.99504437641545,10,1,4,3,143,Standard,2010-02-11 14:59:00,2010-09-22 16:32:00,223,7,United Kingdom,365.76,44.6
13289,723,1,307.95,19.246875,7.484015605497714,16,1,1,2,112,Dormant,2009-12-16 11:53:00,2009-12-16 11:53:00,0,16,United Kingdom,39.8,0.0
13290,437,1,208.63,208.63,0.0,1,1,1,1,111,Dormant,2010-09-27 16:29:00,2010-09-27 16:29:00,0,1,United Kingdom,208.63,0.0
13291,155,11,3320.84,10.124512195121952,7.450717044070244,328,3,5,5,355,Standard,2010-02-11 18:36:00,2011-07-07 10:36:00,510,155,United Kingdom,51.0,46.36363636363637
13292,38,5,994.51,16.856101694915253,6.006748508523746,59,4,4,3,443,Loyal,2010-07-01 14:36:00,2011-11-01 10:04:00,487,55,United Kingdom,39.6,97.4
13293,391,6,1192.94,16.56861111111111,9.031357002766756,72,2,4,3,243,Standard,2010-02-09 12:05:00,2010-11-12 13:28:00,276,51,United Kingdom,76.5,46.0
13294,189,3,1689.53,16.564019607843136,7.184105704392783,102,2,3,4,234,Standard,2010-03-03 12:54:00,2011-06-03 08:54:00,456,93,United Kingdom,49.95,152.0
13295,359,4,1101.97,16.44731343283582,5.214289103494054,67,2,3,3,233,Standard,2010-05-12 09:13:00,2010-12-15 11:21:00,217,56,United Kingdom,30.0,54.25
13296,136,6,792.51,14.953018867924529,8.378464744832812,53,3,4,3,343,Standard,2010-05-11 14:29:00,2011-07-25 13:46:00,439,50,United Kingdom,51.0,73.16666666666667
13297,7,7,4368.62,35.51723577235772,29.854297801396168,123,5,4,5,545,Champions,2010-06-15 12:35:00,2011-12-02 09:32:00,534,108,United Kingdom,165.0,76.28571428571429
13298,0,1,360.0,180.0,127.27922061357856,2,5,1,2,512,Standard,2011-12-08 13:11:00,2011-12-08 13:11:00,0,2,United Kingdom,270.0,0.0
13299,267,3,1218.7,19.656451612903226,9.332039310587028,62,2,3,3,233,Standard,2010-06-29 11:30:00,2011-03-16 12:55:00,260,56,United Kingdom,59.7,86.66666666666667
13300,168,3,1285.51,23.37290909090909,20.7658920555307,55,3,3,4,334,Standard,2010-05-14 15:56:00,2011-06-23 13:09:00,404,44,United Kingdom,142.8,134.66666666666666
13301,103,4,618.09,7.630740740740741,6.385995180427593,81,3,3,2,332,Standard,2011-02-20 13:13:00,2011-08-28 11:25:00,188,75,United Kingdom,34.0,47.0
13302,154,2,159.2,53.06666666666666,30.225830564822093,3,3,2,1,321,Standard,2010-07-01 12:32:00,2011-07-07 17:56:00,371,3,United Kingdom,76.5,185.5
13303,399,1,61.72,15.43,5.627782274869324,4,2,1,1,211,Dormant,2010-11-04 14:55:00,2010-11-04 14:55:00,0,4,United Kingdom,23.25,0.0
13304,350,4,1217.99,15.61525641025641,5.562063927015324,78,2,3,3,233,Standard,2010-02-08 12:42:00,2010-12-23 14:35:00,318,59,United Kingdom,43.8,79.5
13305,3,16,3754.71,18.226747572815533,11.376468164887612,206,5,5,5,555,Champions,2010-03-10 14:49:00,2011-12-05 15:15:00,635,153,United Kingdom,63.6,39.6875
13306,429,1,53.65,13.4125,7.869601324082433,4,1,1,1,111,Dormant,2010-10-05 14:55:00,2010-10-05 14:55:00,0,4,United Kingdom,23.4,0.0
13307,119,3,273.34,18.222666666666665,6.072466510719473,15,3,3,1,331,HighEngagement_LowValue,2010-04-26 13:28:00,2011-08-11 17:14:00,472,15,United Kingdom,30.6,157.33333333333334
13308,22,4,1670.3700000000001,23.526338028169015,21.468472980458486,71,4,3,4,434,Loyal,2010-04-22 09:22:00,2011-11-17 09:31:00,574,65,United Kingdom,149.4,143.5
13309,6,6,1706.3700000000001,13.125923076923078,5.357521510756911,130,5,4,4,544,Champions,2010-11-12 12:10:00,2011-12-02 16:34:00,385,95,United Kingdom,40.5,64.16666666666667
13310,27,5,1541.2,16.223157894736843,5.771048664460385,95,4,4,4,444,Champions,2010-11-02 17:03:00,2011-11-11 17:23:00,374,80,United Kingdom,46.5,74.8
13311,3,2,598.57,23.02192307692308,21.079296196833663,26,5,2,2,522,Standard,2011-07-12 14:26:00,2011-12-05 12:55:00,145,25,United Kingdom,78.96000000000001,72.5
13312,450,1,124.75,24.95,33.24874057765196,5,1,1,1,111,Dormant,2010-09-14 14:36:00,2010-09-14 14:36:00,0,5,United Kingdom,81.0,0.0
13313,21,12,3445.32,18.424171122994654,7.890013950722935,187,4,5,5,455,Champions,2009-12-02 16:18:00,2011-11-17 16:48:00,715,105,United Kingdom,59.4,59.583333333333336
13314,1,3,775.94,12.515161290322581,5.698362934869398,62,5,3,3,533,Loyal,2011-09-27 10:20:00,2011-12-08 12:29:00,72,55,United Kingdom,29.700000000000003,24.0
13315,688,1,310.26000000000005,14.102727272727275,6.4011577686556675,22,1,1,2,112,Dormant,2010-01-19 15:34:00,2010-01-19 15:34:00,0,22,United Kingdom,35.400000000000006,0.0
13316,36,10,13191.57,75.3804,86.87329587419816,175,4,5,5,455,Champions,2010-03-10 10:01:00,2011-11-02 13:40:00,602,115,United Kingdom,489.6,60.2
13317,65,19,6486.091,18.854915697674418,15.968203252933103,344,3,5,5,355,Standard,2009-12-13 11:11:00,2011-10-04 13:35:00,660,222,United Kingdom,204.0,34.73684210526316
13318,0,3,640.76,32.038,26.469095305956138,20,5,3,3,533,Loyal,2011-11-02 13:26:00,2011-12-08 18:51:00,36,14,United Kingdom,102.0,12.0
13319,4,58,22082.5,23.123036649214658,14.841801426885207,955,5,5,5,555,Champions,2009-12-06 14:46:00,2011-12-04 13:34:00,727,345,United Kingdom,153.0,12.53448275862069
13320,77,6,2228.1,14.854,4.678090300438889,150,3,4,4,344,Standard,2010-08-18 10:29:00,2011-09-22 18:07:00,400,98,United Kingdom,25.200000000000003,66.66666666666667
13321,71,2,567.36,51.57818181818182,64.266079671656,11,3,2,2,322,Standard,2011-09-14 15:18:00,2011-09-28 15:24:00,14,10,United Kingdom,232.0,7.0
13322,16,1,199.48000000000002,7.9792000000000005,8.641981312176044,25,5,1,1,511,Standard,2011-11-22 14:21:00,2011-11-22 14:21:00,0,25,United Kingdom,45.0,0.0
13323,2,5,787.85,37.516666666666666,42.10373894719248,21,5,4,3,543,Loyal,2011-09-16 13:23:00,2011-12-06 17:12:00,81,6,United Kingdom,204.0,16.2
13324,35,18,10513.47,79.6475,62.59473769281297,132,4,5,5,455,Champions,2010-05-25 10:23:00,2011-11-03 16:28:00,527,36,United Kingdom,350.4,29.27777777777778
13325,81,1,675.3,56.275,45.28724735206671,12,3,1,3,313,Standard,2011-09-19 10:36:00,2011-09-19 10:36:00,0,12,United Kingdom,133.0,0.0
13326,431,1,281.76,21.673846153846153,8.788964234066055,13,1,1,1,111,Dormant,2010-10-03 16:00:00,2010-10-03 16:00:00,0,13,United Kingdom,40.56,0.0
13327,38,20,9879.48,28.88736842105263,18.507610547730053,342,4,5,5,455,Champions,2009-12-18 15:35:00,2011-11-01 10:21:00,682,175,United Kingdom,99.6,34.1
13328,315,1,1308.48,76.96941176470588,63.11562331057465,17,2,1,4,214,Dormant,2011-01-27 15:22:00,2011-01-27 15:22:00,0,17,United Kingdom,266.40000000000003,0.0
13329,31,8,5112.97,40.903760000000005,44.032263385078245,125,4,4,5,445,Champions,2009-12-04 15:41:00,2011-11-08 10:29:00,703,68,United Kingdom,306.0,87.875
13330,92,6,2806.18,23.781186440677963,15.465520744988213,118,3,4,4,344,Standard,2010-02-23 10:12:00,2011-09-08 12:27:00,562,80,United Kingdom,102.0,93.66666666666667
13331,401,1,262.4,21.866666666666664,18.409240927185227,12,2,1,1,211,Dormant,2010-11-03 08:04:00,2010-11-03 08:04:00,0,12,United Kingdom,79.95,0.0
13332,13,1,350.90000000000003,16.709523809523812,3.4650389264631305,21,5,1,2,512,Standard,2011-11-25 13:30:00,2011-11-25 13:30:00,0,21,United Kingdom,23.6,0.0
13333,410,3,1015.74,18.468,7.641904309887784,55,1,3,3,133,Standard,2010-02-19 09:26:00,2010-10-24 13:24:00,247,54,United Kingdom,39.8,82.33333333333333
13334,81,5,6263.75,13.049479166666666,9.299165379949804,480,3,4,5,345,Standard,2010-02-25 12:21:00,2011-09-18 15:21:00,570,307,United Kingdom,81.6,114.0
13336,76,1,795.12,15.590588235294117,3.9830809239907268,51,3,1,3,313,Standard,2011-09-23 14:05:00,2011-09-23 14:05:00,0,51,United Kingdom,30.0,0.0
13337,545,1,1575.26,18.106436781609194,8.091432301559742,87,1,1,4,114,Dormant,2010-06-11 13:27:00,2010-06-11 13:27:00,0,87,United Kingdom,51.0,0.0
13338,157,4,2445.62,19.10640625,13.844085108633172,128,3,3,4,334,Standard,2010-01-05 12:25:00,2011-07-05 09:06:00,545,113,United Kingdom,130.8,136.25
13339,200,1,860.12,15.928148148148148,4.7164293633958065,54,2,1,3,213,Dormant,2011-05-23 08:31:00,2011-05-23 08:31:00,0,54,United Kingdom,34.0,0.0
13340,44,12,22100.56,102.79330232558141,124.41773235391497,215,4,5,5,455,Champions,2010-02-22 14:54:00,2011-10-25 13:15:00,609,190,United Kingdom,960.0,50.75
13341,260,1,775.85,18.472619047619048,11.596510210871537,42,2,1,3,213,Dormant,2011-03-24 09:50:00,2011-03-24 09:50:00,0,42,United Kingdom,87.6,0.0
13343,177,1,353.43,18.60157894736842,8.686013190537924,19,3,1,2,312,Standard,2011-06-15 12:24:00,2011-06-15 12:24:00,0,19,United Kingdom,50.0,0.0
13344,67,3,2543.7200000000003,21.375798319327732,27.83635077680172,119,3,3,4,334,Standard,2011-03-07 10:28:00,2011-10-03 09:45:00,209,115,United Kingdom,290.0,69.66666666666667
13345,287,1,389.5,19.475,7.68283287938971,20,2,1,2,212,Dormant,2011-02-25 09:01:00,2011-02-25 09:01:00,0,20,United Kingdom,50.0,0.0
13346,462,6,299.4,49.9,5.941716923583621,6,1,4,2,142,Standard,2010-04-22 12:34:00,2010-09-03 11:41:00,133,4,United Kingdom,60.0,22.166666666666668
13347,69,1,341.36,42.67,8.849490703666833,8,3,1,2,312,Standard,2011-09-30 13:28:00,2011-09-30 13:28:00,0,8,United Kingdom,59.4,0.0
13348,63,1,233.76000000000002,16.697142857142858,7.690140969570593,14,3,1,1,311,Standard,2011-10-06 17:28:00,2011-10-06 17:28:00,0,14,United Kingdom,29.700000000000003,0.0
13349,10,1,247.32,15.4575,10.357111244615139,16,5,1,1,511,Standard,2011-11-29 08:07:00,2011-11-29 08:07:00,0,16,United Kingdom,50.0,0.0
13350,15,2,979.12,24.478,14.937171530558704,40,5,2,3,523,Standard,2011-09-21 13:33:00,2011-11-23 16:33:00,63,36,United Kingdom,61.2,31.5
13351,65,1,373.94,23.37125,8.333968142487706,16,3,1,2,312,Standard,2011-10-04 12:55:00,2011-10-04 12:55:00,0,16,United Kingdom,50.0,0.0
13352,59,1,397.98,16.5825,8.598097489257878,24,3,1,2,312,Standard,2011-10-10 13:55:00,2011-10-10 13:55:00,0,24,United Kingdom,50.0,0.0
13354,70,1,743.53,14.579019607843136,6.413009045651491,51,3,1,3,313,Standard,2011-09-29 13:17:00,2011-09-29 13:17:00,0,51,United Kingdom,39.6,0.0
13355,121,1,674.7,21.084375,15.690450339452934,32,3,1,3,313,Standard,2011-08-09 14:48:00,2011-08-09 14:48:00,0,32,United Kingdom,102.0,0.0
13356,79,1,768.24,18.291428571428572,8.719023096830643,42,3,1,3,313,Standard,2011-09-20 14:33:00,2011-09-20 14:33:00,0,42,United Kingdom,47.7,0.0
13357,256,5,3838.36,9.619949874686718,7.560710430147183,399,2,4,5,245,At_Risk_HighValue,2010-03-22 14:30:00,2011-03-27 13:56:00,369,284,United Kingdom,51.0,73.8
13358,268,1,439.03000000000003,15.138965517241381,7.954944259851222,29,2,1,2,212,Dormant,2011-03-16 11:52:00,2011-03-16 11:52:00,0,29,United Kingdom,50.0,0.0
13359,63,2,1043.31,18.630535714285713,8.145715085445032,56,3,2,3,323,Standard,2010-11-01 15:05:00,2011-10-07 09:30:00,339,52,United Kingdom,50.0,169.5
13360,431,4,1553.65,23.540151515151518,18.586183163631922,66,1,3,4,134,Standard,2010-01-08 11:16:00,2010-10-04 12:37:00,269,58,United Kingdom,142.8,67.25
13361,471,2,1450.5,42.661764705882355,28.423208770148456,34,1,2,4,124,Dormant,2010-04-01 07:49:00,2010-08-24 14:56:00,145,29,United Kingdom,135.0,72.5
13362,8,7,5394.07,18.100906040268455,8.09612378786591,298,5,4,5,545,Champions,2010-10-10 15:27:00,2011-11-30 14:41:00,415,186,United Kingdom,59.400000000000006,59.285714285714285
13363,17,3,1723.8600000000001,16.90058823529412,7.738282463966886,102,5,3,4,534,Loyal,2010-10-26 11:07:00,2011-11-22 12:40:00,392,78,United Kingdom,50.0,130.66666666666666
13364,70,1,134.96,13.496,5.183965020458118,10,3,1,1,311,Standard,2011-09-29 18:13:00,2011-09-29 18:13:00,0,10,United Kingdom,24.96,0.0
13365,33,2,2225.37,17.385703125,9.124294616989742,128,4,2,4,424,Standard,2011-05-06 12:00:00,2011-11-06 12:36:00,184,122,United Kingdom,76.5,92.0
13366,49,1,56.16,56.16,0.0,1,4,1,1,411,Standard,2011-10-20 13:37:00,2011-10-20 13:37:00,0,1,United Kingdom,56.16,0.0
13367,431,1,510.2,25.509999999999998,22.088194036395862,20,1,1,2,112,Dormant,2010-10-04 10:00:00,2010-10-04 10:00:00,0,20,United Kingdom,100.8,0.0
13368,256,4,1121.5,21.567307692307693,11.327941355535412,52,2,3,3,233,Standard,2010-10-12 10:43:00,2011-03-28 09:59:00,166,45,United Kingdom,51.0,41.5
13369,365,1,616.5600000000001,22.020000000000003,12.32456384924327,28,2,1,2,212,Dormant,2010-12-09 11:30:00,2010-12-09 11:30:00,0,14,United Kingdom,50.0,0.0
13370,371,1,1509.74,19.355641025641027,6.946298947228595,78,2,1,4,214,Dormant,2010-12-03 10:26:00,2010-12-03 10:26:00,0,39,United Kingdom,39.8,0.0
13371,504,2,2297.66,24.9745652173913,19.30462743665952,92,1,2,4,124,Dormant,2010-03-17 15:29:00,2010-07-22 17:33:00,127,75,United Kingdom,102.0,63.5
13372,89,1,378.64,16.46260869565217,8.9308898148715,23,3,1,2,312,Standard,2011-09-11 12:46:00,2011-09-11 12:46:00,0,23,United Kingdom,50.0,0.0
13373,60,6,7587.1900000000005,21.193268156424583,14.266255525266763,358,3,4,5,345,Standard,2009-12-06 12:34:00,2011-10-10 10:51:00,672,292,United Kingdom,123.75,112.0
13374,414,2,422.8,24.870588235294118,17.43819495768851,17,1,2,2,122,Dormant,2010-09-16 10:29:00,2010-10-21 10:04:00,34,17,United Kingdom,68.0,17.0
13375,88,2,1792.23,25.242676056338027,31.37833661064118,71,3,2,4,324,Standard,2010-09-21 08:12:00,2011-09-12 10:19:00,356,62,United Kingdom,252.0,178.0
13376,98,3,1019.76,19.240754716981133,10.131652202011548,53,3,3,3,333,Standard,2011-04-19 13:03:00,2011-09-01 16:16:00,135,45,United Kingdom,50.0,45.0
13377,396,2,1552.88,19.90871794871795,10.585606664942187,78,2,2,4,224,Dormant,2010-03-04 10:06:00,2010-11-08 12:20:00,249,71,United Kingdom,59.5,124.5
13379,25,3,572.56,5.902680412371134,5.42538814192587,97,4,3,2,432,Loyal,2011-07-26 12:26:00,2011-11-13 13:45:00,110,85,United Kingdom,33.0,36.666666666666664
13380,432,1,62.4,20.8,8.057294831393476,3,1,1,1,111,Dormant,2010-10-03 10:18:00,2010-10-03 10:18:00,0,3,United Kingdom,30.0,0.0
13381,31,12,8224.37,23.102162921348317,15.846577151589202,356,4,5,5,455,Champions,2009-12-01 15:19:00,2011-11-08 11:58:00,706,154,United Kingdom,102.0,58.833333333333336
13382,280,5,1387.58,16.134651162790696,5.743455958520899,86,2,4,4,244,Standard,2009-12-08 09:56:00,2011-03-04 10:03:00,451,74,United Kingdom,35.7,90.2
13383,543,1,305.28000000000003,305.28000000000003,0.0,1,1,1,2,112,Dormant,2010-06-14 11:45:00,2010-06-14 11:45:00,0,1,United Kingdom,305.28000000000003,0.0
13384,30,11,6680.83,25.30617424242424,23.650496070809584,264,4,5,5,455,Champions,2010-07-27 12:22:00,2011-11-09 11:04:00,469,192,United Kingdom,232.0,42.63636363636363
13385,329,1,534.57,15.273428571428573,7.62667028682016,35,2,1,2,212,Dormant,2011-01-14 09:52:00,2011-01-14 09:52:00,0,35,United Kingdom,49.9,0.0
13386,413,2,835.46,26.950322580645164,16.486021449270485,31,1,2,3,123,Dormant,2010-09-28 13:09:00,2010-10-21 12:52:00,22,24,United Kingdom,60.0,11.0
13387,416,1,189.44,2.595068493150685,1.883312037702367,73,1,1,1,111,Dormant,2010-10-18 14:07:00,2010-10-18 14:07:00,0,71,United Kingdom,9.95,0.0
13388,130,3,1185.65,17.183333333333334,8.10576731256765,69,3,3,3,333,Standard,2010-04-15 10:18:00,2011-07-31 12:52:00,472,68,United Kingdom,53.1,157.33333333333334
13389,10,3,797.96,15.646274509803922,4.753600723991999,51,5,3,3,533,Loyal,2011-04-21 12:12:00,2011-11-28 14:01:00,221,50,United Kingdom,30.0,73.66666666666667
13390,74,1,544.08,41.8523076923077,37.67481345980056,13,3,1,2,312,Standard,2011-09-26 08:38:00,2011-09-26 08:38:00,0,13,United Kingdom,119.4,0.0
13391,203,1,59.8,59.8,0.0,1,2,1,1,211,Dormant,2011-05-20 10:50:00,2011-05-20 10:50:00,0,1,United Kingdom,59.8,0.0
13392,676,1,91.14,11.3925,4.197603908353976,8,1,1,1,111,Dormant,2010-01-31 13:34:00,2010-01-31 13:34:00,0,8,United Kingdom,17.700000000000003,0.0
13393,583,4,1131.45,16.397826086956524,15.97375253985749,69,1,3,3,133,Standard,2009-12-07 18:12:00,2010-05-05 09:34:00,148,53,United Kingdom,108.0,37.0
13394,1,19,6621.7,16.18997555012225,11.682929802661253,409,5,5,5,555,Champions,2009-12-01 11:58:00,2011-12-08 11:36:00,736,254,United Kingdom,75.60000000000001,38.73684210526316
13395,184,3,1180.23,14.57074074074074,10.636540177352996,81,3,3,3,333,Standard,2010-10-14 13:00:00,2011-06-07 15:04:00,236,77,United Kingdom,60.48,78.66666666666667
13396,28,2,1360.99,31.65093023255814,21.841598015620765,43,4,2,4,424,Standard,2011-01-24 13:37:00,2011-11-10 16:59:00,290,42,United Kingdom,118.8,145.0
13397,72,10,3191.87,35.863707865168536,27.695461409523666,89,3,5,5,355,Standard,2010-01-20 09:50:00,2011-09-28 10:56:00,616,68,United Kingdom,162.72,61.6
13398,191,2,670.34,17.18820512820513,5.883078263252322,39,2,2,3,223,Dormant,2010-09-17 09:34:00,2011-05-31 13:17:00,256,37,United Kingdom,35.7,128.0
13399,463,3,275.4,18.36,2.3620662867195605,15,1,3,1,131,Standard,2010-07-08 17:47:00,2010-09-01 13:59:00,54,10,United Kingdom,19.5,18.0
13400,582,1,310.83,13.514347826086956,4.180228164811272,23,1,1,2,112,Dormant,2010-05-06 09:00:00,2010-05-06 09:00:00,0,23,United Kingdom,19.5,0.0
13402,126,4,1535.13,15.990937500000001,9.55385125740841,96,3,3,4,334,Standard,2010-05-24 10:56:00,2011-08-04 15:51:00,437,55,United Kingdom,53.1,109.25
13403,17,3,229.5,25.5,11.208925015361643,9,5,3,1,531,HighEngagement_LowValue,2009-12-16 13:23:00,2011-11-22 08:28:00,705,9,United Kingdom,45.0,235.0
13404,0,2,252.49,22.953636363636363,14.536098701320977,11,5,2,1,521,Standard,2011-05-11 11:57:00,2011-12-08 15:37:00,211,11,United Kingdom,63.74999999999999,105.5
13405,73,6,1213.811,28.228162790697674,20.16935463935587,43,3,4,3,343,Standard,2009-12-15 14:13:00,2011-09-26 17:01:00,650,33,United Kingdom,87.6,108.33333333333333
13406,426,2,568.92,63.21333333333333,25.356640155982806,9,1,2,2,122,Dormant,2010-03-18 07:29:00,2010-10-08 14:44:00,204,7,United Kingdom,91.8,102.0
13407,578,3,2244.7,26.408235294117645,12.334924592630568,85,1,3,4,134,Standard,2010-02-16 11:13:00,2010-05-10 12:41:00,83,85,United Kingdom,61.2,27.666666666666668
13408,1,106,51733.462,61.58745476190476,47.92538010951584,840,5,5,5,555,Champions,2009-12-04 09:31:00,2011-12-08 09:05:00,733,321,United Kingdom,306.0,6.915094339622642
13410,23,9,2201.96,44.0392,49.04359575990758,50,4,5,4,454,Champions,2009-12-08 13:43:00,2011-11-15 15:33:00,707,25,United Kingdom,306.0,78.55555555555556
13411,106,1,213.55,11.863888888888889,9.207474673833268,18,3,1,1,311,Standard,2011-08-24 13:57:00,2011-08-24 13:57:00,0,17,United Kingdom,34.65,0.0
13412,619,1,487.35,14.333823529411765,7.633823465026367,34,1,1,2,112,Dormant,2010-03-29 16:28:00,2010-03-29 16:28:00,0,33,United Kingdom,30.6,0.0
13413,639,6,429.44,9.986976744186046,22.53343859529694,43,1,4,2,142,Standard,2010-01-21 17:43:00,2010-03-10 12:17:00,47,38,United Kingdom,120.0,7.833333333333333
13414,133,6,2494.14,45.348,88.19906355847884,55,3,4,4,344,Standard,2010-04-15 17:00:00,2011-07-29 11:45:00,469,48,United Kingdom,432.0,78.16666666666667
13415,472,4,800.67,7.6987499999999995,9.851647704825828,104,1,3,3,133,Standard,2009-12-11 14:20:00,2010-08-24 11:38:00,255,85,United Kingdom,51.0,63.75
13416,43,3,940.8000000000001,36.184615384615384,18.531717509344723,26,4,3,3,433,Loyal,2009-12-03 13:02:00,2011-10-27 08:56:00,692,16,United Kingdom,79.2,230.66666666666666
13417,4,6,1669.49,21.681688311688312,8.318492620692737,77,5,4,4,544,Champions,2010-02-08 12:39:00,2011-12-05 08:49:00,664,57,United Kingdom,51.0,110.66666666666667
13418,11,31,12233.6,21.729307282415633,24.230329463079848,563,5,5,5,555,Champions,2009-12-11 12:51:00,2011-11-28 10:23:00,716,328,United Kingdom,250.0,23.096774193548388
13419,63,1,221.06,13.81625,7.5965473517030535,16,3,1,1,311,Standard,2011-10-07 12:49:00,2011-10-07 12:49:00,0,16,United Kingdom,25.200000000000003,0.0
13420,149,2,159.85,19.98125,10.408236350533718,8,3,2,1,321,Standard,2011-06-22 11:35:00,2011-07-13 08:48:00,20,8,United Kingdom,38.25,10.0
13421,39,8,4103.12,15.084999999999999,14.715848248330662,272,4,4,5,445,Champions,2010-02-14 14:45:00,2011-10-30 14:21:00,622,174,United Kingdom,81.6,77.75
13422,63,1,2626.3,20.67952755905512,10.219026283737927,127,3,1,4,314,Standard,2011-10-06 13:42:00,2011-10-06 13:42:00,0,127,United Kingdom,75.0,0.0
13423,428,1,217.03,18.085833333333333,6.701541828474093,12,1,1,1,111,Dormant,2010-10-07 09:02:00,2010-10-07 09:02:00,0,12,United Kingdom,30.0,0.0
13424,449,1,572.77,14.31925,4.378233098420248,40,1,1,2,112,Dormant,2010-09-16 10:49:00,2010-09-16 10:49:00,0,40,United Kingdom,22.5,0.0
13425,107,5,3403.63,19.121516853932587,14.233300789292395,178,3,4,5,345,Standard,2010-05-09 14:35:00,2011-08-23 17:13:00,471,124,United Kingdom,88.80000000000001,94.2
13426,0,22,8167.38,23.811603498542276,25.91965174990742,343,5,5,5,555,Champions,2009-12-09 15:16:00,2011-12-09 08:59:00,729,162,United Kingdom,149.4,33.13636363636363
13427,18,6,1006.53,19.356346153846154,12.71504327964786,52,5,4,3,543,Loyal,2009-12-17 13:44:00,2011-11-20 13:02:00,702,35,United Kingdom,79.2,117.0
13428,9,3,499.98,3.4720833333333334,2.8841854481466163,144,5,3,2,532,Loyal,2010-07-13 13:20:00,2011-11-29 14:20:00,504,122,United Kingdom,17.700000000000003,168.0
13429,10,4,1006.8,15.02686567164179,8.762166469501606,67,5,3,3,533,Loyal,2011-09-25 15:59:00,2011-11-29 09:10:00,64,55,United Kingdom,51.0,16.0
13430,18,2,679.45,13.866326530612247,8.935283220160947,49,5,2,3,523,Standard,2011-09-14 14:26:00,2011-11-21 08:19:00,67,48,United Kingdom,51.0,33.5
13431,66,8,3316.2400000000002,25.707286821705427,23.332008116263868,129,3,4,5,345,Standard,2010-02-18 11:53:00,2011-10-03 13:49:00,592,113,United Kingdom,183.6,74.0
13432,570,2,439.1,3.955855855855856,3.894213765545088,111,1,2,2,122,Dormant,2010-04-06 14:42:00,2010-05-17 13:18:00,40,98,United Kingdom,27.04,20.0
13433,500,4,658.32,27.430000000000003,33.694691750688456,24,1,3,3,133,Standard,2010-01-12 08:59:00,2010-07-26 16:55:00,195,22,United Kingdom,175.2,48.75
13434,73,5,1666.8600000000001,47.624571428571436,41.47726381743995,35,3,4,4,344,Standard,2010-02-22 09:54:00,2011-09-26 14:30:00,581,17,United Kingdom,177.60000000000002,116.2
13435,4,9,4475.2300000000005,29.44230263157895,38.150335914961005,152,5,5,5,555,Champions,2010-07-27 16:56:00,2011-12-04 14:45:00,494,96,United Kingdom,180.0,54.888888888888886
13436,1,1,196.89,16.4075,4.698021101775434,12,5,1,1,511,Standard,2011-12-08 10:33:00,2011-12-08 10:33:00,0,12,United Kingdom,25.5,0.0
13437,13,7,3408.06,20.40754491017964,12.886832986352841,167,5,4,5,545,Champions,2011-06-02 14:30:00,2011-11-25 14:00:00,175,143,United Kingdom,102.0,25.0
13438,546,1,46.5,46.5,0.0,1,1,1,1,111,Dormant,2010-06-10 18:46:00,2010-06-10 18:46:00,0,1,United Kingdom,46.5,0.0
13439,254,3,986.61,5.907844311377246,4.2630507091880805,167,2,3,3,233,Standard,2010-07-01 14:36:00,2011-03-29 14:20:00,270,132,United Kingdom,27.84,90.0
13440,422,7,1295.25,21.953389830508474,15.048504520746551,59,1,4,4,144,Standard,2010-09-14 10:34:00,2010-10-12 13:11:00,28,49,United Kingdom,83.4,4.0
13441,91,2,720.9,18.971052631578946,12.133517301477884,38,3,2,3,323,Standard,2010-10-04 10:38:00,2011-09-09 09:38:00,339,33,United Kingdom,81.12,169.5
13442,666,3,419.87,11.04921052631579,10.509633002458873,38,1,3,2,132,Standard,2009-12-01 14:59:00,2010-02-10 14:03:00,70,33,United Kingdom,45.95,23.333333333333332
13443,448,6,1280.16,6.275294117647059,9.269166770666514,204,1,4,4,144,Standard,2010-01-31 13:30:00,2010-09-17 12:31:00,228,176,United Kingdom,79.9,38.0
13444,373,2,631.68,10.89103448275862,6.5982780022731164,58,2,2,3,223,Dormant,2010-07-21 14:34:00,2010-11-30 13:02:00,131,51,United Kingdom,29.700000000000003,65.5
13445,625,1,241.89999999999998,34.55714285714286,25.427600302483462,7,1,1,1,111,Dormant,2010-03-23 15:34:00,2010-03-23 15:34:00,0,7,United Kingdom,81.6,0.0
13446,429,11,3881.89,20.218177083333334,16.617743948474587,192,1,5,5,155,At_Risk_HighValue,2010-02-14 11:52:00,2010-10-05 18:51:00,233,113,United Kingdom,152.64,21.181818181818183
13447,22,3,1129.14,19.137966101694918,10.47089476459605,59,4,3,3,433,Loyal,2011-11-04 10:10:00,2011-11-16 13:38:00,12,55,United Kingdom,53.55,4.0
13448,16,13,9240.87,16.560698924731184,18.772894026734214,558,5,5,5,555,Champions,2009-12-06 12:14:00,2011-11-23 12:33:00,717,321,United Kingdom,359.71,55.15384615384615
13449,23,1,291.88,15.362105263157895,7.659206935263793,19,4,1,2,412,Standard,2011-11-16 08:28:00,2011-11-16 08:28:00,0,19,United Kingdom,34.0,0.0
13450,26,13,4120.04,28.027482993197278,19.722566202040916,147,4,5,5,455,Champions,2010-04-15 19:15:00,2011-11-13 11:54:00,576,57,United Kingdom,103.68,44.30769230769231
13451,25,11,7190.92,6.9010748560460655,4.797938237573199,1042,4,5,5,455,Champions,2010-03-21 16:13:00,2011-11-13 15:58:00,601,561,United Kingdom,39.8,54.63636363636363
13452,258,3,729.8,243.26666666666665,89.60476177822991,3,2,3,3,233,Standard,2010-08-24 09:53:00,2011-03-25 14:19:00,213,2,United Kingdom,295.0,71.0
13453,165,3,781.69,19.542250000000003,7.762650712852125,40,3,3,3,333,Standard,2010-11-02 13:23:00,2011-06-27 09:34:00,236,33,United Kingdom,39.8,78.66666666666667
13454,640,1,219.87,9.559565217391304,8.32310228343695,23,1,1,1,111,Dormant,2010-03-08 14:40:00,2010-03-08 14:40:00,0,23,United Kingdom,35.400000000000006,0.0
13455,24,6,2905.93,20.18006944444444,10.32774797895563,144,4,4,4,444,Champions,2009-12-09 08:58:00,2011-11-15 11:21:00,706,79,United Kingdom,63.75,117.66666666666667
13456,17,6,1766.72,28.043174603174602,35.714791723092276,63,5,4,4,544,Champions,2011-05-16 15:34:00,2011-11-22 09:18:00,189,43,United Kingdom,207.50000000000003,31.5
13457,688,2,148.22,16.468888888888888,11.854543901437589,9,1,2,1,121,Dormant,2009-12-02 12:46:00,2010-01-20 08:48:00,48,9,United Kingdom,46.8,24.0
13458,6,16,11959.27,24.658288659793815,17.43105522092253,485,5,5,5,555,Champions,2010-11-16 14:01:00,2011-12-02 15:29:00,381,290,United Kingdom,122.4,23.8125
13459,624,2,1160.41,15.896027397260275,6.021980049905612,73,1,2,3,123,Dormant,2010-01-26 13:35:00,2010-03-25 10:24:00,57,57,United Kingdom,39.6,28.5
13460,28,2,183.44,10.790588235294118,3.426091925554967,17,4,2,1,421,Standard,2011-10-21 09:50:00,2011-11-10 17:17:00,20,16,United Kingdom,17.0,10.0
13461,38,6,4160.0,67.09677419354838,47.717766453651464,62,4,4,5,445,Champions,2010-04-21 16:01:00,2011-11-01 09:01:00,558,30,United Kingdom,208.8,93.0
13462,252,5,1153.8500000000001,16.251408450704226,6.593197640810164,71,2,4,3,243,Standard,2009-12-14 09:48:00,2011-04-01 11:20:00,473,64,United Kingdom,39.6,94.6
13464,57,6,3097.64,20.514172185430464,11.516734106369793,151,4,4,5,445,Champions,2010-03-31 15:22:00,2011-10-12 15:01:00,559,128,United Kingdom,68.0,93.16666666666667
13465,445,2,931.12,27.385882352941177,33.773226003039845,34,1,2,3,123,Dormant,2010-05-02 15:30:00,2010-09-19 15:13:00,139,34,United Kingdom,175.2,69.5
13466,183,5,1013.35,18.424545454545456,9.143256737675246,55,3,4,3,343,Standard,2010-03-21 13:50:00,2011-06-08 16:39:00,444,49,United Kingdom,51.0,88.8
13467,10,2,1083.71,10.946565656565657,9.402501096008507,99,5,2,3,523,Standard,2011-11-03 16:56:00,2011-11-29 10:01:00,25,89,United Kingdom,39.8,12.5
13468,1,72,13390.51,18.39355769230769,10.2381876435726,728,5,5,5,555,Champions,2009-12-03 13:32:00,2011-12-08 10:39:00,734,290,United Kingdom,163.2,10.194444444444445
13469,652,1,82.4,13.733333333333334,3.9403891516786342,6,1,1,1,111,Dormant,2010-02-24 15:03:00,2010-02-24 15:03:00,0,6,United Kingdom,19.9,0.0
13470,98,2,165.0,16.5,0.0,10,3,2,1,321,Standard,2011-08-16 17:06:00,2011-09-01 14:57:00,15,7,United Kingdom,16.5,7.5
13471,0,4,2531.58,9.736846153846153,7.944928693534759,260,5,3,4,534,Loyal,2011-10-23 13:10:00,2011-12-08 15:44:00,46,214,United Kingdom,45.0,11.5
13472,463,2,592.24,21.15142857142857,10.132214380576848,28,1,2,2,122,Dormant,2010-06-02 09:48:00,2010-09-02 09:41:00,91,24,United Kingdom,47.6,45.5
13473,60,8,2657.76,37.968,49.15582892883773,70,3,4,4,344,Standard,2009-12-15 19:02:00,2011-10-10 11:20:00,663,65,United Kingdom,306.0,82.875
13474,235,3,663.79,5.106076923076923,4.417576152575573,130,2,3,3,233,Standard,2010-08-01 14:40:00,2011-04-17 13:53:00,258,116,United Kingdom,22.95,86.0
13475,190,4,1431.78,16.648604651162792,8.627178417180236,86,2,3,4,234,Standard,2011-02-14 12:36:00,2011-06-01 13:52:00,107,64,United Kingdom,76.32000000000001,26.75
13476,178,5,2061.4700000000003,19.447830188679248,15.876849093943102,106,3,4,4,344,Standard,2010-03-05 09:39:00,2011-06-14 12:00:00,466,86,United Kingdom,125.0,93.2
13477,37,11,2834.17,17.937784810126583,11.72839635452946,158,4,5,4,454,Champions,2010-01-25 11:52:00,2011-11-02 12:04:00,646,112,United Kingdom,90.0,58.72727272727273
13478,468,5,2215.78,17.72624,7.416709954881527,125,1,4,4,144,Standard,2010-01-31 15:51:00,2010-08-27 13:23:00,207,114,United Kingdom,51.0,41.4
13479,200,4,851.37,16.063584905660377,6.447567547992159,53,2,3,3,233,Standard,2010-08-19 16:18:00,2011-05-23 10:45:00,276,45,United Kingdom,39.6,69.0
13480,416,2,627.82,15.31268292682927,3.4880539161474013,41,1,2,3,123,Dormant,2010-01-29 12:35:00,2010-10-19 11:53:00,262,40,United Kingdom,26.0,131.0
13481,45,11,3830.84,17.101964285714285,6.381139788721374,224,4,5,5,455,Champions,2009-12-04 12:37:00,2011-10-25 09:07:00,689,162,United Kingdom,41.6,62.63636363636363
13482,231,2,336.09,16.804499999999997,3.9514027822241085,20,2,2,2,222,Dormant,2010-03-22 10:31:00,2011-04-21 17:03:00,395,20,United Kingdom,23.4,197.5
13483,65,1,140.34,14.034,6.5758619206914615,10,3,1,1,311,Standard,2011-10-05 11:53:00,2011-10-05 11:53:00,0,10,United Kingdom,30.0,0.0
13484,240,3,790.72,20.274871794871796,15.149327390279339,39,2,3,3,233,Standard,2010-03-10 11:46:00,2011-04-12 16:30:00,398,38,United Kingdom,67.5,132.66666666666666
13485,232,11,3019.2200000000003,19.108987341772153,11.911641374801249,158,2,5,5,255,At_Risk_HighValue,2009-12-03 13:46:00,2011-04-20 13:58:00,503,131,United Kingdom,101.7,45.72727272727273
13486,77,3,1122.41,16.2668115942029,5.601415391706979,69,3,3,3,333,Standard,2011-07-07 17:19:00,2011-09-22 13:13:00,76,69,United Kingdom,39.6,25.333333333333332
13487,57,5,846.87,17.283061224489796,5.725661971947595,49,4,4,3,443,Loyal,2009-12-05 10:25:00,2011-10-13 12:07:00,677,31,United Kingdom,35.400000000000006,135.4
13488,16,23,15587.880000000001,21.53022099447514,18.260787537786943,724,5,5,5,555,Champions,2010-01-25 10:13:00,2011-11-22 14:41:00,666,370,United Kingdom,238.8,28.956521739130434
13489,104,4,449.52,32.10857142857143,41.072152433181614,14,3,3,2,332,Standard,2011-02-18 10:42:00,2011-08-26 13:16:00,189,11,United Kingdom,158.4,47.25
13490,653,1,154.25,19.28125,5.913660789102756,8,1,1,1,111,Dormant,2010-02-23 14:48:00,2010-02-23 14:48:00,0,8,United Kingdom,29.9,0.0
13491,51,27,4566.56,17.039402985074627,8.72690254939619,268,4,5,5,455,Champions,2009-12-07 08:24:00,2011-10-19 08:32:00,681,144,United Kingdom,75.0,25.22222222222222
13492,135,3,1269.84,25.3968,14.51249784264077,50,3,3,4,334,Standard,2011-05-09 10:06:00,2011-07-26 14:25:00,78,38,Switzerland,67.5,26.0
13493,274,2,618.63,77.32875,47.671480374238726,8,2,2,3,223,Dormant,2011-02-25 16:42:00,2011-03-09 15:35:00,11,6,Switzerland,156.6,5.5
13494,311,1,316.26000000000005,17.570000000000004,5.548250386648136,18,2,1,2,212,Dormant,2011-02-01 11:58:00,2011-02-01 11:58:00,0,18,United Kingdom,35.400000000000006,0.0
13495,7,10,5374.26,36.5595918367347,29.674343049993535,147,5,5,5,555,Champions,2009-12-07 12:12:00,2011-12-02 11:21:00,724,59,United Kingdom,135.0,72.4
13496,10,2,653.33,18.66657142857143,12.164894511971529,35,5,2,3,523,Standard,2010-12-15 10:17:00,2011-11-29 10:58:00,349,28,United Kingdom,70.80000000000001,174.5
13497,282,6,1320.3300000000002,19.706417910447765,7.857404286768946,67,2,4,4,244,Standard,2010-02-08 10:27:00,2011-03-02 09:04:00,386,52,United Kingdom,40.8,64.33333333333333
13498,729,1,327.38,19.25764705882353,9.411319334591036,17,1,1,2,112,Dormant,2009-12-09 15:26:00,2009-12-09 15:26:00,0,17,United Kingdom,51.0,0.0
13499,17,5,1159.1100000000001,27.597857142857144,17.988382366800415,42,5,4,3,543,Loyal,2011-03-15 08:52:00,2011-11-22 11:21:00,252,31,United Kingdom,102.0,50.4
13500,22,4,1466.3,17.250588235294117,5.422054687183847,85,4,3,4,434,Loyal,2010-11-03 13:16:00,2011-11-16 15:35:00,378,77,United Kingdom,39.6,94.5
13501,287,3,2885.11,25.30798245614035,18.922214419786126,114,2,3,4,234,At_Risk_HighValue,2010-05-18 13:24:00,2011-02-24 18:59:00,282,90,Switzerland,102.0,94.0
13502,16,5,780.5,23.651515151515152,23.20331430006446,33,5,4,3,543,Loyal,2010-06-09 10:52:00,2011-11-23 10:39:00,531,28,United Kingdom,107.1,106.2
13503,70,6,1905.39,9.623181818181818,8.360887335251217,198,3,4,4,344,Standard,2010-02-16 13:49:00,2011-09-29 13:23:00,589,158,United Kingdom,81.2,98.16666666666667
13504,63,1,295.93,13.451363636363636,5.436369845730431,22,3,1,2,312,Standard,2011-10-06 13:20:00,2011-10-06 13:20:00,0,22,United Kingdom,22.5,0.0
13505,72,4,4393.63,20.435488372093022,27.056715244657322,215,3,3,5,335,Standard,2011-04-21 12:07:00,2011-09-28 11:56:00,159,182,Switzerland,320.0,39.75
13506,315,5,1639.2,16.726530612244897,6.176709346790032,98,2,4,4,244,Standard,2010-09-05 12:33:00,2011-01-27 13:53:00,144,55,United Kingdom,44.55,28.8
13507,2,4,2479.16,15.303456790123455,5.936384214452394,162,5,3,4,534,Loyal,2011-07-17 11:50:00,2011-12-06 13:13:00,142,146,United Kingdom,39.6,35.5
13508,243,2,287.05,10.251785714285715,7.396261845399626,28,2,2,1,221,Dormant,2010-03-07 11:58:00,2011-04-10 11:58:00,399,27,United Kingdom,27.25,199.5
13509,8,8,1114.72,22.749387755102042,19.900266791361037,49,5,4,3,543,Loyal,2010-07-20 12:10:00,2011-12-01 10:10:00,498,27,United Kingdom,127.2,62.25
13510,0,11,4558.29,15.772629757785467,5.74021794779076,289,5,5,5,555,Champions,2009-12-21 11:53:00,2011-12-08 13:46:00,717,176,United Kingdom,40.8,65.18181818181819
13511,676,1,282.76,56.552,45.962389733346114,5,1,1,1,111,Dormant,2010-02-01 12:10:00,2010-02-01 12:10:00,0,5,United Kingdom,130.8,0.0
13512,260,4,713.39,18.292051282051283,8.635906126682938,39,2,3,3,233,Standard,2010-05-05 13:22:00,2011-03-24 10:03:00,322,31,United Kingdom,45.0,80.5
13513,126,3,824.59,20.61475,15.4443703107272,40,3,3,3,333,Standard,2010-02-22 16:36:00,2011-08-05 11:50:00,528,32,United Kingdom,91.44,176.0
13514,73,4,815.9000000000001,38.852380952380955,18.080061367363196,21,3,3,3,333,Standard,2010-01-26 15:11:00,2011-09-27 09:39:00,608,15,United Kingdom,79.2,152.0
13515,72,6,1265.82,16.655526315789473,9.182261507165045,76,3,4,4,344,Standard,2010-03-05 11:58:00,2011-09-28 11:26:00,571,64,United Kingdom,81.6,95.16666666666667
13516,20,4,1685.26,27.6272131147541,37.67635165153988,61,4,3,4,434,Loyal,2010-10-18 08:52:00,2011-11-18 13:15:00,396,55,United Kingdom,180.0,99.0
13517,59,3,2128.42,15.09517730496454,4.869670655164164,141,3,3,4,334,Standard,2011-06-13 08:44:00,2011-10-11 11:43:00,120,125,United Kingdom,35.400000000000006,40.0
13518,85,1,659.44,17.353684210526318,5.351401140622151,38,3,1,3,313,Standard,2011-09-15 10:29:00,2011-09-15 10:29:00,0,36,United Kingdom,35.400000000000006,0.0
13519,77,2,343.21,18.063684210526315,5.540893640847232,19,3,2,2,322,Standard,2010-09-23 11:45:00,2011-09-22 18:24:00,364,19,United Kingdom,29.96,182.0
13520,58,11,6909.4,33.70439024390244,32.72880353192394,205,4,5,5,455,Champions,2009-12-17 11:11:00,2011-10-12 10:20:00,663,81,Switzerland,200.0,60.27272727272727
13521,0,3,1093.65,2.508371559633028,2.392881658052097,436,5,3,3,533,Loyal,2011-11-29 15:09:00,2011-12-08 13:50:00,8,313,United Kingdom,17.0,2.6666666666666665
13522,29,1,125.80000000000001,25.160000000000004,9.370325501283295,5,4,1,1,411,Standard,2011-11-09 15:11:00,2011-11-09 15:11:00,0,5,United Kingdom,35.7,0.0
13523,32,6,5101.52,22.084502164502165,19.691778809591195,231,4,4,5,445,Champions,2010-11-02 14:55:00,2011-11-06 15:11:00,369,177,United Kingdom,165.0,61.5
13524,40,5,680.1800000000001,25.191851851851855,12.082589201961715,27,4,4,3,443,Loyal,2011-05-04 12:26:00,2011-10-30 12:34:00,179,17,United Kingdom,40.8,35.8
13525,14,2,628.78,104.79666666666667,98.95851285597752,6,5,2,3,523,Standard,2011-04-05 15:36:00,2011-11-25 12:01:00,233,5,United Kingdom,232.0,116.5
13526,737,2,1182.0,26.863636363636363,40.5802435085539,44,1,2,3,123,Dormant,2009-12-01 12:56:00,2009-12-01 13:13:00,0,29,United Kingdom,244.8,0.0
13527,33,12,4683.74,10.248884026258205,6.516420912972811,457,4,5,5,455,Champions,2010-01-21 12:37:00,2011-11-06 12:04:00,653,266,United Kingdom,35.8,54.416666666666664
13529,78,2,307.76,20.517333333333333,12.543615602407161,15,3,2,2,322,Standard,2011-05-19 11:50:00,2011-09-22 09:15:00,125,15,United Kingdom,50.85,62.5
13530,633,1,402.98,22.387777777777778,7.423914106022158,18,1,1,2,112,Dormant,2010-03-15 14:10:00,2010-03-15 14:10:00,0,18,United Kingdom,35.400000000000006,0.0
13531,204,6,1738.52,19.31688888888889,7.572435917051572,90,2,4,4,244,Standard,2009-12-03 15:20:00,2011-05-18 16:56:00,531,44,United Kingdom,41.6,88.5
13532,33,1,210.31,3.1865151515151515,3.843936080643719,66,4,1,1,411,Standard,2011-11-06 12:25:00,2011-11-06 12:25:00,0,66,United Kingdom,30.0,0.0
13533,182,3,270.79,3.563026315789474,2.1821353576939826,76,3,3,1,331,HighEngagement_LowValue,2011-03-17 12:47:00,2011-06-10 11:54:00,84,61,United Kingdom,13.05,28.0
13534,1,35,7720.900000000001,19.696173469387755,8.355040143898085,392,5,5,5,555,Champions,2010-07-07 15:00:00,2011-12-07 14:52:00,517,163,United Kingdom,58.5,14.771428571428572
13535,402,1,89.5,89.5,0.0,1,2,1,1,211,Dormant,2010-11-02 11:49:00,2010-11-02 11:49:00,0,1,United Kingdom,89.5,0.0
13536,0,7,3448.29,19.264189944134078,16.02661156992197,179,5,4,5,545,Champions,2011-09-25 13:30:00,2011-12-08 16:38:00,74,91,United Kingdom,89.10000000000001,10.571428571428571
13537,425,2,717.85,17.09166666666667,7.420167941254615,42,1,2,3,123,Dormant,2010-09-14 10:41:00,2010-10-10 12:45:00,26,38,United Kingdom,39.8,13.0
13538,42,12,3112.73,21.616180555555555,18.759956684926497,144,4,5,5,455,Champions,2010-02-02 12:47:00,2011-10-27 16:34:00,632,105,United Kingdom,70.8,52.666666666666664
13539,85,7,1569.36,18.248372093023253,9.93825654735751,86,3,4,4,344,Standard,2010-04-28 12:04:00,2011-09-15 10:18:00,504,69,United Kingdom,63.5,72.0
13540,466,3,632.39,19.7621875,7.993987552902979,32,1,3,3,133,Standard,2010-02-22 09:22:00,2010-08-29 14:20:00,188,26,United Kingdom,35.7,62.666666666666664
13541,426,2,785.25,78.525,50.78273574749593,10,1,2,3,123,Dormant,2010-05-18 16:15:00,2010-10-08 16:37:00,143,10,United Kingdom,163.2,71.5
13542,376,17,4006.17,11.887744807121662,10.660032733306165,337,2,5,5,255,At_Risk_HighValue,2009-12-10 19:53:00,2010-11-28 11:24:00,352,98,United Kingdom,76.19999999999999,20.705882352941178
13543,633,2,1439.61,30.63,24.267206266894416,47,1,2,4,124,Dormant,2010-01-21 14:30:00,2010-03-15 13:34:00,52,37,United Kingdom,81.6,26.0
13544,39,6,829.0,3.2131782945736433,2.8629415322556953,258,4,4,3,443,Loyal,2010-03-05 11:31:00,2011-10-31 11:57:00,605,219,United Kingdom,25.5,100.83333333333333
13545,390,2,374.64,6.572631578947369,4.965171744373786,57,2,2,2,222,Dormant,2010-06-13 11:49:00,2010-11-14 11:27:00,153,54,United Kingdom,30.6,76.5
13546,11,5,1092.14,7.138169934640524,7.080134127289252,153,5,4,3,543,Loyal,2010-10-11 17:23:00,2011-11-27 14:50:00,411,95,United Kingdom,51.0,82.2
13547,407,1,175.53,3.7346808510638296,3.5143561789396696,47,2,1,1,211,Dormant,2010-10-27 14:14:00,2010-10-27 14:14:00,0,44,United Kingdom,23.8,0.0
13548,95,3,908.99,4.860909090909091,5.919970187304396,187,3,3,3,333,Standard,2010-08-25 13:44:00,2011-09-04 14:50:00,375,169,United Kingdom,54.18,125.0
13549,25,8,1005.8000000000001,17.047457627118646,6.732534388101311,59,4,4,3,443,Loyal,2010-11-17 12:17:00,2011-11-14 09:20:00,361,44,United Kingdom,45.0,45.125
13550,382,1,349.51,7.943409090909091,6.869242517118259,44,2,1,2,212,Dormant,2010-11-21 15:24:00,2010-11-21 15:24:00,0,40,United Kingdom,34.8,0.0
13551,318,2,244.2,48.839999999999996,58.561851917438524,5,2,2,1,221,Dormant,2010-02-11 15:01:00,2011-01-24 14:46:00,346,5,United Kingdom,152.39999999999998,173.0
13552,65,22,6978.92,33.5525,27.269919714880697,208,3,5,5,355,Standard,2010-02-19 13:28:00,2011-10-04 15:19:00,592,162,United Kingdom,175.2,26.90909090909091
13553,674,1,517.8,5.508510638297872,4.451898944221783,94,1,1,2,112,Dormant,2010-02-03 12:21:00,2010-02-03 12:21:00,0,85,United Kingdom,27.9,0.0
13554,379,7,1638.28,8.232562814070352,7.434669873376018,199,2,4,4,244,Standard,2010-09-19 12:39:00,2010-11-24 15:05:00,66,156,United Kingdom,59.7,9.428571428571429
13555,73,13,8999.19,22.111031941031943,25.460465807394787,407,3,5,5,355,Standard,2010-01-19 13:20:00,2011-09-27 12:36:00,615,264,United Kingdom,229.5,47.30769230769231
13556,428,2,200.82,22.313333333333333,11.049959275943056,9,1,2,1,121,Dormant,2010-09-30 09:01:00,2010-10-06 16:44:00,6,8,United Kingdom,45.0,3.0
13557,27,13,3032.26,16.84588888888889,8.567984110596198,180,4,5,5,455,Champions,2009-12-08 17:41:00,2011-11-11 15:24:00,702,126,United Kingdom,60.0,54.0
13558,5,4,605.06,3.457485714285714,2.871058811572377,175,5,3,2,532,Loyal,2011-10-02 13:01:00,2011-12-04 11:24:00,62,123,United Kingdom,16.6,15.5
13559,512,2,990.0,495.0,233.3452377915607,2,1,2,3,123,Dormant,2010-06-14 11:52:00,2010-07-15 09:52:00,30,1,United Kingdom,660.0,15.0
13560,6,1,174.37,5.283939393939394,2.835004342362128,33,5,1,1,511,Standard,2011-12-02 13:11:00,2011-12-02 13:11:00,0,32,United Kingdom,14.75,0.0
13561,215,11,1820.72,7.814248927038626,8.271880205093847,233,2,5,4,254,Standard,2010-02-28 13:42:00,2011-05-08 12:39:00,433,131,United Kingdom,81.6,39.36363636363637
13562,81,8,4838.18,24.684591836734697,15.873281512856579,196,3,4,5,345,Standard,2010-01-14 16:33:00,2011-09-19 10:51:00,612,88,United Kingdom,170.0,76.5
13563,83,2,777.53,15.867959183673468,28.898367959943677,49,3,2,3,323,Standard,2011-07-22 17:21:00,2011-09-16 14:45:00,55,49,United Kingdom,165.0,27.5
13564,143,37,17249.55,13.571636506687646,17.938779573742682,1271,3,5,5,355,Standard,2009-12-02 11:55:00,2011-07-18 14:33:00,593,484,United Kingdom,550.64,16.027027027027028
13565,18,3,414.8,6.913333333333333,6.3581730844442585,60,5,3,2,532,Loyal,2010-10-24 15:51:00,2011-11-20 14:33:00,391,45,United Kingdom,37.5,130.33333333333334
13566,40,5,1708.1200000000001,4.56716577540107,4.48977891814719,374,4,4,4,444,Champions,2010-03-10 12:22:00,2011-10-30 11:59:00,598,263,United Kingdom,47.6,119.6
13567,427,4,1083.69,5.338374384236453,4.910827582221849,203,1,3,3,133,Standard,2010-06-16 12:48:00,2010-10-07 12:51:00,113,180,United Kingdom,30.0,28.25
13568,172,1,192.85,4.382954545454545,2.7759964308212552,44,3,1,1,311,Standard,2011-06-19 14:42:00,2011-06-19 14:42:00,0,41,United Kingdom,11.8,0.0
13569,16,4,893.78,4.176542056074767,3.058052282276055,214,5,3,3,533,Loyal,2010-10-07 13:05:00,2011-11-22 13:07:00,411,140,United Kingdom,16.95,102.75
13570,242,1,239.49,8.870000000000001,10.635411821616717,27,2,1,1,211,Dormant,2011-04-10 13:36:00,2011-04-10 13:36:00,0,27,United Kingdom,40.56,0.0
13571,12,26,4546.54,6.7256508875739645,5.619375240561553,676,5,5,5,555,Champions,2009-12-08 13:02:00,2011-11-27 10:47:00,718,263,United Kingdom,76.5,27.615384615384617
13572,205,1,1384.25,41.946969696969695,31.11773534546342,33,2,1,4,214,Dormant,2011-05-18 11:59:00,2011-05-18 11:59:00,0,32,United Kingdom,157.92000000000002,0.0
13573,49,6,916.47,10.297415730337079,14.284146848874254,89,4,4,3,443,Loyal,2010-03-12 16:06:00,2011-10-20 14:33:00,586,73,United Kingdom,84.5,97.66666666666667
13574,410,1,421.25,4.089805825242719,4.276902622267415,103,1,1,2,112,Dormant,2010-10-24 13:28:00,2010-10-24 13:28:00,0,84,United Kingdom,25.5,0.0
13575,22,5,732.07,15.914565217391305,5.52703444957269,46,4,4,3,443,Loyal,2011-06-16 14:24:00,2011-11-16 13:14:00,152,41,United Kingdom,41.6,30.4
13576,9,28,11551.74,41.40408602150538,59.757361261780886,279,5,5,5,555,Champions,2009-12-08 15:12:00,2011-11-29 15:34:00,721,145,United Kingdom,244.08,25.75
13577,24,11,3489.28,20.76952380952381,12.928128308780515,168,4,5,5,455,Champions,2009-12-14 16:10:00,2011-11-14 15:19:00,699,102,United Kingdom,99.0,63.54545454545455
13578,408,1,147.66,16.406666666666666,22.309296268596192,9,2,1,1,211,Dormant,2010-10-26 13:44:00,2010-10-26 13:44:00,0,9,United Kingdom,61.2,0.0
13579,14,5,1539.04,17.100444444444445,7.735940768615708,90,5,4,4,544,Champions,2010-02-18 13:53:00,2011-11-25 08:41:00,644,72,United Kingdom,47.7,128.8
13580,405,1,107.75,21.55,10.29575155100394,5,2,1,1,211,Dormant,2010-10-29 15:01:00,2010-10-29 15:01:00,0,5,United Kingdom,39.95,0.0
13581,308,2,280.53000000000003,8.500909090909092,7.700927039826262,33,2,2,1,221,Dormant,2010-10-21 16:30:00,2011-02-03 14:41:00,104,32,United Kingdom,31.8,52.0
13582,389,2,241.68,21.970909090909092,9.795555578470735,11,2,2,1,221,Dormant,2010-04-01 11:38:00,2010-11-15 11:34:00,227,10,United Kingdom,47.2,113.5
13583,155,2,1445.031,15.052406249999999,5.785024446253447,96,3,2,4,324,Standard,2010-01-29 13:53:00,2011-07-07 10:40:00,523,93,United Kingdom,31.6,261.5
13584,306,3,392.45,4.728313253012048,5.0889681783430385,83,2,3,2,232,Standard,2010-02-02 08:40:00,2011-02-06 12:49:00,369,74,United Kingdom,27.25,123.0
13585,530,3,684.54,17.552307692307693,7.8145234092272275,39,1,3,3,133,Standard,2009-12-01 14:56:00,2010-06-27 12:33:00,207,29,United Kingdom,34.8,69.0
13586,540,1,131.53,6.263333333333334,5.781940274106377,21,1,1,1,111,Dormant,2010-06-16 13:47:00,2010-06-16 13:47:00,0,20,United Kingdom,19.8,0.0
13587,63,4,1673.5,55.78333333333333,66.81267215820318,30,3,3,4,334,Standard,2010-02-14 13:17:00,2011-10-07 12:31:00,599,27,United Kingdom,299.4,149.75
13588,15,9,2478.95,14.246839080459768,8.10188416018481,174,5,5,4,554,Champions,2011-03-29 15:53:00,2011-11-24 10:42:00,239,131,United Kingdom,39.6,26.555555555555557
13589,14,6,1120.74,21.552692307692308,16.276615141130808,52,5,4,3,543,Loyal,2009-12-06 10:26:00,2011-11-25 12:10:00,719,48,United Kingdom,90.0,119.83333333333333
13590,10,18,6349.59,15.486804878048781,14.027537614514756,410,5,5,5,555,Champions,2009-12-01 13:37:00,2011-11-28 12:54:00,726,255,United Kingdom,113.76,40.333333333333336
13591,64,7,2093.94,20.732079207920794,10.198196048010814,101,3,4,4,344,Standard,2009-12-14 15:44:00,2011-10-06 12:26:00,660,89,United Kingdom,76.5,94.28571428571429
13592,35,4,247.95999999999998,15.497499999999999,5.559059272934586,16,4,3,1,431,HighEngagement_LowValue,2011-03-20 14:01:00,2011-11-04 09:49:00,228,15,United Kingdom,32.849999999999994,57.0
13593,107,14,5523.6900000000005,13.472414634146343,9.928911909685713,410,3,5,5,355,Standard,2010-03-02 16:36:00,2011-08-23 13:35:00,538,212,United Kingdom,85.0,38.42857142857143
13594,52,2,533.32,16.161212121212124,7.499701143035533,33,4,2,2,422,Standard,2010-08-11 10:23:00,2011-10-18 10:19:00,432,31,United Kingdom,33.0,216.0
13595,516,3,818.22,5.383026315789474,6.115504239657034,152,1,3,3,133,Standard,2010-03-03 14:42:00,2010-07-11 12:36:00,129,114,United Kingdom,64.5,43.0
13596,5,2,697.04,4.199036144578313,4.863464811679346,166,5,2,3,523,Standard,2011-11-27 11:57:00,2011-12-04 12:01:00,7,133,United Kingdom,24.9,3.5
13597,399,2,396.71,23.335882352941177,14.39545981326384,17,2,2,2,222,Dormant,2010-11-02 09:30:00,2010-11-04 14:54:00,2,17,United Kingdom,65.4,1.0
13598,46,5,789.59,7.975656565656566,10.68966047852575,99,4,4,3,443,Loyal,2010-02-26 11:22:00,2011-10-23 14:28:00,604,78,United Kingdom,81.6,120.8
13599,0,33,10167.630000000001,24.79909756097561,24.20857648576701,410,5,5,5,555,Champions,2009-12-01 12:30:00,2011-12-08 16:10:00,737,235,United Kingdom,165.0,22.333333333333332
13600,311,2,518.42,12.644390243902437,15.621876175539942,41,2,2,2,222,Dormant,2010-03-15 17:16:00,2011-01-31 15:27:00,321,35,United Kingdom,74.75,160.5
13601,44,4,1185.14,6.077641025641026,5.620364534382013,195,4,3,3,433,Loyal,2010-06-11 15:03:00,2011-10-25 17:31:00,501,160,United Kingdom,29.700000000000003,125.25
13602,64,4,1025.17,17.67534482758621,5.949325545001834,58,3,3,3,333,Standard,2010-05-28 11:49:00,2011-10-06 11:47:00,495,49,United Kingdom,30.6,123.75
13603,25,1,164.34,6.086666666666667,5.017181249696654,27,4,1,1,411,Standard,2011-11-13 15:57:00,2011-11-13 15:57:00,0,27,United Kingdom,17.9,0.0
13604,658,1,717.62,34.172380952380955,25.97467861298035,21,1,1,3,113,Dormant,2010-02-19 12:02:00,2010-02-19 12:02:00,0,21,United Kingdom,97.5,0.0
13605,386,2,522.67,9.861698113207547,8.570346401725736,53,2,2,2,222,Dormant,2010-05-17 15:46:00,2010-11-17 17:16:00,184,50,United Kingdom,39.0,92.0
13606,28,3,280.54,6.524186046511629,7.525876703417269,43,4,3,1,431,HighEngagement_LowValue,2011-02-01 11:42:00,2011-11-10 17:46:00,282,40,United Kingdom,30.6,94.0
13607,39,2,1078.31,8.838606557377048,6.48757748922002,122,4,2,3,423,Standard,2010-11-02 11:48:00,2011-10-30 16:17:00,362,110,United Kingdom,25.5,181.0
13608,540,1,236.2,6.561111111111111,6.5768762788501345,36,1,1,1,111,Dormant,2010-06-17 12:28:00,2010-06-17 12:28:00,0,31,United Kingdom,29.5,0.0
13609,592,1,167.35,23.907142857142855,10.950092411003835,7,1,1,1,111,Dormant,2010-04-25 13:26:00,2010-04-25 13:26:00,0,7,United Kingdom,39.9,0.0
13610,11,14,2175.88,5.23048076923077,4.840102782899022,416,5,5,4,554,Champions,2010-01-05 14:12:00,2011-11-27 15:38:00,691,309,United Kingdom,51.0,49.357142857142854
13611,88,10,3319.53,14.495764192139738,9.440222545897985,229,3,5,5,355,Standard,2009-12-03 07:57:00,2011-09-11 14:51:00,647,170,United Kingdom,60.84,64.7
13612,632,1,818.29,16.3658,5.121420836814244,50,1,1,3,113,Dormant,2010-03-17 12:14:00,2010-03-17 12:14:00,0,50,United Kingdom,35.400000000000006,0.0
13613,452,5,1039.8500000000001,17.62457627118644,6.297844546989703,59,1,4,3,143,Standard,2010-02-17 12:40:00,2010-09-13 12:01:00,207,50,United Kingdom,35.7,41.4
13614,23,6,2359.19,8.70549815498155,7.546474307459396,271,4,4,4,444,Champions,2010-06-06 13:42:00,2011-11-15 14:47:00,527,227,United Kingdom,50.85,87.83333333333333
13615,318,8,6272.53,17.091362397820163,15.458094853488786,367,2,4,5,245,At_Risk_HighValue,2010-01-28 15:43:00,2011-01-25 08:21:00,361,259,United Kingdom,295.0,45.125
13616,567,2,288.1,7.786486486486487,6.634250864606684,37,1,2,1,121,Dormant,2010-01-17 14:56:00,2010-05-20 12:59:00,122,31,United Kingdom,31.2,61.0
13617,39,8,1278.75,11.950934579439252,10.982538416127552,107,4,4,4,444,Champions,2010-08-01 15:23:00,2011-10-30 13:50:00,454,48,United Kingdom,63.75,56.75
13618,173,1,177.34,13.641538461538461,8.221295362404724,13,3,1,1,311,Standard,2011-06-19 11:09:00,2011-06-19 11:09:00,0,13,United Kingdom,30.0,0.0
13619,544,2,231.69,4.728367346938775,4.225519369921079,49,1,2,1,121,Dormant,2010-02-03 14:16:00,2010-06-13 11:39:00,129,39,United Kingdom,15.3,64.5
13620,527,1,112.34,22.468,21.521625635625202,5,1,1,1,111,Dormant,2010-06-29 15:02:00,2010-06-29 15:02:00,0,5,United Kingdom,60.0,0.0
13621,116,1,213.85,11.255263157894737,4.990491367948376,19,3,1,1,311,Standard,2011-08-15 08:26:00,2011-08-15 08:26:00,0,19,United Kingdom,20.0,0.0
13622,695,1,658.95,20.5921875,13.162069092753592,32,1,1,3,113,Dormant,2010-01-12 13:22:00,2010-01-12 13:22:00,0,32,United Kingdom,59.5,0.0
13623,30,10,2566.49,8.789349315068492,12.7352743311611,292,4,5,4,454,Champions,2009-12-02 13:57:00,2011-11-09 12:00:00,706,211,United Kingdom,109.5,70.6
13624,387,1,462.08,21.003636363636364,13.923431619106982,22,2,1,2,212,Dormant,2010-11-16 13:43:00,2010-11-16 13:43:00,0,22,United Kingdom,60.48,0.0
13625,596,1,301.26,14.345714285714285,5.936304044966508,21,1,1,2,112,Dormant,2010-04-22 10:50:00,2010-04-22 10:50:00,0,21,United Kingdom,30.0,0.0
13626,252,2,707.04,16.069090909090907,7.992689339344066,44,2,2,3,223,Dormant,2010-11-25 16:12:00,2011-04-01 10:05:00,126,44,United Kingdom,51.0,63.0
13627,58,7,2245.9,17.410077519379847,18.442764904907666,129,4,4,4,444,Champions,2010-03-09 14:03:00,2011-10-11 14:20:00,581,118,United Kingdom,203.52,83.0
13628,675,1,310.14,19.38375,19.739428183207334,16,1,1,2,112,Dormant,2010-02-01 14:44:00,2010-02-01 14:44:00,0,16,United Kingdom,91.8,0.0
13629,22,19,13370.86,153.6880459770115,98.3668040507602,87,4,5,5,455,Champions,2010-02-11 17:34:00,2011-11-16 13:21:00,642,28,United Kingdom,358.0,33.78947368421053
13630,4,7,2031.78,28.61661971830986,35.62749167000361,71,5,4,4,544,Champions,2011-02-27 12:49:00,2011-12-04 15:16:00,280,51,United Kingdom,158.39999999999998,40.0
13631,99,11,3070.42,279.1290909090909,278.19120494561093,11,3,5,5,355,Standard,2011-03-17 17:13:00,2011-09-01 09:57:00,167,6,United Kingdom,850.0,15.181818181818182
13632,24,8,3648.15,16.507466063348417,10.619351328630604,221,4,4,5,445,Champions,2010-04-07 10:59:00,2011-11-15 10:51:00,586,166,United Kingdom,60.48,73.25
13634,32,16,5073.47,11.274377777777778,9.915585657012603,450,4,5,5,455,Champions,2010-01-10 14:26:00,2011-11-06 13:40:00,664,269,United Kingdom,59.400000000000006,41.5
13635,67,4,2999.16,18.513333333333332,10.877988830376177,162,3,3,5,335,Standard,2009-12-01 09:46:00,2011-10-03 10:55:00,671,135,United Kingdom,81.6,167.75
13636,36,5,949.12,15.065396825396826,5.519100799071561,63,4,4,3,443,Loyal,2011-02-27 14:29:00,2011-11-03 10:30:00,248,57,United Kingdom,34.0,49.6
13637,51,3,810.5,8.024752475247524,6.227736923483427,101,4,3,3,433,Loyal,2011-04-27 13:06:00,2011-10-18 13:32:00,174,79,United Kingdom,25.5,58.0
13638,15,1,122.64,15.33,5.0447936387074215,8,5,1,1,511,Standard,2011-11-24 10:38:00,2011-11-24 10:38:00,0,8,United Kingdom,25.5,0.0
13639,73,2,1346.27,22.81813559322034,32.354360761065266,59,3,2,4,324,Standard,2010-09-29 10:05:00,2011-09-26 13:36:00,362,49,United Kingdom,237.6,181.0
13640,610,1,405.0,101.25,22.5,4,1,1,2,112,Dormant,2010-04-07 15:33:00,2010-04-07 15:33:00,0,4,United Kingdom,135.0,0.0
13641,640,5,1016.47,23.10159090909091,16.45377258545495,44,1,4,3,143,Standard,2009-12-05 13:17:00,2010-03-09 07:37:00,93,41,United Kingdom,76.5,18.6
13642,215,4,514.72,4.515087719298246,4.621347205332794,114,2,3,2,232,Standard,2010-10-03 12:23:00,2011-05-08 12:34:00,217,93,United Kingdom,29.4,54.25
13643,30,10,2156.77,21.144803921568627,11.747509256159319,102,4,5,4,454,Champions,2009-12-08 12:48:00,2011-11-08 15:37:00,700,71,United Kingdom,70.80000000000001,70.0
13644,15,4,2624.26,17.974383561643837,7.968597416722522,146,5,3,4,534,Loyal,2011-08-26 11:53:00,2011-11-23 14:07:00,89,144,United Kingdom,37.5,22.25
13645,119,1,252.1,50.42,27.270350199438216,5,3,1,1,311,Standard,2011-08-11 16:11:00,2011-08-11 16:11:00,0,5,United Kingdom,90.0,0.0
13646,399,2,326.25,5.625,4.3402163621385785,58,2,2,2,222,Dormant,2010-11-05 12:00:00,2010-11-05 12:13:00,0,58,United Kingdom,29.9,0.0
13647,9,8,3071.68,21.940571428571428,25.509151067025524,140,5,4,5,545,Champions,2010-04-15 12:55:00,2011-11-30 12:00:00,593,98,United Kingdom,225.0,74.125
13648,399,8,1764.02,16.641698113207546,6.771784666182119,106,2,4,4,244,Standard,2009-12-01 18:13:00,2010-11-04 14:46:00,337,95,United Kingdom,59.400000000000006,42.125
13649,256,6,1678.88,13.324444444444445,11.591304986449494,126,2,4,4,244,Standard,2010-06-30 16:35:00,2011-03-28 11:51:00,270,97,United Kingdom,83.4,45.0
13650,16,10,3288.0,19.11627906976744,10.364672798215212,172,5,5,5,555,Champions,2010-01-26 08:44:00,2011-11-23 12:22:00,666,127,United Kingdom,81.0,66.6
13651,34,3,226.85,16.20357142857143,3.327245585587753,14,4,3,1,431,HighEngagement_LowValue,2010-11-23 09:44:00,2011-11-04 14:59:00,346,14,United Kingdom,25.5,115.33333333333333
13652,45,5,2570.85,16.1688679245283,4.801181154929032,159,4,4,4,444,Champions,2010-02-25 17:37:00,2011-10-25 08:51:00,606,116,United Kingdom,30.0,121.2
13653,487,1,152.2,16.91111111111111,1.8769619365109962,9,1,1,1,111,Dormant,2010-08-09 08:19:00,2010-08-09 08:19:00,0,9,United Kingdom,19.8,0.0
13654,42,11,6308.0,19.173252279635257,12.297687148708176,329,4,5,5,455,Champions,2009-12-02 11:43:00,2011-10-27 16:24:00,694,262,United Kingdom,102.0,63.09090909090909
13655,113,6,2280.51,19.163949579831936,8.599776329224527,119,3,4,4,344,Standard,2010-04-27 09:59:00,2011-08-17 14:25:00,477,103,United Kingdom,59.7,79.5
13656,164,4,1078.85,12.400574712643676,10.472810350742007,87,3,3,3,333,Standard,2010-04-23 12:50:00,2011-06-28 10:31:00,430,81,United Kingdom,81.6,107.5
13657,10,2,382.14,23.88375,17.675820348713664,16,5,2,2,522,Standard,2011-05-22 12:35:00,2011-11-29 12:32:00,190,16,United Kingdom,67.5,95.0
13658,9,9,6025.5,25.424050632911392,16.86357722764301,237,5,5,5,555,Champions,2010-02-05 13:17:00,2011-11-30 10:13:00,662,164,United Kingdom,167.0,73.55555555555556
13659,205,12,4894.88,17.799563636363636,11.17347741838282,275,2,5,5,255,At_Risk_HighValue,2010-02-17 09:05:00,2011-05-18 12:37:00,455,224,United Kingdom,79.9,37.916666666666664
13660,399,1,314.59,7.672926829268292,4.2786564736506,41,2,1,2,212,Dormant,2010-11-04 16:10:00,2010-11-04 16:10:00,0,39,United Kingdom,21.8,0.0
13661,602,1,325.24,19.131764705882354,4.724762210014011,17,1,1,2,112,Dormant,2010-04-15 14:58:00,2010-04-15 14:58:00,0,17,United Kingdom,25.5,0.0
13662,85,11,2250.11,16.424160583941607,5.915638750546249,137,3,5,4,354,Standard,2010-02-19 13:21:00,2011-09-15 12:04:00,572,126,United Kingdom,35.400000000000006,52.0
13663,178,5,2047.51,20.681919191919192,13.162901692749791,99,3,4,4,344,Standard,2010-03-03 10:11:00,2011-06-13 15:44:00,467,87,United Kingdom,85.0,93.4
13665,385,3,1711.66,16.147735849056605,5.841372520224674,106,2,3,4,234,Standard,2010-07-23 13:29:00,2010-11-18 13:06:00,117,97,United Kingdom,34.0,39.0
13666,59,5,127.9,6.731578947368422,5.684364777525858,19,3,4,1,341,HighEngagement_LowValue,2009-12-04 10:48:00,2011-10-10 15:39:00,675,19,United Kingdom,20.4,135.0
13667,148,1,305.02,3.505977011494253,3.205690238691526,87,3,1,2,312,Standard,2011-07-13 15:42:00,2011-07-13 15:42:00,0,82,United Kingdom,15.8,0.0
13668,2,35,13089.94,16.99992207792208,27.625570884670147,770,5,5,5,555,Champions,2009-12-11 14:28:00,2011-12-07 12:11:00,725,411,United Kingdom,297.0,20.714285714285715
13669,50,3,413.55,29.539285714285715,15.05602586458873,14,4,3,2,432,Loyal,2010-10-28 15:05:00,2011-10-20 09:32:00,356,13,United Kingdom,60.0,118.66666666666667
13670,74,1,349.7,13.988,7.292715543609253,25,3,1,2,312,Standard,2011-09-25 15:25:00,2011-09-25 15:25:00,0,25,United Kingdom,30.0,0.0
13671,394,1,194.95,2.5651315789473683,1.7133207471037462,76,2,1,1,211,Dormant,2010-11-10 10:50:00,2010-11-10 10:50:00,0,61,United Kingdom,10.2,0.0
13672,300,3,419.92,23.32888888888889,11.94585425940431,18,2,3,2,232,Standard,2009-12-09 11:40:00,2011-02-11 13:53:00,429,13,United Kingdom,54.0,143.0
13673,18,2,396.92,6.106461538461539,7.901481947783835,65,5,2,2,522,Standard,2011-11-07 15:40:00,2011-11-21 12:11:00,13,47,United Kingdom,49.5,6.5
13674,432,1,240.68,17.19142857142857,2.899620285864651,14,1,1,1,111,Dormant,2010-10-03 10:41:00,2010-10-03 10:41:00,0,14,United Kingdom,22.95,0.0
13675,150,2,486.82000000000005,19.472800000000003,7.931443500397643,25,3,2,2,322,Standard,2011-02-28 12:14:00,2011-07-11 12:57:00,133,25,United Kingdom,35.400000000000006,66.5
13676,538,2,243.9,18.76153846153846,16.969570239182964,13,1,2,1,121,Dormant,2010-03-30 16:53:00,2010-06-18 17:30:00,80,13,United Kingdom,52.5,40.0
13677,404,2,556.1899999999999,5.19803738317757,6.233771752537965,107,2,2,2,222,Dormant,2010-07-07 17:25:00,2010-10-31 11:32:00,115,98,United Kingdom,29.85,57.5
13678,151,1,232.6,14.5375,4.25205754115973,16,3,1,1,311,Standard,2011-07-11 10:14:00,2011-07-11 10:14:00,0,16,United Kingdom,19.0,0.0
13679,493,3,281.26,5.6251999999999995,4.262170683909259,50,1,3,1,131,Standard,2009-12-04 16:52:00,2010-08-03 12:13:00,241,44,United Kingdom,23.8,80.33333333333333
13680,0,12,11435.67,17.539371165644173,35.21810021651491,652,5,5,5,555,Champions,2009-12-04 14:14:00,2011-12-08 13:47:00,733,354,United Kingdom,306.0,61.083333333333336
13681,17,4,827.83,14.523333333333333,8.479049882195639,57,5,3,3,533,Loyal,2011-07-07 15:21:00,2011-11-22 11:13:00,137,37,United Kingdom,41.25,34.25
13682,186,1,59.5,19.833333333333332,4.907477288111819,3,3,1,1,311,Standard,2011-06-05 14:06:00,2011-06-05 14:06:00,0,3,United Kingdom,25.5,0.0
13683,457,1,258.6,25.860000000000003,8.454347993784028,10,1,1,1,111,Dormant,2010-09-08 10:00:00,2010-09-08 10:00:00,0,10,United Kingdom,35.400000000000006,0.0
13684,285,4,596.98,5.476880733944954,14.769689413297542,109,2,3,2,232,Standard,2010-03-28 14:48:00,2011-02-27 10:13:00,335,81,United Kingdom,152.64,83.75
13685,2,7,3119.44,79.98564102564103,205.96804414628667,39,5,4,5,545,Champions,2011-10-10 12:59:00,2011-12-07 11:41:00,57,29,United Kingdom,1170.0,8.142857142857142
13686,182,3,409.04,12.030588235294118,4.719607675770384,34,3,3,2,332,Standard,2010-11-03 13:44:00,2011-06-10 09:10:00,218,27,United Kingdom,26.4,72.66666666666667
13687,437,1,11880.84,264.01866666666666,291.26473326449315,45,1,1,5,115,At_Risk_HighValue,2010-09-27 16:30:00,2010-09-27 16:30:00,0,45,United Kingdom,1653.12,0.0
13688,634,1,375.5,75.1,15.883954167649817,5,1,1,2,112,Dormant,2010-03-14 14:11:00,2010-03-14 14:11:00,0,5,United Kingdom,92.5,0.0
13689,62,2,1259.5,139.94444444444446,69.82139913935968,9,3,2,4,324,Standard,2010-09-21 10:27:00,2011-10-07 13:21:00,381,6,United Kingdom,179.0,190.5
13690,58,1,172.25,19.13888888888889,11.474013513636416,9,4,1,1,411,Standard,2011-10-11 15:03:00,2011-10-11 15:03:00,0,9,United Kingdom,44.85,0.0
13691,395,1,212.78,3.9403703703703705,5.826868139323883,54,2,1,1,211,Dormant,2010-11-08 17:34:00,2010-11-08 17:34:00,0,54,United Kingdom,41.25,0.0
13692,24,5,3114.4,32.44166666666667,41.42933950631877,96,4,4,5,445,Champions,2010-10-15 13:28:00,2011-11-15 11:17:00,395,83,United Kingdom,183.6,79.0
13693,373,9,2011.8200000000002,18.979433962264153,8.121918355400277,106,2,5,4,254,Standard,2009-12-07 11:29:00,2010-11-30 18:21:00,358,78,United Kingdom,50.85,39.77777777777778
13694,3,143,196482.81,128.8411868852459,106.460970807229,1525,5,5,5,555,Champions,2009-12-04 15:26:00,2011-12-06 09:32:00,731,896,United Kingdom,952.0,5.111888111888112
13695,30,16,2770.73,28.861770833333335,24.78724659322301,96,4,5,4,454,Champions,2010-05-11 11:07:00,2011-11-08 14:26:00,546,47,United Kingdom,158.39999999999998,34.125
13696,421,3,2020.4,84.18333333333334,145.2916816394634,24,1,3,4,134,Standard,2010-02-11 14:17:00,2010-10-14 09:44:00,244,24,United Kingdom,745.0,81.33333333333333
13697,38,1,151.3,12.608333333333334,3.9591868617256005,12,4,1,1,411,Standard,2011-11-01 09:14:00,2011-11-01 09:14:00,0,12,United Kingdom,19.8,0.0
13698,596,2,465.53000000000003,11.638250000000001,12.38646860696309,40,1,2,2,122,Dormant,2010-01-27 09:02:00,2010-04-22 11:52:00,85,31,United Kingdom,79.9,42.5
13699,154,2,764.15,20.6527027027027,7.409381683847643,37,3,2,3,323,Standard,2010-06-07 13:03:00,2011-07-07 16:51:00,395,33,United Kingdom,44.85,197.5
13700,25,13,2613.46,10.754979423868313,12.552478711278326,243,4,5,4,454,Champions,2010-02-07 10:53:00,2011-11-13 13:00:00,644,163,United Kingdom,99.6,49.53846153846154
13701,446,1,161.0,17.88888888888889,5.699220219566104,9,1,1,1,111,Dormant,2010-09-19 12:39:00,2010-09-19 12:39:00,0,9,United Kingdom,29.700000000000003,0.0
13702,445,1,135.18,27.036,9.30615280338766,5,1,1,1,111,Dormant,2010-09-20 11:40:00,2010-09-20 11:40:00,0,5,United Kingdom,39.6,0.0
13703,317,2,425.56,11.501621621621622,16.680260208720686,37,2,2,2,222,Dormant,2010-10-20 13:11:00,2011-01-25 13:10:00,96,36,United Kingdom,99.5,48.0
13704,4,9,2308.06,17.224328358208954,8.17567972826662,134,5,5,4,554,Champions,2011-09-12 14:40:00,2011-12-04 15:13:00,83,111,United Kingdom,51.0,9.222222222222221
13705,7,7,2035.33,24.23011904761905,25.169699199970232,84,5,4,4,544,Champions,2010-03-25 17:19:00,2011-12-02 12:32:00,616,55,United Kingdom,165.0,88.0
13706,302,2,631.1700000000001,16.609736842105264,7.666610825553745,38,2,2,3,223,Dormant,2010-03-23 09:18:00,2011-02-10 09:21:00,324,38,United Kingdom,39.9,162.0
13707,266,5,3365.86,21.715225806451613,15.486138222909865,155,2,4,5,245,At_Risk_HighValue,2010-06-21 11:57:00,2011-03-17 18:03:00,269,142,United Kingdom,91.8,53.8
13708,270,1,296.88,5.821176470588235,3.7070973265123888,51,2,1,2,212,Dormant,2011-03-13 13:46:00,2011-03-13 13:46:00,0,49,United Kingdom,17.700000000000003,0.0
13709,3,18,7591.75,18.60723039215686,15.466367821439743,408,5,5,5,555,Champions,2010-01-11 10:40:00,2011-12-06 10:28:00,693,296,United Kingdom,177.60000000000002,38.5
13710,31,3,509.52,33.967999999999996,21.270896011754118,15,4,3,2,432,Loyal,2010-04-06 12:54:00,2011-11-08 08:16:00,580,13,United Kingdom,67.2,193.33333333333334
13711,218,9,1792.26,19.48108695652174,7.767213914419731,92,2,5,4,254,Standard,2009-12-15 19:04:00,2011-05-05 10:31:00,505,80,United Kingdom,54.0,56.111111111111114
13712,246,2,766.42,23.224848484848483,18.193998000922605,33,2,2,3,223,Dormant,2010-04-08 11:16:00,2011-04-07 12:33:00,364,32,United Kingdom,101.76,182.0
13713,407,3,743.26,9.064146341463415,8.291960549598482,82,2,3,3,233,Standard,2010-05-05 16:48:00,2010-10-27 16:18:00,174,70,United Kingdom,39.9,58.0
13714,464,1,161.35,5.378333333333333,4.493706007090464,30,1,1,1,111,Dormant,2010-08-31 13:57:00,2010-08-31 13:57:00,0,30,United Kingdom,21.9,0.0
13715,280,17,8483.29,15.886310861423222,15.927274966724864,534,2,5,5,255,At_Risk_HighValue,2010-03-11 15:33:00,2011-03-03 19:21:00,357,277,United Kingdom,152.64,21.0
13716,268,1,138.28,6.584761904761905,5.088206578989909,21,2,1,1,211,Dormant,2011-03-15 13:49:00,2011-03-15 13:49:00,0,21,United Kingdom,20.4,0.0
13717,31,8,1763.3,14.220161290322581,6.512844467911454,124,4,4,4,444,Champions,2010-08-11 09:40:00,2011-11-07 14:13:00,453,110,United Kingdom,34.68,56.625
13718,245,2,306.55,25.545833333333334,27.90380764448834,12,2,2,2,222,Dormant,2011-02-17 11:58:00,2011-04-07 13:24:00,49,9,United Kingdom,111.6,24.5
13719,14,11,2815.25,11.216135458167331,7.338507300914653,251,5,5,4,554,Champions,2010-05-17 14:36:00,2011-11-24 15:26:00,556,194,United Kingdom,52.2,50.54545454545455
13720,116,4,799.9,18.60232558139535,10.435915283109324,43,3,3,3,333,Standard,2011-03-30 09:17:00,2011-08-15 12:46:00,138,42,United Kingdom,79.2,34.5
13721,35,2,741.54,17.655714285714286,7.06682153096586,42,4,2,3,423,Standard,2010-11-09 17:59:00,2011-11-03 14:05:00,358,41,United Kingdom,39.6,179.0
13722,131,10,5635.41,29.816984126984128,18.719714715978423,189,3,5,5,355,Standard,2010-03-03 14:13:00,2011-07-31 12:44:00,514,137,United Kingdom,102.0,51.4
13723,216,6,1209.2,20.494915254237288,15.892969642090756,59,2,4,3,243,Standard,2010-04-07 14:32:00,2011-05-06 17:04:00,394,51,United Kingdom,61.2,65.66666666666667
13724,636,1,213.01,5.071666666666666,2.6158605510929336,42,1,1,1,111,Dormant,2010-03-12 15:28:00,2010-03-12 15:28:00,0,39,United Kingdom,14.75,0.0
13725,49,8,1980.56,19.043846153846154,15.755503665167037,104,4,4,4,444,Champions,2011-02-04 12:18:00,2011-10-21 10:03:00,258,95,United Kingdom,136.0,32.25
13726,38,2,1079.66,25.70619047619048,38.765993014520575,42,4,2,3,423,Standard,2011-08-31 11:06:00,2011-11-01 10:49:00,61,39,United Kingdom,179.0,30.5
13727,28,8,1080.05,12.857738095238094,10.810689082412996,84,4,4,3,443,Loyal,2009-12-09 13:25:00,2011-11-11 09:46:00,701,74,United Kingdom,47.7,87.625
13728,36,16,2855.17,17.409573170731708,6.130033311953217,164,4,5,4,454,Champions,2009-12-09 17:13:00,2011-11-03 10:49:00,693,75,United Kingdom,44.94,43.3125
13729,435,3,724.73,18.582820512820515,10.962737592388509,39,1,3,3,133,Standard,2010-01-24 14:57:00,2010-09-30 10:44:00,248,36,United Kingdom,59.7,82.66666666666667
13730,135,2,752.6,17.50232558139535,8.672115092478139,43,3,2,3,323,Standard,2011-07-01 12:47:00,2011-07-27 08:35:00,25,38,United Kingdom,39.6,12.5
13731,218,2,610.59,16.068157894736842,3.5273087936480416,38,2,2,2,222,Dormant,2011-04-07 10:10:00,2011-05-04 14:33:00,27,36,United Kingdom,23.4,13.5
13732,27,1,491.86,14.904848484848486,5.4922508598547966,33,4,1,2,412,Standard,2011-11-11 15:49:00,2011-11-11 15:49:00,0,33,United Kingdom,30.0,0.0
13733,410,2,487.03000000000003,16.794137931034484,11.030369932030315,29,1,2,2,122,Dormant,2009-12-04 15:28:00,2010-10-25 12:18:00,324,28,United Kingdom,70.80000000000001,162.0
13734,508,4,6701.640000000001,239.34428571428575,775.7447942720672,28,1,3,5,135,At_Risk_HighValue,2010-04-16 08:42:00,2010-07-19 12:04:00,94,24,United Kingdom,2970.7500000000005,23.5
13735,24,13,9813.22,14.959176829268293,13.306254464385301,656,4,5,5,455,Champions,2009-12-13 13:31:00,2011-11-15 11:14:00,701,362,United Kingdom,102.0,53.92307692307692
13736,4,7,2766.21,4.966265709156194,4.455541742262264,557,5,4,4,544,Champions,2009-12-06 12:07:00,2011-12-04 15:19:00,728,325,United Kingdom,35.400000000000006,104.0
13737,199,1,339.6,11.32,15.018624070317403,30,2,1,2,212,Dormant,2011-05-23 16:32:00,2011-05-23 16:32:00,0,29,United Kingdom,73.94999999999999,0.0
13738,395,1,440.93,4.792717391304348,5.6768194746553355,92,2,1,2,212,Dormant,2010-11-08 15:23:00,2010-11-08 15:23:00,0,88,United Kingdom,40.56,0.0
13739,17,2,292.2,48.699999999999996,32.78914454510822,6,5,2,2,522,Standard,2010-06-30 10:25:00,2011-11-21 13:35:00,509,6,United Kingdom,91.8,254.5
13740,240,5,1597.77,16.818631578947368,8.311606549076522,95,2,4,4,244,Standard,2009-12-02 12:22:00,2011-04-13 10:32:00,496,83,United Kingdom,67.8,99.2
13741,71,3,668.4300000000001,19.65970588235294,7.170288648639803,34,3,3,3,333,Standard,2011-05-06 13:43:00,2011-09-29 09:19:00,145,34,United Kingdom,47.7,48.333333333333336
13742,16,12,3131.02,9.753956386292835,9.769023088855505,321,5,5,5,555,Champions,2011-01-23 14:59:00,2011-11-23 11:07:00,303,200,United Kingdom,51.0,25.25
13743,2,7,1341.6,32.72195121951219,15.07004698392016,41,5,4,4,544,Champions,2011-03-25 14:46:00,2011-12-07 10:09:00,256,8,United Kingdom,70.2,36.57142857142857
13744,94,2,1156.36,16.060555555555553,10.951461525575748,72,3,2,3,323,Standard,2011-02-20 14:08:00,2011-09-05 15:19:00,197,54,United Kingdom,41.76,98.5
13745,161,2,777.36,13.881428571428572,10.94035190203038,56,3,2,3,323,Standard,2010-06-11 17:19:00,2011-06-30 16:43:00,383,46,United Kingdom,81.36,191.5
13746,413,1,176.69,19.63222222222222,10.75939563565001,9,1,1,1,111,Dormant,2010-10-22 11:55:00,2010-10-22 11:55:00,0,9,United Kingdom,35.7,0.0
13747,373,2,249.39999999999998,41.56666666666666,30.822178162269235,6,2,2,1,221,Dormant,2010-10-11 09:15:00,2010-12-01 10:37:00,51,4,United Kingdom,79.6,25.5
13748,95,9,2268.35,38.44661016949152,43.446789953648434,59,3,5,4,354,Standard,2009-12-01 16:44:00,2011-09-05 09:45:00,642,40,United Kingdom,204.0,71.33333333333333
13750,53,11,3602.18,48.029066666666665,73.07702454728631,75,4,5,5,455,Champions,2010-04-01 14:49:00,2011-10-17 12:16:00,563,51,United Kingdom,325.44,51.18181818181818
13751,287,1,296.25,32.916666666666664,51.73385013702344,9,2,1,2,212,Dormant,2011-02-24 15:56:00,2011-02-24 15:56:00,0,9,United Kingdom,165.0,0.0
13752,123,7,1590.73,16.744526315789475,12.929387832378023,95,3,4,4,344,Standard,2010-06-30 10:23:00,2011-08-07 14:16:00,403,75,United Kingdom,75.0,57.57142857142857
13753,287,4,2094.57,26.182125000000003,16.408775106341928,80,2,3,4,234,Standard,2009-12-03 10:20:00,2011-02-25 12:48:00,449,64,United Kingdom,86.39999999999999,112.25
13754,151,3,447.05,21.288095238095238,10.89265698489015,21,3,3,2,332,Standard,2010-09-28 15:29:00,2011-07-11 11:51:00,285,16,United Kingdom,52.2,95.0
13755,3,9,2161.35,6.319736842105263,7.444967139462131,342,5,5,4,554,Champions,2011-10-07 15:45:00,2011-12-06 12:26:00,59,232,United Kingdom,59.400000000000006,6.555555555555555
13756,1,23,9207.5,26.458333333333332,38.7454976628905,348,5,5,5,555,Champions,2009-12-15 15:18:00,2011-12-07 16:44:00,722,142,United Kingdom,355.20000000000005,31.391304347826086
13757,674,1,195.55,24.44375,52.071752950684726,8,1,1,1,111,Dormant,2010-02-03 12:37:00,2010-02-03 12:37:00,0,8,United Kingdom,153.0,0.0
13758,11,15,9416.98,30.47566343042071,27.830071642498744,309,5,5,5,555,Champions,2009-12-01 10:06:00,2011-11-28 11:11:00,727,213,United Kingdom,204.0,48.46666666666667
13759,32,2,659.4100000000001,26.376400000000004,32.043692681503906,25,4,2,3,423,Standard,2011-09-29 15:40:00,2011-11-06 14:47:00,37,24,United Kingdom,157.92000000000002,18.5
13760,53,5,1363.6399999999999,11.459159663865545,22.676904422850686,119,4,4,4,444,Champions,2010-04-25 13:10:00,2011-10-16 16:13:00,539,95,United Kingdom,175.2,107.8
13761,49,6,1952.17,16.001393442622952,10.604622437905798,122,4,4,4,444,Champions,2010-02-21 11:08:00,2011-10-20 14:01:00,606,118,United Kingdom,119.4,101.0
13762,218,5,2472.48,70.64228571428572,48.10937337345556,35,2,4,4,244,At_Risk_HighValue,2010-01-10 12:13:00,2011-05-05 09:15:00,479,23,United Kingdom,208.8,95.8
13763,62,3,5217.44,104.3488,49.12606609488677,50,3,3,5,335,Standard,2010-09-30 17:39:00,2011-10-07 15:13:00,371,50,United Kingdom,204.0,123.66666666666667
13764,70,6,2953.26,7.8544148936170215,4.872701720476805,376,3,4,4,344,Standard,2010-03-07 12:56:00,2011-09-30 12:03:00,571,295,United Kingdom,34.0,95.16666666666667
13765,652,1,352.821,20.754176470588238,9.950494662548781,17,1,1,2,112,Dormant,2010-02-24 13:46:00,2010-02-24 13:46:00,0,17,United Kingdom,39.9,0.0
13766,494,1,190.35,11.197058823529412,4.751605997852046,17,1,1,1,111,Dormant,2010-08-01 14:25:00,2010-08-01 14:25:00,0,16,United Kingdom,20.0,0.0
13767,1,73,35540.53,44.705069182389934,46.841026405808144,795,5,5,5,555,Champions,2009-12-01 10:52:00,2011-12-07 15:00:00,736,117,United Kingdom,532.8000000000001,10.082191780821917
13768,726,2,875.97,26.544545454545457,16.867185614920526,33,1,2,3,123,Dormant,2009-12-09 10:25:00,2009-12-13 10:41:00,4,30,United Kingdom,89.10000000000001,2.0
13769,1,20,5800.42,20.352350877192983,20.636084330516045,285,5,5,5,555,Champions,2009-12-16 11:59:00,2011-12-07 15:08:00,721,121,United Kingdom,157.92000000000002,36.05
13770,421,4,785.37,16.361875,29.39889711755738,48,1,3,3,133,Standard,2009-12-09 14:44:00,2010-10-13 15:10:00,308,48,United Kingdom,177.60000000000002,77.0
13771,63,9,5728.82,26.522314814814813,19.710948208238804,216,3,5,5,355,Standard,2010-02-25 12:37:00,2011-10-06 14:18:00,588,182,United Kingdom,102.0,65.33333333333333
13772,33,8,3114.2200000000003,5.416034782608696,6.678455109295239,575,4,4,5,445,Champions,2010-02-23 13:55:00,2011-11-06 11:43:00,620,394,United Kingdom,74.25,77.5
13773,396,2,301.54,15.870526315789474,8.189739836923469,19,2,2,2,222,Dormant,2010-02-18 10:27:00,2010-11-08 11:49:00,263,19,United Kingdom,35.400000000000006,131.5
13774,81,1,345.0,15.681818181818182,3.26378196687106,22,3,1,2,312,Standard,2011-09-19 12:06:00,2011-09-19 12:06:00,0,22,United Kingdom,24.9,0.0
13775,590,1,1049.66,16.661269841269842,15.421709194850207,63,1,1,3,113,Dormant,2010-04-28 12:15:00,2010-04-28 12:15:00,0,63,United Kingdom,71.4,0.0
13776,427,2,623.98,311.99,0.0,2,1,2,3,123,Dormant,2010-10-07 16:07:00,2010-10-07 16:11:00,0,1,United Kingdom,311.99,0.0
13777,0,61,56478.42,144.44608695652173,195.76824519950875,391,5,5,5,555,Champions,2009-12-02 09:47:00,2011-12-09 12:25:00,737,44,United Kingdom,1383.12,12.081967213114755
13778,102,4,1124.49,25.55659090909091,24.405750651270868,44,3,3,3,333,Standard,2010-05-23 13:34:00,2011-08-28 15:25:00,462,33,United Kingdom,152.64,115.5
13779,515,1,161.13,5.967777777777777,5.784992742056037,27,1,1,1,111,Dormant,2010-07-12 11:24:00,2010-07-12 11:24:00,0,27,United Kingdom,25.5,0.0
13780,6,3,735.82,7.3582,10.918962504827013,100,5,3,3,533,Loyal,2010-10-28 19:51:00,2011-12-02 13:49:00,399,90,United Kingdom,85.80000000000001,133.0
13781,250,3,778.83,13.663684210526316,5.983514444938024,57,2,3,3,233,Standard,2009-12-18 15:46:00,2011-04-03 12:08:00,470,56,United Kingdom,29.700000000000003,156.66666666666666
13782,12,13,1793.72,7.351311475409836,5.667504143026787,244,5,5,4,554,Champions,2009-12-06 12:52:00,2011-11-27 11:54:00,720,187,United Kingdom,33.9,55.38461538461539
13783,487,4,1542.09,154.209,74.82739077369997,10,1,3,4,134,Standard,2010-02-04 13:47:00,2010-08-09 09:23:00,185,4,United Kingdom,244.8,46.25
13784,9,14,2910.23,67.67976744186046,54.093812184124126,43,5,5,4,554,Champions,2010-09-15 12:27:00,2011-11-30 09:33:00,440,13,United Kingdom,199.68,31.428571428571427
13785,428,4,542.49,18.083000000000002,4.477287625645535,30,1,3,2,132,Standard,2010-09-05 16:01:00,2010-10-07 09:25:00,31,26,United Kingdom,31.8,7.75
13786,366,6,3358.94,27.088225806451614,24.936449635100043,124,2,4,5,245,At_Risk_HighValue,2009-12-03 15:32:00,2010-12-07 13:53:00,368,80,United Kingdom,119.4,61.333333333333336
13787,75,6,1222.5,14.215116279069768,9.031167046490406,86,3,4,3,343,Standard,2010-01-14 10:13:00,2011-09-25 12:06:00,619,71,United Kingdom,54.24,103.16666666666667
13788,504,1,3.75,3.75,0.0,1,1,1,1,111,Dormant,2010-07-22 15:50:00,2010-07-22 15:50:00,0,1,United Kingdom,3.75,0.0
13789,387,1,239.46,13.303333333333335,4.3444799323225025,18,2,1,1,211,Dormant,2010-11-16 15:31:00,2010-11-16 15:31:00,0,18,United Kingdom,19.8,0.0
13790,3,1,348.79999999999995,7.75111111111111,5.781913108298947,45,5,1,2,512,Standard,2011-12-05 15:48:00,2011-12-05 15:48:00,0,45,United Kingdom,18.72,0.0
13791,127,2,1516.0,137.8181818181818,66.39701526698046,11,3,2,4,324,Standard,2011-06-24 16:38:00,2011-08-04 11:44:00,40,7,United Kingdom,290.0,20.0
13792,65,3,383.95,16.693478260869565,6.615311171610389,23,3,3,2,332,Standard,2010-10-13 11:05:00,2011-10-04 14:31:00,356,23,United Kingdom,39.8,118.66666666666667
13793,646,1,96.0,13.714285714285714,4.280353790451039,7,1,1,1,111,Dormant,2010-03-03 08:25:00,2010-03-03 08:25:00,0,7,United Kingdom,19.5,0.0
13794,546,1,126.03,14.003333333333334,3.645593230189019,9,1,1,1,111,Dormant,2010-06-11 12:30:00,2010-06-11 12:30:00,0,9,United Kingdom,17.9,0.0
13795,387,4,836.3,28.837931034482757,23.586492257117715,29,2,3,3,233,Standard,2010-03-12 12:44:00,2010-11-16 17:25:00,249,23,United Kingdom,100.8,62.25
13796,498,1,289.7,13.168181818181818,4.328107071516465,22,1,1,1,111,Dormant,2010-07-28 14:45:00,2010-07-28 14:45:00,0,22,United Kingdom,25.200000000000003,0.0
13797,436,3,1179.45,15.121153846153847,8.011834911638447,78,1,3,3,133,Standard,2010-03-02 12:17:00,2010-09-29 10:34:00,210,71,United Kingdom,51.0,70.0
13798,0,110,75836.87,105.03721606648199,70.24787289442871,722,5,5,5,555,Champions,2009-12-08 16:21:00,2011-12-08 15:51:00,729,168,United Kingdom,510.0,6.627272727272727
13799,116,9,2803.57,26.448773584905663,29.614976574854833,106,3,5,4,354,Standard,2010-03-05 16:39:00,2011-08-15 12:07:00,527,64,United Kingdom,148.5,58.55555555555556
13800,309,3,1679.56,23.00767123287671,21.752746539265384,73,2,3,4,234,Standard,2009-12-03 10:03:00,2011-02-03 12:27:00,427,73,United Kingdom,100.8,142.33333333333334
13801,66,1,324.8,14.121739130434783,3.844796545242453,23,3,1,2,312,Standard,2011-10-04 10:15:00,2011-10-04 10:15:00,0,23,United Kingdom,20.4,0.0
13802,138,19,26259.11,58.61408482142857,70.04912204258423,448,3,5,5,355,Standard,2010-02-16 10:11:00,2011-07-24 10:54:00,523,212,United Kingdom,510.0,27.526315789473685
13803,254,3,1338.91,17.16551282051282,7.473734379662926,78,2,3,4,234,Standard,2010-03-31 10:00:00,2011-03-29 12:57:00,363,73,United Kingdom,60.48,121.0
13804,30,9,3208.52,18.985325443786984,8.495763302369275,169,4,5,5,455,Champions,2010-09-29 10:26:00,2011-11-09 12:32:00,406,149,United Kingdom,69.36,45.111111111111114
13805,51,2,924.5999999999999,71.12307692307692,53.34235955670618,13,4,2,3,423,Standard,2011-08-02 15:29:00,2011-10-18 14:50:00,76,10,United Kingdom,169.0,38.0
13806,63,1,256.38,25.637999999999998,16.587026255480517,10,3,1,1,311,Standard,2011-10-07 11:43:00,2011-10-07 11:43:00,0,10,United Kingdom,65.4,0.0
13807,366,3,534.8,16.7125,7.08808632438513,32,2,3,2,232,Standard,2009-12-04 12:41:00,2010-12-07 15:48:00,368,24,United Kingdom,53.1,122.66666666666667
13808,5,5,1747.66,22.995526315789476,18.028870949654564,76,5,4,4,544,Champions,2011-09-04 12:07:00,2011-12-04 12:18:00,91,70,United Kingdom,106.2,18.2
13809,304,3,679.6999999999999,27.188,53.97160572930918,25,2,3,3,233,Standard,2010-09-05 11:42:00,2011-02-07 13:15:00,155,23,Cyprus,278.4,51.666666666666664
13810,28,3,1499.01,42.828857142857146,98.90555042330949,35,4,3,4,434,Loyal,2011-10-14 12:57:00,2011-11-11 08:33:00,27,32,Germany,599.5,9.0
13811,183,3,814.5,62.65384615384615,50.200176217894814,13,3,3,3,333,Standard,2011-04-14 18:40:00,2011-06-09 09:54:00,55,7,Germany,222.75,18.333333333333332
13812,41,3,539.0,14.972222222222221,4.938802695339435,36,4,3,2,432,Loyal,2011-08-26 12:54:00,2011-10-28 14:27:00,63,33,Germany,26.4,21.0
13813,39,8,2765.4700000000003,19.33895104895105,10.331472067867978,143,4,4,4,444,Champions,2009-12-06 10:16:00,2011-10-31 10:38:00,694,84,Germany,54.0,86.75
13814,91,3,2257.32,28.573670886075952,18.84464292898819,79,3,3,4,334,Standard,2010-06-30 14:12:00,2011-09-08 13:48:00,434,56,Germany,90.0,144.66666666666666
13815,21,8,7475.74,20.999269662921346,19.19608537045021,356,4,4,5,445,Champions,2010-02-12 10:26:00,2011-11-17 14:19:00,643,203,Germany,198.0,80.375
13816,23,2,571.6700000000001,20.416785714285716,11.151065404529051,28,4,2,2,422,Standard,2011-10-06 14:37:00,2011-11-16 08:38:00,40,25,Germany,54.0,20.0
13817,28,2,382.98,15.957500000000001,5.543548737829916,24,4,2,2,422,Standard,2010-12-23 11:46:00,2011-11-10 17:49:00,322,20,Germany,36.0,161.0
13818,429,1,61.28,12.256,2.1896757750863483,5,1,1,1,111,Dormant,2010-10-06 12:35:00,2010-10-06 12:35:00,0,5,United Kingdom,15.3,0.0
13819,301,6,2642.35,26.161881188118812,13.891949374574564,101,2,4,4,244,At_Risk_HighValue,2009-12-01 16:18:00,2011-02-11 10:38:00,436,47,United Kingdom,66.0,72.66666666666667
13820,417,3,660.65,7.3405555555555555,6.140409597491749,90,1,3,3,133,Standard,2010-01-28 12:26:00,2010-10-17 13:46:00,262,68,United Kingdom,33.75,87.33333333333333
13821,144,6,1410.73,6.749904306220095,5.560860388467727,209,3,4,4,344,Standard,2010-01-04 13:36:00,2011-07-18 09:49:00,559,158,United Kingdom,39.95,93.16666666666667
13822,5,2,632.0,6.583333333333333,12.997027325440445,96,5,2,3,523,Standard,2011-10-30 15:55:00,2011-12-04 12:13:00,34,90,United Kingdom,123.9,17.0
13823,18,7,3403.4500000000003,20.880061349693253,16.07532126272805,163,5,4,5,545,Champions,2009-12-15 14:34:00,2011-11-21 10:22:00,705,108,United Kingdom,100.8,100.71428571428571
13824,32,12,3314.76,33.147600000000004,31.983888751000304,100,4,5,5,455,Champions,2010-03-12 15:17:00,2011-11-07 12:41:00,604,59,United Kingdom,207.50000000000003,50.333333333333336
13825,621,2,255.59,6.38975,6.519369753831999,40,1,2,1,121,Dormant,2009-12-09 14:30:00,2010-03-28 11:02:00,108,38,United Kingdom,30.0,54.0
13826,175,1,189.5,18.95,5.509032986327496,10,3,1,1,311,Standard,2011-06-16 13:48:00,2011-06-16 13:48:00,0,10,United Kingdom,29.700000000000003,0.0
13827,57,3,412.05,4.430645161290323,4.136674994971837,93,4,3,2,432,Loyal,2011-07-19 15:38:00,2011-10-13 12:38:00,85,83,United Kingdom,19.9,28.333333333333332
13828,21,1,209.49,13.966000000000001,2.899166875402066,15,4,1,1,411,Standard,2011-11-17 16:02:00,2011-11-17 16:02:00,0,15,United Kingdom,17.700000000000003,0.0
13829,420,1,102.0,102.0,0.0,1,1,1,1,111,Dormant,2010-10-14 18:19:00,2010-10-14 18:19:00,0,1,United Kingdom,102.0,0.0
13830,581,1,156.85000000000002,14.259090909090911,4.519281922043489,11,1,1,1,111,Dormant,2010-05-07 12:24:00,2010-05-07 12:24:00,0,11,United Kingdom,18.95,0.0
13831,15,18,7023.58,37.5592513368984,57.934063210529715,187,5,5,5,555,Champions,2009-12-10 14:50:00,2011-11-23 15:41:00,713,121,United Kingdom,326.4,39.611111111111114
13832,18,2,613.6899999999999,10.766491228070175,15.127079135872778,57,5,2,2,522,Standard,2010-10-13 14:41:00,2011-11-20 15:36:00,403,54,United Kingdom,62.4,201.5
13833,158,2,701.36,15.585777777777778,8.857925954884827,45,3,2,3,323,Standard,2010-10-31 14:11:00,2011-07-03 13:27:00,244,43,United Kingdom,51.0,122.0
13834,576,2,324.19,20.261875,12.086054894657176,16,1,2,2,122,Dormant,2010-02-08 12:52:00,2010-05-12 10:27:00,92,15,United Kingdom,61.2,46.0
13835,24,7,1095.27,15.426338028169013,5.207855670437175,71,4,4,3,443,Loyal,2010-03-04 08:26:00,2011-11-14 15:37:00,620,60,United Kingdom,31.8,88.57142857142857
13836,398,2,620.37,20.011935483870968,6.806014702381433,31,2,2,3,223,Dormant,2010-10-21 13:27:00,2010-11-05 13:31:00,15,29,United Kingdom,38.25,7.5
13837,211,2,271.24,14.275789473684211,13.361620542014053,19,2,2,1,221,Dormant,2011-01-26 12:15:00,2011-05-12 12:10:00,105,17,United Kingdom,45.0,52.5
13838,5,10,1966.09,4.165444915254237,3.425159102281253,472,5,5,4,554,Champions,2010-05-09 11:40:00,2011-12-04 11:00:00,573,328,United Kingdom,21.0,57.3
13839,485,1,139.95000000000002,19.992857142857144,7.007164700708636,7,1,1,1,111,Dormant,2010-08-10 13:52:00,2010-08-10 13:52:00,0,7,United Kingdom,35.7,0.0
13840,415,1,651.4,16.285,6.788094781986383,40,1,1,3,113,Dormant,2010-10-19 13:34:00,2010-10-19 13:34:00,0,40,United Kingdom,35.8,0.0
13841,252,1,85.0,85.0,0.0,1,2,1,1,211,Dormant,2011-04-01 12:10:00,2011-04-01 12:10:00,0,1,United Kingdom,85.0,0.0
13842,58,18,5629.91,15.858901408450704,6.108589921052613,355,4,5,5,455,Champions,2010-02-16 15:54:00,2011-10-12 10:51:00,602,214,United Kingdom,50.85,33.44444444444444
13843,380,1,319.75,17.76388888888889,6.740631964515328,18,2,1,2,212,Dormant,2010-11-23 17:48:00,2010-11-23 17:48:00,0,18,United Kingdom,30.6,0.0
13844,10,1,361.62,18.081,6.022220171122415,20,5,1,2,512,Standard,2011-11-28 13:21:00,2011-11-28 13:21:00,0,20,United Kingdom,35.400000000000006,0.0
13845,64,1,312.98,34.775555555555556,27.188015333557868,9,3,1,2,312,Standard,2011-10-06 08:25:00,2011-10-06 08:25:00,0,9,United Kingdom,102.0,0.0
13846,24,4,1307.79,16.145555555555553,5.306609086789794,81,4,3,4,434,Loyal,2010-11-05 09:47:00,2011-11-15 12:07:00,375,81,United Kingdom,30.6,93.75
13847,719,1,310.72,16.353684210526318,4.21105451365321,19,1,1,2,112,Dormant,2009-12-20 10:41:00,2009-12-20 10:41:00,0,19,United Kingdom,25.5,0.0
13848,91,8,3335.0,303.1818181818182,132.7454844292778,11,3,4,5,345,Standard,2009-12-09 16:17:00,2011-09-08 12:58:00,637,3,United Kingdom,480.0,79.625
13849,51,5,3469.3,15.769545454545455,5.84199555984187,220,4,4,5,445,Champions,2010-03-25 12:03:00,2011-10-19 10:59:00,572,189,United Kingdom,40.5,114.4
13850,128,1,1595.48,17.155698924731183,4.699059202290313,93,3,1,4,314,Standard,2011-08-02 14:04:00,2011-08-02 14:04:00,0,93,United Kingdom,30.6,0.0
13851,95,8,4606.46,32.903285714285715,76.58409867865115,140,3,4,5,345,Standard,2010-01-29 11:54:00,2011-09-05 12:36:00,584,111,United Kingdom,888.0,73.0
13852,610,1,187.35000000000002,17.031818181818185,1.3134444653796242,11,1,1,1,111,Dormant,2010-04-08 09:06:00,2010-04-08 09:06:00,0,11,United Kingdom,18.0,0.0
13853,56,1,1090.1399999999999,47.39739130434782,37.85093168270778,23,4,1,3,413,Standard,2011-10-13 14:18:00,2011-10-13 14:18:00,0,23,United Kingdom,175.2,0.0
13854,8,39,12253.96,67.70143646408839,63.06255960140425,181,5,5,5,555,Champions,2010-01-08 11:28:00,2011-12-01 09:06:00,691,61,United Kingdom,350.4,17.71794871794872
13855,500,4,1310.3400000000001,17.949863013698632,11.873731802825032,73,1,3,4,134,Standard,2009-12-08 16:56:00,2010-07-27 09:53:00,230,64,United Kingdom,94.64,57.5
13856,168,11,1142.03,21.148703703703703,19.34047033108381,54,3,5,3,353,Standard,2010-03-30 15:40:00,2011-06-24 10:03:00,450,33,United Kingdom,93.6,40.90909090909091
13857,392,6,1001.01,7.820390625,6.29298276890023,128,2,4,3,243,Standard,2010-05-17 14:21:00,2010-11-11 12:54:00,177,99,United Kingdom,40.8,29.5
13858,56,1,216.17000000000002,19.651818181818182,6.440111517950319,11,4,1,1,411,Standard,2011-10-13 16:17:00,2011-10-13 16:17:00,0,11,United Kingdom,30.6,0.0
13859,325,2,515.86,14.329444444444444,21.677030495690847,36,2,2,2,222,Dormant,2010-06-28 15:36:00,2011-01-17 16:14:00,203,34,United Kingdom,127.5,101.5
13860,0,5,1245.9,16.39342105263158,5.100813674341662,76,5,4,3,543,Loyal,2011-09-14 09:27:00,2011-12-08 12:57:00,85,58,United Kingdom,29.880000000000003,17.0
13861,428,2,273.26,13.012380952380951,5.418847575603048,21,1,2,1,121,Dormant,2010-06-27 11:37:00,2010-10-06 14:20:00,101,21,United Kingdom,23.4,50.5
13862,17,9,2556.09,15.9755625,5.984148741432754,160,5,5,4,554,Champions,2010-11-15 13:43:00,2011-11-21 16:24:00,371,113,United Kingdom,45.0,41.22222222222222
13863,247,4,1239.55,17.707857142857144,7.004136229908879,70,2,3,3,233,Standard,2010-04-25 13:09:00,2011-04-06 10:20:00,345,59,United Kingdom,53.55,86.25
13864,386,1,662.4000000000001,662.4000000000001,0.0,1,2,1,3,213,Dormant,2010-11-18 12:50:00,2010-11-18 12:50:00,0,1,United Kingdom,662.4000000000001,0.0
13865,57,4,501.56,16.718666666666667,4.276587209553845,30,4,3,2,432,Loyal,2011-02-23 12:04:00,2011-10-12 13:31:00,231,26,United Kingdom,25.5,57.75
13866,73,1,145.67,20.81,8.302045932579912,7,3,1,1,311,Standard,2011-09-26 14:54:00,2011-09-26 14:54:00,0,7,United Kingdom,34.68,0.0
13867,30,3,1015.29,16.644098360655736,7.928748193977236,61,4,3,3,433,Loyal,2011-05-05 17:28:00,2011-11-08 15:48:00,186,51,United Kingdom,63.6,62.0
13868,6,2,3192.54,96.74363636363637,464.7298439941895,33,5,2,5,525,Standard,2011-11-01 12:45:00,2011-12-02 16:32:00,31,32,United Kingdom,2685.0,15.5
13869,122,10,8111.57,9.432058139534883,6.659214126225465,860,3,5,5,355,Standard,2010-01-17 14:53:00,2011-08-08 13:53:00,567,502,United Kingdom,53.7,56.7
13870,1,15,5712.08,23.701576763485477,31.839680196312546,241,5,5,5,555,Champions,2010-02-08 12:08:00,2011-12-07 13:23:00,667,159,United Kingdom,225.0,44.46666666666667
13871,22,17,7885.85,19.616542288557216,9.749509009158032,402,4,5,5,455,Champions,2009-12-20 13:09:00,2011-11-17 10:49:00,696,183,United Kingdom,67.2,40.94117647058823
13872,526,3,919.57,16.13280701754386,4.571781754253072,57,1,3,3,133,Standard,2009-12-14 09:56:00,2010-06-30 15:35:00,198,51,United Kingdom,30.0,66.0
13873,119,8,1038.92,17.315333333333335,7.789732805118621,60,3,4,3,343,Standard,2010-03-03 12:31:00,2011-08-12 10:08:00,526,55,United Kingdom,51.0,65.75
13874,357,7,2049.15,29.697826086956525,28.305680466563455,69,2,4,4,244,Standard,2010-02-04 18:39:00,2010-12-16 18:20:00,314,46,United Kingdom,178.75,44.857142857142854
13875,53,14,4814.37,17.831,21.221262083669572,270,4,5,5,455,Champions,2009-12-17 10:30:00,2011-10-17 09:36:00,668,159,United Kingdom,295.0,47.714285714285715
13876,63,1,122.7,17.52857142857143,4.940551347678477,7,3,1,1,311,Standard,2011-10-07 10:22:00,2011-10-07 10:22:00,0,7,United Kingdom,23.9,0.0
13877,85,3,449.68,19.551304347826086,13.68394756452306,23,3,3,2,332,Standard,2010-01-19 10:53:00,2011-09-14 15:49:00,603,23,United Kingdom,69.6,201.0
13878,54,4,2473.06,23.112710280373832,18.785935152826813,107,4,3,4,434,Loyal,2010-04-14 13:50:00,2011-10-16 12:19:00,549,93,United Kingdom,102.0,137.25
13879,645,1,395.5,15.82,4.304512167481932,25,1,1,2,112,Dormant,2010-03-04 10:49:00,2010-03-04 10:49:00,0,25,United Kingdom,25.5,0.0
13880,20,17,4391.66,19.177554585152837,8.792706764093293,229,4,5,5,455,Champions,2010-05-26 14:29:00,2011-11-18 13:44:00,540,148,United Kingdom,59.400000000000006,31.764705882352942
13881,3,43,45179.1,98.8601750547046,86.64889295799735,457,5,5,5,555,Champions,2010-03-04 14:41:00,2011-12-06 12:50:00,641,182,United Kingdom,612.0,14.906976744186046
13882,2,5,1191.13,18.325076923076924,9.956787277260439,65,5,4,3,543,Loyal,2011-10-06 15:28:00,2011-12-07 11:16:00,61,54,United Kingdom,59.85,12.2
13883,10,15,6560.02,20.759556962025318,12.473958592912572,316,5,5,5,555,Champions,2009-12-08 17:26:00,2011-11-29 10:45:00,720,200,United Kingdom,122.4,48.0
13884,6,10,1888.48,9.939368421052631,8.113524186891455,190,5,5,4,554,Champions,2010-08-26 19:57:00,2011-12-02 16:30:00,462,108,United Kingdom,69.3,46.2
13885,188,2,506.8,18.1,8.591845832812341,28,3,2,2,322,Standard,2011-05-23 08:52:00,2011-06-03 15:07:00,11,28,United Kingdom,51.0,5.5
13886,70,1,243.56,15.2225,3.6277587203855415,16,3,1,1,311,Standard,2011-09-29 13:17:00,2011-09-29 13:17:00,0,16,United Kingdom,20.0,0.0
13887,203,1,349.55,18.397368421052633,7.294246470948688,19,2,1,2,212,Dormant,2011-05-19 17:22:00,2011-05-19 17:22:00,0,19,United Kingdom,32.7,0.0
13888,119,7,2169.05,11.788315217391306,8.365449101874407,184,3,4,4,344,Standard,2010-05-13 11:57:00,2011-08-12 10:13:00,455,124,United Kingdom,61.2,65.0
13889,92,6,1991.23,23.990722891566264,11.90474990089092,83,3,4,4,344,Standard,2010-01-22 14:32:00,2011-09-08 09:13:00,593,57,United Kingdom,70.80000000000001,98.83333333333333
13890,0,14,2927.38,16.921271676300577,6.021191414317927,173,5,5,4,554,Champions,2009-12-06 15:15:00,2011-12-08 15:36:00,732,100,United Kingdom,50.400000000000006,52.285714285714285
13891,377,3,863.56,8.6356,8.094123859350379,100,2,3,3,233,Standard,2010-05-06 16:02:00,2010-11-26 15:57:00,203,97,United Kingdom,47.6,67.66666666666667
13892,26,6,1267.65,35.212500000000006,47.01378876001623,36,4,4,4,444,Champions,2010-05-13 10:32:00,2011-11-13 11:50:00,549,33,United Kingdom,250.56,91.5
13893,297,1,821.1,39.1,64.2484241051872,21,2,1,3,213,Dormant,2011-02-15 11:30:00,2011-02-15 11:30:00,0,21,United Kingdom,306.0,0.0
13894,23,3,564.62,20.911851851851853,13.649404900253131,27,4,3,2,432,Loyal,2011-02-02 12:54:00,2011-11-16 09:44:00,286,25,United Kingdom,76.32000000000001,95.33333333333333
13895,27,6,4008.52,21.551182795698924,16.764962714233764,186,4,4,5,445,Champions,2009-12-03 13:09:00,2011-11-11 16:57:00,708,154,United Kingdom,180.0,118.0
13896,625,1,388.55,18.502380952380953,15.727288992309484,21,1,1,2,112,Dormant,2010-03-24 08:55:00,2010-03-24 08:55:00,0,21,United Kingdom,76.5,0.0
13897,49,3,1160.72,19.67322033898305,8.863441271580221,59,4,3,3,433,Loyal,2010-01-31 13:48:00,2011-10-20 14:30:00,627,58,United Kingdom,53.1,209.0
13898,325,2,686.4,14.921739130434782,5.904593430108396,46,2,2,3,223,Dormant,2010-10-24 15:42:00,2011-01-18 10:28:00,85,43,United Kingdom,39.6,42.5
13899,15,2,388.52,20.448421052631577,9.456067577755972,19,5,2,2,522,Standard,2011-03-10 09:30:00,2011-11-23 13:40:00,258,19,United Kingdom,51.0,129.0
13900,182,6,1610.5900000000001,16.953578947368424,11.97146908951672,95,3,4,4,344,Standard,2010-03-25 13:46:00,2011-06-09 19:26:00,441,80,United Kingdom,102.0,73.5
13901,71,15,5676.34,18.310774193548387,10.050072245983793,310,3,5,5,355,Standard,2010-01-05 09:29:00,2011-09-28 14:48:00,631,280,United Kingdom,119.7,42.06666666666667
13902,631,5,34095.26,541.1946031746032,624.6117019883048,63,1,4,5,145,At_Risk_HighValue,2009-12-15 10:02:00,2010-03-17 13:09:00,92,58,Denmark,3630.8,18.4
13903,399,1,165.45000000000002,16.545,1.6325593404222716,10,2,1,1,211,Dormant,2010-11-04 17:44:00,2010-11-04 17:44:00,0,10,United Kingdom,19.8,0.0
13904,36,2,332.64,12.793846153846154,4.275716620098275,26,4,2,2,422,Standard,2011-02-18 11:18:00,2011-11-02 13:41:00,257,24,United Kingdom,19.8,128.5
13905,732,1,312.65,26.054166666666664,33.66797924609007,12,1,1,2,112,Dormant,2009-12-07 11:41:00,2009-12-07 11:41:00,0,12,United Kingdom,130.8,0.0
13906,408,1,42.0,42.0,0.0,1,2,1,1,211,Dormant,2010-10-26 15:00:00,2010-10-26 15:00:00,0,1,United Kingdom,42.0,0.0
13907,691,1,136.8,34.2,7.868926229162399,4,1,1,1,111,Dormant,2010-01-17 12:22:00,2010-01-17 12:22:00,0,4,United Kingdom,40.8,0.0
13908,79,4,2369.55,19.42254098360656,14.315681372518158,122,3,3,4,334,Standard,2011-03-08 12:04:00,2011-09-21 11:49:00,196,104,United Kingdom,124.8,49.0
13909,422,2,286.6,7.348717948717949,4.979251253946974,39,1,2,1,121,Dormant,2010-07-06 16:52:00,2010-10-12 17:22:00,98,35,United Kingdom,23.4,49.0
13911,56,20,4234.99,17.7940756302521,14.956522665345094,238,4,5,5,455,Champions,2010-03-01 16:31:00,2011-10-13 15:43:00,590,178,United Kingdom,119.52,29.5
13912,423,1,124.95,17.85,2.9673220249915584,7,1,1,1,111,Dormant,2010-10-12 08:43:00,2010-10-12 08:43:00,0,7,United Kingdom,22.5,0.0
13913,506,1,42.22,14.073333333333332,1.670219546446913,3,1,1,1,111,Dormant,2010-07-21 10:11:00,2010-07-21 10:11:00,0,3,United Kingdom,15.95,0.0
13914,11,2,626.45,18.983333333333334,11.13020121860637,33,5,2,3,523,Standard,2011-11-03 16:28:00,2011-11-28 10:35:00,24,28,United Kingdom,59.400000000000006,12.0
13915,393,1,70.80000000000001,35.400000000000006,25.03158005400378,2,2,1,1,211,Dormant,2010-11-10 15:17:00,2010-11-10 15:17:00,0,2,United Kingdom,53.1,0.0
13916,463,4,1275.81,17.240675675675675,13.886132762538761,74,1,3,4,134,Standard,2010-02-02 10:06:00,2010-09-02 10:04:00,211,72,United Kingdom,125.0,52.75
13917,49,2,272.04,15.113333333333335,7.703667575749038,18,4,2,1,421,Standard,2011-06-01 12:46:00,2011-10-21 09:56:00,141,16,United Kingdom,30.6,70.5
13918,49,2,1212.8400000000001,40.428000000000004,49.83311531571116,30,4,2,3,423,Standard,2011-03-31 18:05:00,2011-10-21 12:25:00,203,30,United Kingdom,254.4,101.5
13919,58,4,1360.68,17.67116883116883,8.801552939235982,77,4,3,4,434,Loyal,2010-06-17 09:30:00,2011-10-11 14:24:00,481,65,Denmark,58.5,120.25
13920,431,4,1774.68,20.635813953488373,16.836982715936493,86,1,3,4,134,Standard,2010-05-26 15:48:00,2010-10-04 12:37:00,130,81,United Kingdom,90.0,32.5
13921,401,4,730.7,16.606818181818184,5.004667483193678,44,2,3,3,233,Standard,2009-12-18 12:19:00,2010-11-02 16:32:00,319,36,United Kingdom,35.7,79.75
13922,351,3,865.2,28.84,21.25142348173412,30,2,3,3,233,Standard,2010-08-29 14:36:00,2010-12-23 10:38:00,115,30,United Kingdom,94.5,38.333333333333336
13923,53,1,351.13,17.5565,10.710563047266646,20,4,1,2,412,Standard,2011-10-17 12:33:00,2011-10-17 12:33:00,0,20,United Kingdom,35.400000000000006,0.0
13924,1,6,1838.8500000000001,15.716666666666669,7.299373851275851,117,5,4,4,544,Champions,2011-09-28 15:07:00,2011-12-08 09:39:00,70,90,United Kingdom,35.400000000000006,11.666666666666666
13925,92,4,678.25,16.54268292682927,6.246762771384169,41,3,3,3,333,Standard,2011-07-28 12:09:00,2011-09-08 12:47:00,42,28,United Kingdom,33.2,10.5
13926,22,1,223.85000000000002,20.35,11.632991876555234,11,4,1,1,411,Standard,2011-11-16 13:16:00,2011-11-16 13:16:00,0,11,United Kingdom,39.95,0.0
13927,74,2,708.26,17.274634146341462,5.674472265136634,41,3,2,3,323,Standard,2010-09-28 16:12:00,2011-09-26 12:00:00,362,37,United Kingdom,41.6,181.0
13928,10,4,464.57,17.206296296296298,6.32246492106225,27,5,3,2,532,Loyal,2011-07-29 15:59:00,2011-11-29 10:33:00,122,23,United Kingdom,35.400000000000006,30.5
13929,168,11,3494.1,61.3,84.48346450637544,57,3,5,5,355,Standard,2010-01-14 07:25:00,2011-06-23 15:26:00,525,38,United Kingdom,477.6,47.72727272727273
13930,57,2,337.34,19.843529411764706,8.034688031573216,17,4,2,2,422,Standard,2011-07-26 11:00:00,2011-10-13 09:45:00,78,15,United Kingdom,39.6,39.0
13931,95,11,5257.38,19.399926199261994,17.465052321339495,271,3,5,5,355,Standard,2009-12-03 10:26:00,2011-09-05 10:12:00,640,205,United Kingdom,255.0,58.18181818181818
13932,294,1,307.4,19.2125,7.391763434165535,16,2,1,2,212,Dormant,2011-02-18 12:02:00,2011-02-18 12:02:00,0,16,United Kingdom,34.0,0.0
13933,108,2,608.79,26.469130434782606,13.93600011515091,23,3,2,2,322,Standard,2011-07-14 13:35:00,2011-08-22 14:03:00,39,23,United Kingdom,67.5,19.5
13934,263,1,922.1,29.74516129032258,20.27719718813356,31,2,1,3,213,Dormant,2011-03-21 08:39:00,2011-03-21 08:39:00,0,31,United Kingdom,90.0,0.0
13935,596,3,6116.92,76.4615,55.109872030244034,80,1,3,5,135,At_Risk_HighValue,2010-02-25 16:01:00,2010-04-22 11:21:00,55,67,United Kingdom,275.4,18.333333333333332
13936,179,3,939.6600000000001,15.926440677966102,6.208397195209822,59,3,3,3,333,Standard,2010-10-21 14:21:00,2011-06-13 08:47:00,234,56,United Kingdom,31.6,78.0
13937,168,2,880.13,16.298703703703705,4.631782755641473,54,3,2,3,323,Standard,2010-11-02 12:37:00,2011-06-23 16:35:00,233,54,United Kingdom,30.6,116.5
13938,34,1,71.66,10.237142857142857,4.855820268110269,7,4,1,1,411,Standard,2011-11-04 14:37:00,2011-11-04 14:37:00,0,7,United Kingdom,19.8,0.0
13939,22,7,1560.96,14.190545454545456,10.560520980021517,110,4,4,4,444,Champions,2010-04-06 12:43:00,2011-11-16 13:33:00,589,91,United Kingdom,102.0,84.14285714285714
13940,16,4,839.14,17.12530612244898,7.458768358460402,49,5,3,3,533,Loyal,2011-07-18 16:05:00,2011-11-22 15:15:00,126,39,United Kingdom,39.6,31.5
13941,21,15,11122.300000000001,105.92666666666668,104.98782530760658,105,4,5,5,455,Champions,2009-12-16 16:10:00,2011-11-18 09:43:00,701,42,United Kingdom,612.0,46.733333333333334
13942,534,1,320.0,320.0,0.0,1,1,1,2,112,Dormant,2010-06-23 12:35:00,2010-06-23 12:35:00,0,1,United Kingdom,320.0,0.0
13943,577,1,246.54000000000002,16.436,2.9843563555887327,15,1,1,1,111,Dormant,2010-05-11 11:30:00,2010-05-11 11:30:00,0,15,United Kingdom,23.25,0.0
13944,652,1,200.43,5.726571428571429,1.7906192534775143,35,1,1,1,111,Dormant,2010-02-24 15:02:00,2010-02-24 15:02:00,0,35,United Kingdom,11.8,0.0
13945,394,2,854.1500000000001,16.748039215686276,10.850576762478179,51,2,2,3,223,Dormant,2010-08-17 09:59:00,2010-11-10 10:00:00,85,49,United Kingdom,70.80000000000001,42.5
13946,78,6,1876.23,33.504107142857144,49.83805452852581,56,3,4,4,344,Standard,2009-12-04 11:07:00,2011-09-21 13:33:00,656,49,United Kingdom,183.6,109.33333333333333
13947,64,1,90.60000000000001,18.12,2.7380650101851134,5,3,1,1,311,Standard,2011-10-05 14:42:00,2011-10-05 14:42:00,0,5,United Kingdom,19.8,0.0
13948,360,4,548.76,22.865,11.309271302400713,24,2,3,2,232,Standard,2009-12-04 12:14:00,2010-12-14 10:18:00,374,23,United Kingdom,47.400000000000006,93.5
13949,2,6,2427.32,15.170750000000002,13.47303529042758,160,5,4,4,544,Champions,2011-09-06 11:55:00,2011-12-07 09:35:00,91,124,United Kingdom,135.2,15.166666666666666
13950,10,4,745.0600000000001,21.287428571428574,14.560886233301861,35,5,3,3,533,Loyal,2011-04-07 11:29:00,2011-11-28 14:44:00,235,33,United Kingdom,81.6,58.75
13951,175,3,674.45,17.293589743589745,6.164979398599415,39,3,3,3,333,Standard,2011-02-18 15:21:00,2011-06-16 16:43:00,118,38,United Kingdom,38.16,39.333333333333336
13952,217,14,12823.521,31.35335207823961,23.773574997257906,409,2,5,5,255,At_Risk_HighValue,2009-12-16 09:41:00,2011-05-06 09:00:00,505,238,United Kingdom,238.8,36.07142857142857
13953,6,12,6640.68,265.6272,293.7624815436216,25,5,5,5,555,Champions,2009-12-11 12:58:00,2011-12-02 16:04:00,721,8,United Kingdom,1000.0,60.083333333333336
13954,1,2,439.92,17.5968,6.392342893389454,25,5,2,2,522,Standard,2011-09-30 10:52:00,2011-12-08 12:50:00,69,24,United Kingdom,33.9,34.5
13955,153,3,545.17,6.266321839080459,7.626968234715201,87,3,3,2,332,Standard,2010-11-29 17:35:00,2011-07-08 17:19:00,220,82,United Kingdom,51.0,73.33333333333333
13956,4,5,1026.42,6.752763157894737,6.583337807317515,152,5,4,3,543,Loyal,2011-03-13 12:51:00,2011-12-04 13:20:00,266,123,United Kingdom,49.01,53.2
13957,417,3,458.25,16.97222222222222,2.6403573961657503,27,1,3,2,132,Standard,2010-02-19 10:32:00,2010-10-18 10:02:00,240,21,United Kingdom,23.25,80.0
13958,379,8,4709.2300000000005,20.745506607929517,17.824470826677082,227,2,4,5,245,At_Risk_HighValue,2009-12-05 13:12:00,2010-11-25 10:11:00,354,172,United Kingdom,135.0,44.25
13959,78,6,1076.18,6.602331288343558,6.243292852546402,163,3,4,3,343,Standard,2010-07-16 15:11:00,2011-09-21 15:06:00,431,120,United Kingdom,42.5,71.83333333333333
13960,20,2,230.22,19.185,16.86713453058128,12,4,2,1,421,Standard,2011-09-29 12:39:00,2011-11-18 15:27:00,50,11,United Kingdom,70.8,25.0
13961,391,1,538.4,28.336842105263155,25.120774061992684,19,2,1,2,212,Dormant,2010-11-12 14:40:00,2010-11-12 14:40:00,0,19,United Kingdom,106.2,0.0
13962,21,3,362.8,15.773913043478261,4.575558325723197,23,4,3,2,432,Loyal,2010-09-30 10:35:00,2011-11-18 08:47:00,413,23,United Kingdom,30.0,137.66666666666666
13963,307,17,3011.87,17.510872093023256,8.510212086741545,172,2,5,5,255,At_Risk_HighValue,2010-04-21 16:20:00,2011-02-04 14:43:00,288,129,United Kingdom,60.0,16.941176470588236
13964,386,2,438.9,18.287499999999998,9.372116484087485,24,2,2,2,222,Dormant,2010-10-05 12:38:00,2010-11-17 13:53:00,43,22,United Kingdom,47.2,21.5
13965,476,3,996.61,41.525416666666665,54.927457929540566,24,1,3,3,133,Standard,2010-01-05 15:21:00,2010-08-20 10:40:00,226,23,United Kingdom,229.5,75.33333333333333
13966,434,1,390.86,17.766363636363636,14.339837797267725,22,1,1,2,112,Dormant,2010-09-30 13:08:00,2010-09-30 13:08:00,0,21,United Kingdom,60.48,0.0
13967,145,2,166.3,27.71666666666667,12.733486037478764,6,3,2,1,321,Standard,2010-11-08 13:24:00,2011-07-17 12:02:00,250,4,United Kingdom,45.0,125.0
13968,422,1,123.66,15.4575,6.5441222264170555,8,1,1,1,111,Dormant,2010-10-12 13:22:00,2010-10-12 13:22:00,0,8,United Kingdom,30.0,0.0
13969,6,35,13365.87,12.08487341772152,16.337442996048093,1106,5,5,5,555,Champions,2010-03-25 13:15:00,2011-12-02 15:11:00,617,472,United Kingdom,207.50000000000003,17.62857142857143
13970,385,2,846.55,65.11923076923077,80.46999590546554,13,2,2,3,223,Dormant,2010-09-28 11:53:00,2010-11-18 13:21:00,51,10,United Kingdom,255.2,25.5
13971,18,14,4667.57,18.30419607843137,7.5974284942460235,255,5,5,5,555,Champions,2010-01-26 09:51:00,2011-11-21 12:06:00,664,184,United Kingdom,49.8,47.42857142857143
13972,70,2,190.25,12.683333333333334,5.204066633298379,15,3,2,1,321,Standard,2011-05-22 11:34:00,2011-09-30 11:54:00,131,15,United Kingdom,23.6,65.5
13973,286,1,264.7,24.063636363636363,16.977250821453556,11,2,1,1,211,Dormant,2011-02-25 15:21:00,2011-02-25 15:21:00,0,11,United Kingdom,68.0,0.0
13974,48,2,677.72,15.76093023255814,3.81305452732451,43,4,2,3,423,Standard,2010-05-06 17:55:00,2011-10-21 14:41:00,532,43,United Kingdom,24.96,266.0
13975,30,12,5358.84,7.126117021276596,6.906297485314544,752,4,5,5,455,Champions,2010-02-02 13:13:00,2011-11-08 13:19:00,644,434,United Kingdom,51.0,53.666666666666664
13976,206,4,1192.3600000000001,21.29214285714286,13.198102716855761,56,2,3,3,233,Standard,2010-02-09 13:08:00,2011-05-17 09:13:00,461,49,United Kingdom,69.36,115.25
13977,410,1,519.8100000000001,39.98538461538462,31.568078448380053,13,1,1,2,112,Dormant,2010-10-24 14:08:00,2010-10-24 14:08:00,0,13,United Kingdom,127.2,0.0
13978,14,2,196.79,13.119333333333334,12.522410463226473,15,5,2,1,521,Standard,2011-10-25 15:04:00,2011-11-25 11:36:00,30,14,United Kingdom,40.56,15.0
13979,72,7,3416.23,8.41435960591133,6.498908927135679,406,3,4,5,345,Standard,2009-12-03 10:02:00,2011-09-27 13:32:00,663,356,United Kingdom,27.0,94.71428571428571
13980,59,5,799.92,12.306461538461537,9.769596561330149,65,3,4,3,343,Standard,2010-02-21 14:18:00,2011-10-10 13:34:00,595,57,United Kingdom,47.2,119.0
13981,415,1,331.14,15.05181818181818,5.681944365698398,22,1,1,2,112,Dormant,2010-10-20 10:03:00,2010-10-20 10:03:00,0,22,United Kingdom,31.2,0.0
13982,38,9,4445.59,17.571501976284587,19.55728973713126,253,4,5,5,455,Champions,2010-01-20 14:04:00,2011-10-31 16:24:00,649,123,United Kingdom,163.2,72.11111111111111
13983,29,21,7108.45,20.84589442815249,33.35092989497308,341,4,5,5,455,Champions,2009-12-09 13:53:00,2011-11-10 11:06:00,700,238,United Kingdom,290.0,33.333333333333336
13984,26,12,2048.6,22.02795698924731,47.22888478184998,93,4,5,4,454,Champions,2009-12-07 11:51:00,2011-11-13 12:38:00,706,53,United Kingdom,432.48,58.833333333333336
13985,3,22,10020.86,20.87679166666667,9.370958899023917,480,5,5,5,555,Champions,2010-02-09 13:56:00,2011-12-05 17:06:00,664,149,United Kingdom,88.5,30.181818181818183
13986,16,1,320.46,24.650769230769228,19.372728882606452,13,5,1,2,512,Standard,2011-11-22 15:00:00,2011-11-22 15:00:00,0,12,United Kingdom,80.64,0.0
13987,379,2,682.54,14.837826086956522,5.103147574691734,46,2,2,3,223,Dormant,2010-11-04 09:54:00,2010-11-25 10:20:00,21,46,United Kingdom,30.0,10.5
13988,19,8,4757.8,16.12813559322034,9.756547927650706,295,4,4,5,445,Champions,2010-03-24 11:05:00,2011-11-20 10:15:00,605,218,United Kingdom,71.9,75.625
13989,65,5,2026.06,23.558837209302325,22.76896951444351,86,3,4,4,344,Standard,2010-05-25 12:13:00,2011-10-05 09:47:00,497,61,United Kingdom,145.0,99.4
13990,212,1,311.3,19.45625,8.045782228389399,16,2,1,2,212,Dormant,2011-05-10 15:19:00,2011-05-10 15:19:00,0,16,United Kingdom,35.7,0.0
13991,11,6,855.97,10.190119047619048,8.271607482654305,84,5,4,3,543,Loyal,2011-07-19 12:58:00,2011-11-27 16:18:00,131,58,United Kingdom,39.6,21.833333333333332
13992,29,3,219.5,19.954545454545453,10.9114951896029,11,4,3,1,431,HighEngagement_LowValue,2010-09-02 17:04:00,2011-11-09 15:23:00,432,10,United Kingdom,46.8,144.0
13993,42,19,6775.71,25.960574712643677,21.31437267105797,261,4,5,5,455,Champions,2009-12-03 11:57:00,2011-10-28 09:06:00,693,110,United Kingdom,204.0,36.473684210526315
13994,3,6,2313.14,14.923483870967742,8.866989019804615,155,5,4,4,544,Champions,2011-07-14 18:28:00,2011-12-06 11:05:00,144,122,United Kingdom,49.5,24.0
13995,14,14,3902.01,16.965260869565217,7.58366105500187,230,5,5,5,555,Champions,2009-12-18 12:43:00,2011-11-24 14:22:00,706,146,United Kingdom,53.1,50.42857142857143
13996,385,2,895.76,27.144242424242425,22.048591087400435,33,2,2,3,223,Dormant,2010-11-05 15:07:00,2010-11-18 16:27:00,13,29,United Kingdom,94.8,6.5
13997,518,3,382.31,8.31108695652174,5.983166099152547,46,1,3,2,132,Standard,2010-06-07 17:33:00,2010-07-08 18:06:00,31,36,United Kingdom,25.5,10.333333333333334
13998,446,3,566.7,18.280645161290323,5.835518791837831,31,1,3,2,132,Standard,2010-05-12 13:18:00,2010-09-19 10:20:00,129,30,United Kingdom,33.9,43.0
13999,9,29,9502.26,20.391115879828327,15.873160333316997,466,5,5,5,555,Champions,2009-12-05 12:42:00,2011-11-29 13:40:00,724,174,United Kingdom,122.04,24.96551724137931
14000,210,5,2046.34,41.76204081632653,33.5685855736426,49,2,4,4,244,Standard,2009-12-02 09:50:00,2011-05-12 16:50:00,526,28,United Kingdom,166.8,105.2
14001,45,9,4530.09,40.447232142857146,39.20332214296033,112,4,5,5,455,Champions,2010-08-03 12:49:00,2011-10-25 10:31:00,447,60,United Kingdom,204.0,49.666666666666664
14002,133,2,529.73,11.270851063829788,5.519688802580795,47,3,2,2,322,Standard,2011-07-06 14:59:00,2011-07-28 15:55:00,22,47,United Kingdom,23.4,11.0
14003,732,1,209.41,13.088125,4.0013568011363345,16,1,1,1,111,Dormant,2009-12-07 08:53:00,2009-12-07 08:53:00,0,16,United Kingdom,19.8,0.0
14004,42,11,6258.45,25.968672199170125,14.79094336848055,241,4,5,5,455,Champions,2010-09-30 09:39:00,2011-10-27 14:40:00,392,127,United Kingdom,82.5,35.63636363636363
14005,9,5,2874.72,34.22285714285714,38.597948649263124,84,5,4,4,544,Champions,2011-05-08 10:33:00,2011-11-30 12:41:00,206,53,United Kingdom,175.2,41.2
14006,115,7,2196.67,28.528181818181817,32.645699109299656,77,3,4,4,344,Standard,2010-02-25 09:45:00,2011-08-16 09:39:00,536,55,United Kingdom,152.64,76.57142857142857
14007,512,1,79.48,15.896,2.7274676900011112,5,1,1,1,111,Dormant,2010-07-15 09:06:00,2010-07-15 09:06:00,0,5,United Kingdom,19.9,0.0
14008,431,1,509.04,15.9075,3.578792371556316,32,1,1,2,112,Dormant,2010-10-03 13:09:00,2010-10-03 13:09:00,0,32,United Kingdom,30.0,0.0
14009,197,3,1099.91,14.863648648648649,5.375504710123487,74,2,3,3,233,Standard,2010-09-03 12:08:00,2011-05-25 15:47:00,264,71,United Kingdom,30.0,88.0
14010,564,2,445.15,18.547916666666666,17.955570040269244,24,1,2,2,122,Dormant,2010-05-23 12:46:00,2010-05-23 13:00:00,0,20,United Kingdom,63.0,0.0
14011,479,2,457.82,14.306875,6.088102854828239,32,1,2,2,122,Dormant,2010-04-11 13:40:00,2010-08-16 15:31:00,127,32,United Kingdom,35.7,63.5
14012,277,1,328.8,29.89090909090909,8.732062132790231,11,2,1,2,212,Dormant,2011-03-07 12:26:00,2011-03-07 12:26:00,0,11,United Kingdom,39.6,0.0
14013,109,5,1084.57,15.949558823529411,7.5109222825031,68,3,4,3,343,Standard,2010-03-26 10:02:00,2011-08-21 15:01:00,513,56,United Kingdom,44.55,102.6
14014,76,3,1948.21,25.63434210526316,32.342447004332705,76,3,3,4,334,Standard,2010-05-12 09:04:00,2011-09-23 13:18:00,499,76,United Kingdom,175.2,166.33333333333334
14015,52,1,917.34,45.867000000000004,28.2101872416779,20,4,1,3,413,Standard,2011-10-18 10:02:00,2011-10-18 10:02:00,0,20,United Kingdom,108.48,0.0
14016,161,11,11403.41,25.45404017857143,27.749617986659587,448,3,5,5,355,Standard,2010-01-08 14:12:00,2011-07-01 11:29:00,538,354,EIRE,207.50000000000003,48.90909090909091
14017,570,1,229.75,16.410714285714285,4.287377653398071,14,1,1,1,111,Dormant,2010-05-17 14:52:00,2010-05-17 14:52:00,0,14,United Kingdom,25.200000000000003,0.0
14018,644,1,367.15,28.24230769230769,16.120432249087983,13,1,1,2,112,Dormant,2010-03-04 14:23:00,2010-03-04 14:23:00,0,13,United Kingdom,59.400000000000006,0.0
14019,46,3,1421.6100000000001,21.539545454545458,17.490839486544264,66,4,3,4,434,Loyal,2011-07-24 15:39:00,2011-10-24 10:13:00,91,37,United Kingdom,99.84,30.333333333333332
14020,16,4,1249.01,17.347361111111113,6.310113052949332,72,5,3,4,534,Loyal,2010-06-28 15:29:00,2011-11-23 09:22:00,512,63,United Kingdom,39.6,128.0
14021,154,7,1716.58,19.07311111111111,12.023896211290046,90,3,4,4,344,Standard,2010-04-26 11:22:00,2011-07-07 15:46:00,437,84,United Kingdom,76.5,62.42857142857143
14022,224,2,792.15,16.854255319148937,6.838189038385774,47,2,2,3,223,Dormant,2010-08-10 09:38:00,2011-04-28 14:39:00,261,45,United Kingdom,35.400000000000006,130.5
14023,6,2,584.07,18.840967741935486,7.9430285386363435,31,5,2,2,522,Standard,2011-04-03 15:50:00,2011-12-02 13:58:00,242,30,United Kingdom,44.55,121.0
14024,121,3,645.74,18.99235294117647,4.578108686388412,34,3,3,3,333,Standard,2010-11-14 10:51:00,2011-08-10 11:30:00,269,33,United Kingdom,30.6,89.66666666666667
14025,464,8,4057.9,40.98888888888889,31.839637403358168,99,1,4,5,145,At_Risk_HighValue,2010-05-05 09:56:00,2010-09-01 10:11:00,119,60,United Kingdom,170.0,14.875
14026,470,2,713.11,14.2622,3.899737976545896,50,1,2,3,123,Dormant,2010-03-24 14:10:00,2010-08-26 10:31:00,154,43,United Kingdom,22.95,77.0
14027,60,1,104.82,17.47,6.668849975820419,6,3,1,1,311,Standard,2011-10-10 09:01:00,2011-10-10 09:01:00,0,6,United Kingdom,24.96,0.0
14028,549,3,10396.5,1155.1666666666667,72.5,9,1,3,5,135,At_Risk_HighValue,2010-06-07 12:02:00,2010-06-07 13:33:00,0,3,United Kingdom,1203.5,0.0
14029,62,2,467.66,31.177333333333333,19.70363978944959,15,3,2,2,322,Standard,2011-07-18 16:57:00,2011-10-07 14:46:00,80,15,United Kingdom,79.2,40.0
14030,17,20,8262.29,9.540750577367206,18.29708809114643,866,5,5,5,555,Champions,2009-12-10 17:27:00,2011-11-21 16:48:00,710,591,United Kingdom,290.0,35.5
14031,6,44,40999.17,52.49573623559539,86.9132341587011,781,5,5,5,555,Champions,2009-12-03 15:35:00,2011-12-02 17:13:00,729,280,United Kingdom,1416.0,16.568181818181817
14032,1,16,4850.27,19.87815573770492,15.324925482009494,244,5,5,5,555,Champions,2009-12-14 12:02:00,2011-12-07 15:23:00,723,79,United Kingdom,128.88,45.1875
14033,554,1,109.44,109.44,0.0,1,1,1,1,111,Dormant,2010-06-02 15:10:00,2010-06-02 15:10:00,0,1,United Kingdom,109.44,0.0
14034,21,3,651.8199999999999,7.323820224719101,13.118501032166364,89,4,3,3,433,Loyal,2011-07-05 13:06:00,2011-11-17 14:02:00,135,82,United Kingdom,87.8,45.0
14035,28,9,2856.72,18.918675496688742,19.946480714668997,151,4,5,4,454,Champions,2010-04-06 12:39:00,2011-11-11 10:03:00,583,70,United Kingdom,81.6,64.77777777777777
14036,284,1,626.65,16.49078947368421,6.075939870162653,38,2,1,3,213,Dormant,2011-02-28 09:26:00,2011-02-28 09:26:00,0,38,United Kingdom,31.8,0.0
14037,175,6,836.95,7.341666666666667,11.581989903207225,114,3,4,3,343,Standard,2009-12-07 11:39:00,2011-06-16 13:57:00,556,96,United Kingdom,114.75,92.66666666666667
14038,77,5,3069.88,19.067577639751555,9.259793314134871,161,3,4,5,345,Standard,2010-02-04 08:56:00,2011-09-22 13:37:00,595,99,United Kingdom,78.0,119.0
14039,32,2,267.28000000000003,26.728,24.593730366362347,10,4,2,1,421,Standard,2010-05-13 10:15:00,2011-11-06 13:48:00,542,10,United Kingdom,76.32000000000001,271.0
14040,40,35,12645.57,15.926410579345088,16.160823415142684,794,4,5,5,455,Champions,2009-12-01 12:14:00,2011-10-30 12:42:00,698,335,United Kingdom,175.2,19.942857142857143
14041,265,1,141.41,6.733809523809524,10.859188034190437,21,2,1,1,211,Dormant,2011-03-18 13:25:00,2011-03-18 13:25:00,0,21,United Kingdom,39.9,0.0
14042,724,1,431.98,20.570476190476192,16.815388926870074,21,1,1,2,112,Dormant,2009-12-14 15:07:00,2009-12-14 15:07:00,0,21,United Kingdom,90.0,0.0
14043,490,2,304.25,7.244047619047619,8.720010645418597,42,1,2,2,122,Dormant,2009-12-10 15:56:00,2010-08-05 18:18:00,238,37,United Kingdom,35.8,119.0
14044,26,10,3123.1,3.669917743830787,4.494822445520554,851,4,5,5,455,Champions,2010-01-24 15:14:00,2011-11-13 12:05:00,657,533,United Kingdom,60.48,65.7
14045,108,16,11313.03,297.7113157894737,238.7621041298057,38,3,5,5,355,Standard,2010-01-08 10:08:00,2011-08-22 15:27:00,591,16,United Kingdom,1224.0,36.9375
14046,283,1,154.99,11.070714285714287,10.525707331821687,14,2,1,1,211,Dormant,2011-02-28 14:48:00,2011-02-28 14:48:00,0,14,United Kingdom,40.32,0.0
14047,8,14,4255.03,25.94530487804878,25.267274147625507,164,5,5,5,555,Champions,2010-02-01 10:05:00,2011-12-01 11:43:00,668,91,United Kingdom,183.6,47.714285714285715
14048,304,3,748.69,5.309858156028369,4.632963874826876,141,2,3,3,233,Standard,2010-11-22 14:08:00,2011-02-07 14:53:00,77,126,United Kingdom,39.95,25.666666666666668
14049,16,13,13239.03,12.247021276595746,13.804049057369019,1081,5,5,5,555,Champions,2010-04-01 14:52:00,2011-11-23 12:20:00,600,573,United Kingdom,125.0,46.15384615384615
14050,31,2,746.36,13.821481481481483,5.103282483208643,54,4,2,3,423,Standard,2011-08-25 13:46:00,2011-11-08 10:00:00,74,49,United Kingdom,30.0,37.0
14051,0,37,22434.0,67.16766467065868,53.505120823054135,334,5,5,5,555,Champions,2009-12-03 11:53:00,2011-12-09 10:20:00,735,82,United Kingdom,357.6,19.864864864864863
14052,19,2,480.81,3.84648,3.61866537864178,125,4,2,2,422,Standard,2010-11-14 11:37:00,2011-11-20 12:30:00,371,115,United Kingdom,18.75,185.5
14053,123,4,572.3,63.58888888888888,50.55911625128658,9,3,3,2,332,Standard,2010-08-10 11:02:00,2011-08-07 14:27:00,362,3,United Kingdom,137.8,90.5
14054,64,1,92.46000000000001,15.410000000000002,2.669943819633664,6,3,1,1,311,Standard,2011-10-05 15:49:00,2011-10-05 15:49:00,0,6,United Kingdom,16.5,0.0
14055,105,3,1520.96,46.08969696969697,68.57029151192448,33,3,3,4,334,Standard,2009-12-16 15:11:00,2011-08-25 15:04:00,616,33,United Kingdom,415.00000000000006,205.33333333333334
14056,0,23,8214.65,7.427350813743218,7.590218815241344,1106,5,5,5,555,Champions,2011-02-28 15:19:00,2011-12-08 13:36:00,282,320,United Kingdom,74.25,12.26086956521739
14057,23,22,8408.84,18.521674008810574,24.43965631353103,454,4,5,5,455,Champions,2009-12-03 13:17:00,2011-11-16 10:32:00,712,244,United Kingdom,386.64,32.36363636363637
14058,462,2,469.19,19.549583333333334,10.09802971706197,24,1,2,2,122,Dormant,2010-06-27 11:29:00,2010-09-03 09:31:00,67,23,United Kingdom,46.8,33.5
14059,266,1,183.6,22.95,11.947384651043926,8,2,1,1,211,Dormant,2011-03-18 10:06:00,2011-03-18 10:06:00,0,8,United Kingdom,51.0,0.0
14060,4,30,9519.08,35.25585185185185,36.71626293812512,270,5,5,5,555,Champions,2010-03-11 09:47:00,2011-12-05 12:29:00,634,100,United Kingdom,302.40000000000003,21.133333333333333
14061,506,3,917.4300000000001,48.28578947368421,79.63650407499408,19,1,3,3,133,Standard,2009-12-01 18:03:00,2010-07-20 17:22:00,230,17,United Kingdom,364.0,76.66666666666667
14062,9,24,25604.2,74.64781341107872,83.87633908710573,343,5,5,5,555,Champions,2009-12-10 14:28:00,2011-11-30 10:04:00,719,141,United Kingdom,594.0,29.958333333333332
14063,437,9,22710.2,567.755,1665.0442021683264,40,1,5,5,155,At_Risk_HighValue,2009-12-08 13:46:00,2010-09-27 16:18:00,293,30,United Kingdom,10468.8,32.55555555555556
14064,28,15,3332.42,13.657459016393442,24.80502544534055,244,4,5,5,455,Champions,2010-01-21 13:22:00,2011-11-10 13:14:00,657,131,United Kingdom,311.04,43.8
14065,388,3,891.02,18.18408163265306,8.146642181078695,49,2,3,3,233,Standard,2010-10-04 12:03:00,2010-11-15 16:13:00,42,42,United Kingdom,51.0,14.0
14066,266,1,152.55,21.792857142857144,10.437210218389641,7,2,1,1,211,Dormant,2011-03-18 12:21:00,2011-03-18 12:21:00,0,7,United Kingdom,38.25,0.0
14067,63,2,374.7,7.2057692307692305,5.988123980717706,52,3,2,2,322,Standard,2011-09-04 12:00:00,2011-10-07 10:21:00,32,51,United Kingdom,24.75,16.0
14068,319,4,1528.3700000000001,13.7690990990991,7.9684503511775135,111,2,3,4,234,Standard,2010-01-31 10:10:00,2011-01-23 16:02:00,357,93,United Kingdom,40.5,89.25
14069,514,2,230.06,5.477619047619048,4.484506014356439,42,1,2,1,121,Dormant,2010-05-27 12:30:00,2010-07-13 12:12:00,46,37,United Kingdom,21.5,23.0
14070,684,1,326.55,7.775,6.211233430785493,42,1,1,2,112,Dormant,2010-01-24 12:27:00,2010-01-24 12:27:00,0,40,United Kingdom,29.95,0.0
14071,3,8,1438.82,4.440802469135802,5.943955951817406,324,5,4,4,544,Champions,2011-03-20 11:33:00,2011-12-06 12:27:00,261,271,United Kingdom,40.56,32.625
14072,666,1,390.85,20.571052631578947,11.950840460791795,19,1,1,2,112,Dormant,2010-02-11 12:31:00,2010-02-11 12:31:00,0,19,United Kingdom,51.0,0.0
14073,31,1,151.04,11.618461538461538,3.1488353565348732,13,4,1,1,411,Standard,2011-11-07 15:49:00,2011-11-07 15:49:00,0,13,United Kingdom,17.0,0.0
14074,622,1,219.4,36.56666666666667,13.34371262680168,6,1,1,1,111,Dormant,2010-03-26 13:55:00,2010-03-26 13:55:00,0,6,United Kingdom,60.0,0.0
14075,4,6,1734.87,21.41814814814815,15.023121772047835,81,5,4,4,544,Champions,2010-06-16 14:47:00,2011-12-05 08:38:00,536,59,United Kingdom,85.92,89.33333333333333
14076,128,1,122.47,2.662391304347826,2.771064123547413,46,3,1,1,311,Standard,2011-08-02 15:19:00,2011-08-02 15:19:00,0,43,United Kingdom,16.95,0.0
14077,40,6,615.08,10.983571428571429,13.70211389511871,56,4,4,2,442,Loyal,2010-11-09 16:01:00,2011-10-30 12:35:00,354,43,United Kingdom,85.92,59.0
14078,101,9,1692.6299999999999,10.384233128834355,22.20147814831271,163,3,5,4,354,Standard,2010-03-28 15:05:00,2011-08-30 12:16:00,519,107,United Kingdom,158.75,57.666666666666664
14079,124,2,618.73,47.59461538461539,72.82945004316416,13,3,2,3,323,Standard,2010-01-26 17:19:00,2011-08-07 12:10:00,557,13,United Kingdom,243.63,278.5
14080,32,5,1115.68,13.441927710843375,12.773641062544014,83,4,4,3,443,Loyal,2009-12-02 15:01:00,2011-11-07 11:09:00,704,74,United Kingdom,79.9,140.8
14081,301,10,5370.1,5.700743099787686,5.354031968596625,942,2,5,5,255,At_Risk_HighValue,2009-12-10 18:27:00,2011-02-10 16:17:00,426,465,United Kingdom,39.75,42.6
14082,364,2,413.36,6.359384615384616,5.385326962254438,65,2,2,2,222,Dormant,2010-11-12 11:47:00,2010-12-10 11:02:00,27,48,United Kingdom,23.85,13.5
14083,3,11,1407.26,5.518666666666666,5.22949318793176,255,5,5,4,554,Champions,2009-12-18 11:34:00,2011-12-05 13:14:00,717,169,United Kingdom,39.75,65.18181818181819
14084,511,1,150.5,21.5,8.950418984606253,7,1,1,1,111,Dormant,2010-07-15 14:36:00,2010-07-15 14:36:00,0,7,United Kingdom,31.200000000000003,0.0
14085,1,33,10104.97,9.461582397003745,7.686501918247417,1068,5,5,5,555,Champions,2009-12-08 13:41:00,2011-12-07 13:46:00,729,479,United Kingdom,51.0,22.09090909090909
14086,462,1,39.95,39.95,0.0,1,1,1,1,111,Dormant,2010-09-03 10:52:00,2010-09-03 10:52:00,0,1,United Kingdom,39.95,0.0
14087,2,3,846.22,3.8290497737556564,4.838075077611157,221,5,3,3,533,Loyal,2009-12-04 15:27:00,2011-12-07 12:41:00,732,175,United Kingdom,33.9,244.0
14088,9,16,64036.8,93.89560117302054,74.36347063617035,682,5,5,5,555,Champions,2010-10-14 19:46:00,2011-11-29 16:16:00,410,436,United Kingdom,559.2,25.625
14089,56,1,161.0,11.5,11.615424095704682,14,4,1,1,411,Standard,2011-10-14 10:38:00,2011-10-14 10:38:00,0,13,United Kingdom,31.200000000000003,0.0
14090,324,1,76.32000000000001,76.32000000000001,0.0,1,2,1,1,211,Dormant,2011-01-19 10:51:00,2011-01-19 10:51:00,0,1,United Kingdom,76.32000000000001,0.0
14091,653,2,9530.08,733.0830769230769,491.50284596301526,13,1,2,5,125,At_Risk_HighValue,2010-01-10 13:41:00,2010-02-23 15:17:00,44,13,United Kingdom,1485.0,22.0
14092,7,24,7229.45,19.381903485254693,10.992718331388303,373,5,5,5,555,Champions,2009-12-16 16:24:00,2011-12-02 12:13:00,715,169,United Kingdom,87.6,29.791666666666668
14093,11,1,442.85,4.217619047619048,4.3648534039639,105,5,1,2,512,Standard,2011-11-27 16:27:00,2011-11-27 16:27:00,0,95,United Kingdom,30.0,0.0
14094,439,1,335.22,7.132340425531916,9.044632377167845,47,1,1,2,112,Dormant,2010-09-26 11:58:00,2010-09-26 11:58:00,0,41,United Kingdom,52.5,0.0
14095,722,1,2.95,2.95,0.0,1,1,1,1,111,Dormant,2009-12-17 12:49:00,2009-12-17 12:49:00,0,1,United Kingdom,2.95,0.0
14096,3,17,65164.79,12.749909998043435,52.55883555133662,5111,5,5,5,555,Champions,2011-08-30 10:49:00,2011-12-05 17:17:00,97,1119,United Kingdom,1599.26,5.705882352941177
14097,480,2,422.86,10.5715,8.406551947203186,40,1,2,2,122,Dormant,2010-03-04 10:46:00,2010-08-15 14:20:00,164,39,United Kingdom,35.7,82.0
14098,36,1,147.35,7.016666666666667,13.099159260553073,21,4,1,1,411,Standard,2011-11-03 10:13:00,2011-11-03 10:13:00,0,21,United Kingdom,61.2,0.0
14099,15,20,5765.71,10.982304761904762,10.513339065391616,525,5,5,5,555,Champions,2009-12-10 11:55:00,2011-11-23 13:53:00,713,273,United Kingdom,121.68,35.65
14100,137,1,194.9,7.496153846153846,5.324996208015986,26,3,1,1,311,Standard,2011-07-25 11:01:00,2011-07-25 11:01:00,0,24,United Kingdom,23.85,0.0
14101,73,13,9961.93,110.68811111111111,110.7086875887704,90,3,5,5,355,Standard,2010-03-28 13:36:00,2011-09-27 12:28:00,547,19,United Kingdom,550.0,42.07692307692308
14102,4,5,1360.28,17.21873417721519,17.05691215382503,79,5,4,4,544,Champions,2011-10-26 12:46:00,2011-12-04 15:38:00,39,35,United Kingdom,90.0,7.8
14104,154,5,771.58,5.395664335664336,8.688509536798762,143,3,4,3,343,Standard,2010-05-28 16:11:00,2011-07-08 12:50:00,405,117,United Kingdom,85.0,81.0
14105,238,5,5988.83,21.465340501792113,13.952491892473569,279,2,4,5,245,At_Risk_HighValue,2009-12-18 16:57:00,2011-04-14 17:58:00,482,200,United Kingdom,81.12,96.4
14106,736,1,214.8,214.8,0.0,1,1,1,1,111,Dormant,2009-12-02 14:09:00,2009-12-02 14:09:00,0,1,United Kingdom,214.8,0.0
14107,51,11,4877.3,20.666525423728814,10.693806310564142,236,4,5,5,455,Champions,2009-12-09 14:20:00,2011-10-19 12:12:00,678,102,United Kingdom,71.4,61.63636363636363
14108,30,4,1044.96,20.095384615384617,11.444420245304315,52,4,3,3,433,Loyal,2009-12-01 18:07:00,2011-11-09 10:41:00,707,49,United Kingdom,66.60000000000001,176.75
14109,72,1,144.2,16.022222222222222,5.205952789302305,9,3,1,1,311,Standard,2011-09-28 10:18:00,2011-09-28 10:18:00,0,9,United Kingdom,25.200000000000003,0.0
14110,3,33,12987.95,32.55125313283208,39.39663580813185,399,5,5,5,555,Champions,2009-12-01 09:50:00,2011-12-06 12:26:00,735,177,United Kingdom,325.44,22.272727272727273
14111,13,4,692.85,69.285,49.02267077587675,10,5,3,3,533,Loyal,2011-04-12 11:36:00,2011-11-25 13:44:00,227,10,United Kingdom,153.0,56.75
14112,22,13,5834.59,17.897515337423314,9.290640664739037,326,4,5,5,455,Champions,2010-02-23 14:16:00,2011-11-17 12:30:00,631,199,United Kingdom,102.0,48.53846153846154
14113,3,16,7092.610000000001,58.136147540983615,84.90787094166136,122,5,5,5,555,Champions,2009-12-08 07:42:00,2011-12-06 12:18:00,728,76,United Kingdom,510.0,45.5
14114,273,7,1364.09,18.43364864864865,10.80976861287522,74,2,4,4,244,Standard,2010-04-12 11:07:00,2011-03-11 09:42:00,332,72,United Kingdom,89.69999999999999,47.42857142857143
14115,501,2,622.67,28.303181818181816,22.24009407875863,22,1,2,3,123,Dormant,2010-02-11 11:44:00,2010-07-26 12:36:00,165,22,United Kingdom,100.8,82.5
14116,19,5,1382.74,19.204722222222223,11.228595157789215,72,4,4,4,444,Champions,2011-08-10 12:44:00,2011-11-20 10:29:00,101,61,United Kingdom,85.0,20.2
14117,143,1,90.0,30.0,0.0,3,3,1,1,311,Standard,2011-07-19 09:49:00,2011-07-19 09:49:00,0,3,United Kingdom,30.0,0.0
14118,428,1,458.45,30.563333333333333,17.92244668671371,15,1,1,2,112,Dormant,2010-10-07 11:59:00,2010-10-07 11:59:00,0,15,United Kingdom,59.7,0.0
14119,375,2,183.37,16.67,8.533033458272621,11,2,2,1,221,Dormant,2009-12-21 14:52:00,2010-11-29 10:33:00,342,11,United Kingdom,36.48,171.0
14121,3,4,2780.15,17.485220125786164,10.335464374842722,159,5,3,4,534,Loyal,2011-10-11 10:39:00,2011-12-06 12:19:00,56,148,United Kingdom,94.8,14.0
14122,405,3,362.42,27.87846153846154,21.797364078466703,13,2,3,2,232,Standard,2009-12-02 14:22:00,2010-10-29 15:11:00,331,12,United Kingdom,89.69999999999999,110.33333333333333
14123,732,1,436.18,18.174166666666668,6.6266109881602215,24,1,1,2,112,Dormant,2009-12-06 15:35:00,2009-12-06 15:35:00,0,24,United Kingdom,35.7,0.0
14124,83,1,419.58,83.916,58.550696665368555,5,3,1,2,312,Standard,2011-09-16 13:32:00,2011-09-16 13:32:00,0,4,United Kingdom,143.26,0.0
14125,10,3,2740.43,16.409760479041914,6.198238765787085,167,5,3,4,534,Loyal,2011-09-22 15:40:00,2011-11-29 12:47:00,67,159,United Kingdom,47.8,22.333333333333332
14126,7,4,1172.46,27.26651162790698,45.434242167676274,43,5,3,3,533,Loyal,2010-09-21 14:51:00,2011-12-02 11:45:00,436,37,United Kingdom,305.28000000000003,109.0
14127,122,6,1900.0800000000002,16.240000000000002,5.049347346013113,117,3,4,4,344,Standard,2010-10-10 11:53:00,2011-08-09 10:49:00,302,96,United Kingdom,39.95,50.333333333333336
14128,60,3,924.21,14.218615384615385,6.080424501248627,65,3,3,3,333,Standard,2010-06-06 14:05:00,2011-10-10 12:00:00,490,50,United Kingdom,30.0,163.33333333333334
14129,1,9,2591.34,23.77376146788991,11.029740753559157,109,5,5,4,554,Champions,2010-05-09 14:54:00,2011-12-08 11:02:00,577,40,United Kingdom,81.36,64.11111111111111
14130,318,4,1882.67,8.404776785714287,11.510780283291876,224,2,3,4,234,Standard,2009-12-11 16:33:00,2011-01-24 16:05:00,408,189,United Kingdom,81.6,102.0
14131,648,1,187.87,3.6128846153846155,2.5016224825598425,52,1,1,1,111,Dormant,2010-03-01 11:59:00,2010-03-01 11:59:00,0,45,United Kingdom,10.5,0.0
14132,1,11,3586.03,17.93015,11.810392471427262,200,5,5,5,555,Champions,2011-06-09 12:04:00,2011-12-07 13:35:00,181,100,United Kingdom,74.0,16.454545454545453
14133,129,4,911.14,25.309444444444445,11.570227296062066,36,3,3,3,333,Standard,2009-12-06 12:10:00,2011-08-02 11:34:00,603,33,United Kingdom,59.7,150.75
14134,382,15,11123.35,61.79638888888889,44.89086446689739,180,2,5,5,255,At_Risk_HighValue,2009-12-10 09:25:00,2010-11-22 12:26:00,347,130,United Kingdom,254.4,23.133333333333333
14135,1,24,9643.92,37.6715625,50.01349049281114,256,5,5,5,555,Champions,2009-12-02 08:58:00,2011-12-08 11:38:00,736,138,United Kingdom,590.0,30.666666666666668
14136,400,5,1570.81,14.818962264150944,5.269636642257187,106,2,4,4,244,Standard,2009-12-08 09:19:00,2010-11-04 11:53:00,331,86,United Kingdom,39.6,66.2
14137,695,1,332.7,30.245454545454546,22.191054217245455,11,1,1,2,112,Dormant,2010-01-13 12:30:00,2010-01-13 12:30:00,0,11,United Kingdom,93.6,0.0
14138,1,2,982.38,20.901702127659576,14.296292818214301,47,5,2,3,523,Standard,2011-10-07 09:38:00,2011-12-08 12:44:00,62,40,United Kingdom,99.6,31.0
14139,45,4,1086.8,15.75072463768116,8.119272880882685,69,4,3,3,433,Loyal,2010-06-15 09:17:00,2011-10-24 13:34:00,496,48,United Kingdom,61.2,124.0
14140,3,2,935.05,14.167424242424241,4.359562543546724,66,5,2,3,523,Standard,2011-11-08 11:20:00,2011-12-06 09:05:00,27,60,United Kingdom,30.6,13.5
14141,2,4,915.13,22.87825,11.826125335405422,40,5,3,3,533,Loyal,2011-08-26 14:40:00,2011-12-07 09:53:00,102,27,United Kingdom,59.400000000000006,25.5
14142,372,2,983.15,14.896212121212121,5.8974061482476605,66,2,2,3,223,Dormant,2010-03-03 15:13:00,2010-12-01 16:33:00,273,42,United Kingdom,25.200000000000003,136.5
14143,133,1,115.8,16.54285714285714,1.7501020378415486,7,3,1,1,311,Standard,2011-07-29 09:48:00,2011-07-29 09:48:00,0,7,United Kingdom,19.8,0.0
14144,485,1,30.6,30.6,0.0,1,1,1,1,111,Dormant,2010-08-10 15:17:00,2010-08-10 15:17:00,0,1,United Kingdom,30.6,0.0
14145,46,7,7600.05,304.002,167.6869221197646,25,4,4,5,445,Champions,2010-04-08 09:47:00,2011-10-24 12:10:00,564,11,United Kingdom,594.0,80.57142857142857
14146,8,12,9450.3,20.724342105263155,21.31472217844383,456,5,5,5,555,Champions,2010-01-13 16:04:00,2011-12-01 10:18:00,686,337,United Kingdom,232.0,57.166666666666664
14147,77,9,2590.2,86.33999999999999,113.71867465600027,30,3,5,4,354,Standard,2010-03-09 13:43:00,2011-09-22 18:10:00,562,24,United Kingdom,540.0,62.44444444444444
14148,233,2,466.29,27.428823529411765,37.761830080511345,17,2,2,2,222,Dormant,2010-10-21 14:08:00,2011-04-20 12:02:00,180,15,United Kingdom,127.5,90.0
14149,220,1,446.62,15.950714285714286,3.706940366165455,28,2,1,2,212,Dormant,2011-05-03 09:44:00,2011-05-03 09:44:00,0,28,United Kingdom,25.5,0.0
14150,35,2,658.64,25.33230769230769,28.46339295413564,26,4,2,3,423,Standard,2010-12-15 10:04:00,2011-11-04 10:05:00,324,23,United Kingdom,118.8,162.0
14151,672,2,679.45,15.442045454545456,3.3599893269109655,44,1,2,3,123,Dormant,2009-12-23 10:54:00,2010-02-04 15:35:00,43,44,United Kingdom,23.4,21.5
14152,74,7,1997.3400000000001,15.017593984962406,8.042763560020138,133,3,4,4,344,Standard,2010-02-18 13:57:00,2011-09-25 12:54:00,583,104,United Kingdom,75.0,83.28571428571429
14153,482,1,233.39999999999998,13.729411764705882,2.793242897127448,17,1,1,1,111,Dormant,2010-08-13 14:35:00,2010-08-13 14:35:00,0,17,United Kingdom,17.4,0.0
14154,238,8,6460.7,22.12568493150685,25.539591969107494,292,2,4,5,245,At_Risk_HighValue,2010-01-13 12:47:00,2011-04-14 16:26:00,456,236,United Kingdom,195.0,57.0
14155,265,1,118.75,19.791666666666668,4.756092583904004,6,2,1,1,211,Dormant,2011-03-18 14:13:00,2011-03-18 14:13:00,0,6,United Kingdom,29.5,0.0
14156,9,156,313946.37,77.55592144268775,169.63329641530072,4048,5,5,5,555,Champions,2009-12-01 12:30:00,2011-11-30 10:54:00,728,1446,EIRE,2736.16,4.666666666666667
14157,19,5,1002.7800000000001,11.267191011235957,8.408971398123777,89,4,4,3,443,Loyal,2010-03-03 16:49:00,2011-11-20 11:32:00,626,75,United Kingdom,35.400000000000006,125.2
14158,39,1,507.65999999999997,12.381951219512194,6.019237169073917,41,4,1,2,412,Standard,2011-10-30 15:08:00,2011-10-30 15:08:00,0,41,United Kingdom,34.0,0.0
14159,19,20,7938.01,4.2358644610458915,7.98441108796104,1874,4,5,5,455,Champions,2009-12-03 12:31:00,2011-11-20 12:36:00,717,706,United Kingdom,304.5,35.85
14160,609,7,8421.47,78.70532710280374,67.15857471092814,107,1,4,5,145,At_Risk_HighValue,2010-01-10 12:06:00,2010-04-08 14:30:00,88,80,United Kingdom,279.0,12.571428571428571
14161,215,7,3318.88,10.706064516129032,9.03247363301434,310,2,4,5,245,At_Risk_HighValue,2009-12-13 11:46:00,2011-05-08 11:41:00,510,202,United Kingdom,61.2,72.85714285714286
14162,173,2,289.36,11.5744,8.98245608580044,25,3,2,1,321,Standard,2011-02-20 12:32:00,2011-06-19 11:36:00,118,25,United Kingdom,40.8,59.0
14163,86,5,2594.62,44.7348275862069,46.87694885741049,58,3,4,4,344,Standard,2010-09-03 17:15:00,2011-09-13 15:18:00,374,42,United Kingdom,297.0,74.8
14164,70,2,1631.77,56.26793103448276,68.73940206000124,29,3,2,4,324,Standard,2011-09-20 12:18:00,2011-09-30 12:24:00,10,28,United Kingdom,358.0,5.0
14165,275,1,122.53999999999999,4.901599999999999,3.773696993665496,25,2,1,1,211,Dormant,2011-03-09 12:39:00,2011-03-09 12:39:00,0,23,United Kingdom,17.0,0.0
14166,504,2,256.85,4.84622641509434,3.5962700904040816,53,1,2,1,121,Dormant,2010-03-23 15:10:00,2010-07-22 19:42:00,121,39,United Kingdom,14.85,60.5
14167,38,8,1296.49,10.714793388429753,7.847630226080309,121,4,4,4,444,Champions,2010-01-27 16:07:00,2011-10-31 14:29:00,641,48,United Kingdom,38.25,80.125
14168,420,2,370.45,24.696666666666665,23.197879110774227,15,1,2,2,122,Dormant,2010-05-24 12:28:00,2010-10-15 10:49:00,143,11,United Kingdom,102.0,71.5
14169,430,2,624.4300000000001,9.319850746268658,8.675448899840829,67,1,2,3,123,Dormant,2010-09-21 13:39:00,2010-10-05 08:45:00,13,50,United Kingdom,35.400000000000006,6.5
14170,374,3,597.33,3.6201818181818184,4.1607684961958284,165,2,3,2,232,Standard,2010-11-09 14:06:00,2010-11-29 13:10:00,19,123,United Kingdom,37.9,6.333333333333333
14171,97,2,498.79,7.79359375,12.99709642387056,64,3,2,2,322,Standard,2009-12-09 13:50:00,2011-09-02 16:43:00,632,61,United Kingdom,101.7,316.0
14172,604,3,402.72,7.457777777777778,6.653236031100549,54,1,3,2,132,Standard,2010-03-07 10:58:00,2010-04-13 13:26:00,37,38,United Kingdom,35.400000000000006,12.333333333333334
14173,10,6,586.0,17.757575757575758,26.051062122097708,33,5,4,2,542,Loyal,2009-12-09 12:46:00,2011-11-29 11:54:00,719,30,United Kingdom,135.0,119.83333333333333
14174,32,1,134.46,5.171538461538462,2.4833875127457534,26,4,1,1,411,Standard,2011-11-06 13:17:00,2011-11-06 13:17:00,0,26,United Kingdom,9.95,0.0
14175,59,8,7678.88,23.1990332326284,13.747198534515203,331,3,4,5,345,Standard,2010-03-22 10:43:00,2011-10-11 11:55:00,568,237,United Kingdom,102.0,71.0
14176,296,5,916.01,19.913260869565217,11.784010834714001,46,2,4,3,243,Standard,2010-11-23 13:21:00,2011-02-15 13:12:00,83,33,United Kingdom,81.36,16.6
14177,85,13,2229.34,10.615904761904762,15.02056419376517,210,3,5,4,354,Standard,2010-02-26 11:59:00,2011-09-14 15:11:00,565,141,United Kingdom,109.0,43.46153846153846
14178,8,7,1620.93,4.9569724770642205,6.089990858675352,327,5,4,4,544,Champions,2011-06-10 12:51:00,2011-12-01 12:01:00,173,191,United Kingdom,59.400000000000006,24.714285714285715
14179,40,2,719.78,4.36230303030303,4.0845695095498655,165,4,2,3,423,Standard,2011-10-18 14:00:00,2011-10-30 12:07:00,11,135,United Kingdom,34.8,5.5
14180,10,33,6319.25,20.99418604651163,16.356984453700647,301,5,5,5,555,Champions,2010-06-09 14:56:00,2011-11-29 10:56:00,537,125,United Kingdom,171.8,16.272727272727273
14181,410,2,310.55,5.750925925925926,6.130664425353609,54,1,2,2,122,Dormant,2010-05-26 12:32:00,2010-10-25 08:27:00,151,48,United Kingdom,31.6,75.5
14182,443,4,678.77,13.5754,14.025402349352566,50,1,3,3,133,Standard,2010-04-22 15:36:00,2010-09-22 11:45:00,152,42,United Kingdom,102.0,38.0
14183,410,2,286.29,8.179714285714287,4.848578012107858,35,1,2,1,121,Dormant,2010-08-15 15:36:00,2010-10-24 14:45:00,69,27,United Kingdom,22.47,34.5
14184,66,1,452.89,18.870416666666667,6.429460373033321,24,3,1,2,312,Standard,2011-10-04 12:43:00,2011-10-04 12:43:00,0,24,United Kingdom,39.8,0.0
14185,330,1,197.65,65.88333333333334,85.9119656004525,3,2,1,1,211,Dormant,2011-01-12 13:52:00,2011-01-12 13:52:00,0,3,United Kingdom,165.0,0.0
14186,426,5,1550.63,14.909903846153847,6.526665318892906,104,1,4,4,144,Standard,2010-03-05 11:17:00,2010-10-08 13:30:00,217,75,United Kingdom,39.6,43.4
14187,473,1,123.5,15.4375,2.9891171654138007,8,1,1,1,111,Dormant,2010-08-23 12:06:00,2010-08-23 12:06:00,0,8,United Kingdom,19.8,0.0
14188,30,6,2054.36,31.605538461538462,13.933809828835539,65,4,4,4,444,Champions,2011-02-02 13:46:00,2011-11-09 12:45:00,279,34,United Kingdom,62.400000000000006,46.5
14189,1,16,5814.39,18.39996835443038,12.39307019619773,316,5,5,5,555,Champions,2010-11-16 09:28:00,2011-12-07 15:55:00,386,199,United Kingdom,87.8,24.125
14190,665,1,79.9,79.9,0.0,1,1,1,1,111,Dormant,2010-02-11 14:27:00,2010-02-11 14:27:00,0,1,United Kingdom,79.9,0.0
14191,1,15,4817.66,18.17984905660377,10.837285245497663,265,5,5,5,555,Champions,2009-12-11 10:48:00,2011-12-08 09:23:00,726,147,United Kingdom,79.0,48.4
14192,387,1,293.74,20.981428571428573,9.079760973762433,14,2,1,2,212,Dormant,2010-11-16 17:44:00,2010-11-16 17:44:00,0,14,United Kingdom,45.9,0.0
14193,67,3,1210.19,18.90921875,9.025766344755391,64,3,3,3,333,Standard,2010-11-08 12:31:00,2011-10-03 09:34:00,328,49,United Kingdom,74.0,109.33333333333333
14194,4,36,18670.59,19.611964285714286,11.547464633431124,952,5,5,5,555,Champions,2010-01-06 12:16:00,2011-12-05 10:38:00,697,432,United Kingdom,129.0,19.36111111111111
14195,201,6,2615.6,163.475,97.94988854851582,16,2,4,4,244,At_Risk_HighValue,2010-03-15 17:12:00,2011-05-22 10:29:00,432,10,United Kingdom,392.0,72.0
14196,106,1,335.52,55.919999999999995,57.818723610954954,6,3,1,2,312,Standard,2011-08-25 10:25:00,2011-08-25 10:25:00,0,6,United Kingdom,163.2,0.0
14197,410,1,390.05,19.5025,4.882742838976772,20,1,1,2,112,Dormant,2010-10-25 10:01:00,2010-10-25 10:01:00,0,20,United Kingdom,30.0,0.0
14198,17,9,1569.73,17.24978021978022,6.591320046178909,91,5,5,4,554,Champions,2010-01-05 10:07:00,2011-11-21 16:35:00,685,58,United Kingdom,40.8,76.11111111111111
14199,217,4,1091.7,60.650000000000006,51.58506965939569,18,2,3,3,233,Standard,2010-06-27 12:13:00,2011-05-05 13:44:00,312,15,United Kingdom,175.2,78.0
14200,616,1,379.2,18.057142857142857,3.560627954247878,21,1,1,2,112,Dormant,2010-04-01 13:01:00,2010-04-01 13:01:00,0,21,United Kingdom,26.0,0.0
14201,59,10,1193.54,21.70072727272727,16.01450694822082,55,3,5,3,353,Standard,2010-04-30 13:00:00,2011-10-10 13:27:00,528,47,United Kingdom,102.0,52.8
14202,380,3,847.76,29.233103448275862,22.27337457648999,29,2,3,3,233,Standard,2010-03-25 10:36:00,2010-11-23 17:13:00,243,27,United Kingdom,95.8,81.0
14203,396,1,339.34,21.20875,21.575998045667937,16,2,1,2,212,Dormant,2010-11-07 13:35:00,2010-11-07 13:35:00,0,16,United Kingdom,87.6,0.0
14204,1,4,1062.96,4.581724137931035,7.550583105932152,232,5,3,3,533,Loyal,2009-12-02 13:26:00,2011-12-07 13:38:00,735,186,United Kingdom,102.0,183.75
14205,16,9,2414.2,19.627642276422762,16.695948467075688,123,5,5,4,554,Champions,2010-03-07 12:20:00,2011-11-23 10:55:00,625,79,United Kingdom,175.2,69.44444444444444
14206,238,3,1185.01,16.690281690140846,8.23708304330934,71,2,3,3,233,Standard,2010-11-02 11:37:00,2011-04-14 16:38:00,163,62,United Kingdom,51.0,54.333333333333336
14207,687,1,157.8,78.9,32.6683332908185,2,1,1,1,111,Dormant,2010-01-21 09:33:00,2010-01-21 09:33:00,0,2,United Kingdom,102.0,0.0
14208,94,2,567.05,16.20142857142857,4.127569533284792,35,3,2,2,322,Standard,2010-06-06 13:11:00,2011-09-06 12:48:00,456,34,United Kingdom,30.0,228.0
14209,10,15,4993.27,21.61588744588745,13.249885543898369,231,5,5,5,555,Champions,2010-01-22 10:28:00,2011-11-29 10:18:00,675,133,United Kingdom,89.5,45.0
14210,105,16,5861.52,17.816170212765957,7.042368853482485,329,3,5,5,355,Standard,2010-01-06 10:17:00,2011-08-26 12:36:00,597,143,United Kingdom,51.0,37.3125
14211,52,18,4402.29,18.342875,12.60658749167063,240,4,5,5,455,Champions,2009-12-09 12:48:00,2011-10-17 13:23:00,677,155,United Kingdom,147.5,37.611111111111114
14212,89,2,2190.14,104.29238095238095,44.34117611258884,21,3,2,4,324,Standard,2010-09-20 11:48:00,2011-09-11 12:45:00,356,18,United Kingdom,237.6,178.0
14213,404,1,1192.2,238.44,114.19904990848218,5,2,1,3,213,Dormant,2010-10-31 10:37:00,2010-10-31 10:37:00,0,5,United Kingdom,367.2000000000001,0.0
14214,30,5,1004.38,14.990746268656716,5.7531222915310645,67,4,4,3,443,Loyal,2011-03-07 12:26:00,2011-11-09 10:31:00,246,64,United Kingdom,33.9,49.2
14215,11,9,3416.33,17.793385416666666,8.774397758149306,192,5,5,5,555,Champions,2009-12-08 09:35:00,2011-11-28 12:19:00,720,167,United Kingdom,79.9,80.0
14216,2,5,2150.04,27.9225974025974,35.3263581480859,77,5,4,4,544,Champions,2010-10-21 15:07:00,2011-12-06 14:56:00,410,65,United Kingdom,195.6,82.0
14217,1,23,3416.89,18.877845303867403,14.930489658500923,181,5,5,5,555,Champions,2010-06-30 12:54:00,2011-12-08 11:53:00,525,122,United Kingdom,130.8,22.82608695652174
14218,42,1,169.48000000000002,14.123333333333335,5.016248749329675,12,4,1,1,411,Standard,2011-10-28 10:00:00,2011-10-28 10:00:00,0,12,United Kingdom,20.8,0.0
14219,3,3,633.83,14.740232558139535,6.437201583789597,43,5,3,3,533,Loyal,2010-08-03 14:42:00,2011-12-05 16:23:00,489,39,United Kingdom,30.0,163.0
14220,246,4,1515.0,39.86842105263158,46.3778505804934,38,2,3,4,234,Standard,2010-05-19 13:26:00,2011-04-06 13:23:00,321,26,United Kingdom,262.79999999999995,80.25
14221,41,17,6517.49,18.782391930835733,12.535784168713136,347,4,5,5,455,Champions,2010-04-06 14:10:00,2011-10-28 13:42:00,569,166,United Kingdom,131.39999999999998,33.470588235294116
14222,176,1,683.17,16.662682926829266,7.721414709879999,41,3,1,3,313,Standard,2011-06-15 16:42:00,2011-06-15 16:42:00,0,41,United Kingdom,40.8,0.0
14223,91,3,991.13,16.518833333333333,5.602503100284781,60,3,3,3,333,Standard,2011-03-20 16:02:00,2011-09-08 13:38:00,171,50,United Kingdom,39.6,57.0
14224,109,9,1897.9,7.97436974789916,11.830366679078203,238,3,5,4,354,Standard,2010-06-13 13:46:00,2011-08-21 13:24:00,433,189,United Kingdom,125.0,48.111111111111114
14225,434,4,2037.02,23.414022988505746,16.00745498268607,87,1,3,4,134,Standard,2010-01-12 15:02:00,2010-10-01 10:32:00,261,70,United Kingdom,81.6,65.25
14226,28,6,3002.53,30.6380612244898,30.19966742693111,98,4,4,5,445,Champions,2010-09-24 14:32:00,2011-11-11 11:34:00,412,89,United Kingdom,232.0,68.66666666666667
14227,25,15,6368.71,16.8931299734748,7.495785182111335,377,4,5,5,455,Champions,2010-02-08 09:38:00,2011-11-13 15:48:00,643,246,United Kingdom,70.80000000000001,42.86666666666667
14228,437,3,745.5,19.61842105263158,12.527906907923562,38,1,3,3,133,Standard,2010-06-11 12:29:00,2010-09-28 09:45:00,108,38,United Kingdom,81.0,36.0
14229,51,7,2594.04,36.028333333333336,33.25141161887547,72,4,4,4,444,Champions,2010-08-25 11:47:00,2011-10-19 10:04:00,419,41,United Kingdom,175.2,59.857142857142854
14230,435,3,979.8000000000001,29.69090909090909,17.36823381990026,33,1,3,3,133,Standard,2010-06-09 13:56:00,2010-09-30 09:07:00,112,27,United Kingdom,76.5,37.333333333333336
14231,183,4,1235.6200000000001,17.90753623188406,8.7162258099473,69,3,3,3,333,Standard,2010-09-15 09:52:00,2011-06-09 11:05:00,267,66,United Kingdom,79.9,66.75
14232,42,5,2048.07,17.80930434782609,9.145062393362316,115,4,4,4,444,Champions,2011-03-20 12:44:00,2011-10-28 11:09:00,221,81,United Kingdom,53.1,44.2
14233,48,7,2904.27,39.784520547945206,44.2558585588487,73,4,4,4,444,Champions,2010-03-05 16:35:00,2011-10-21 15:54:00,594,42,United Kingdom,232.0,84.85714285714286
14234,21,4,775.46,4.877106918238994,6.092592965680389,159,4,3,3,433,Loyal,2011-10-13 13:58:00,2011-11-17 17:53:00,35,122,United Kingdom,45.0,8.75
14235,74,9,4717.99,31.87831081081081,30.071453170185926,148,3,5,5,355,Standard,2010-03-30 13:36:00,2011-09-25 14:37:00,544,107,United Kingdom,179.0,60.44444444444444
14236,80,5,1744.64,34.8928,44.66606638016775,50,3,4,4,344,Standard,2010-07-22 14:27:00,2011-09-20 09:13:00,424,39,United Kingdom,158.4,84.8
14237,372,2,632.14,18.06114285714286,8.370337603504334,35,2,2,3,223,Dormant,2010-04-28 10:04:00,2010-12-01 13:20:00,217,26,United Kingdom,51.0,108.5
14238,325,3,434.23,33.402307692307694,34.84082235774728,13,2,3,2,232,Standard,2009-12-05 10:58:00,2011-01-17 14:40:00,408,13,United Kingdom,139.29999999999998,136.0
14239,42,21,4263.17,20.300809523809523,10.428982197533175,210,4,5,5,455,Champions,2009-12-05 12:36:00,2011-10-27 14:40:00,691,97,United Kingdom,88.5,32.904761904761905
14240,29,3,1247.49,20.450655737704917,12.10607187445656,61,4,3,3,433,Loyal,2010-10-12 12:48:00,2011-11-09 13:45:00,393,46,United Kingdom,83.4,131.0
14241,183,2,333.7,27.808333333333334,21.035487691618712,12,3,2,2,322,Standard,2010-01-12 15:11:00,2011-06-09 11:46:00,512,12,United Kingdom,66.4,256.0
14242,234,2,280.55,17.534375,3.4350506425184877,16,2,2,1,221,Dormant,2011-01-18 08:53:00,2011-04-19 11:46:00,91,13,United Kingdom,25.5,45.5
14243,8,17,7431.05,20.02978436657682,13.473835403993814,371,5,5,5,555,Champions,2010-08-20 13:41:00,2011-12-01 11:12:00,467,235,United Kingdom,142.8,27.470588235294116
14244,660,1,366.41999999999996,22.901249999999997,16.760126441448268,16,1,1,2,112,Dormant,2010-02-17 11:40:00,2010-02-17 11:40:00,0,16,United Kingdom,60.48,0.0
14245,219,2,1693.45,15.680092592592594,5.855330584435753,108,2,2,4,224,Dormant,2011-03-21 10:41:00,2011-05-04 08:40:00,43,107,United Kingdom,39.6,21.5
14246,110,3,1474.06,19.654133333333334,6.879477724781567,75,3,3,4,334,Standard,2011-04-08 08:25:00,2011-08-21 11:50:00,135,57,United Kingdom,39.6,45.0
14247,277,5,772.66,6.603931623931624,4.6849062400482495,117,2,4,3,243,Standard,2010-06-06 15:07:00,2011-03-06 15:21:00,273,82,United Kingdom,30.0,54.6
14248,317,3,1032.95,21.977659574468085,30.018724968778344,47,2,3,3,233,Standard,2010-07-12 14:27:00,2011-01-25 14:45:00,197,41,United Kingdom,204.0,65.66666666666667
14249,410,12,5625.461,19.331481099656358,16.344356993359074,291,1,5,5,155,At_Risk_HighValue,2010-01-29 14:21:00,2010-10-25 12:34:00,268,178,United Kingdom,111.6,22.333333333333332
14250,6,3,1904.05,17.153603603603603,6.273159533468804,111,5,3,4,534,Loyal,2011-09-11 13:44:00,2011-12-02 14:30:00,82,94,United Kingdom,39.6,27.333333333333332
14251,1,5,2879.7000000000003,36.91923076923077,28.968783815759956,78,5,4,4,544,Champions,2011-10-13 12:46:00,2011-12-08 08:32:00,55,37,United Kingdom,102.0,11.0
14252,380,1,350.99,35.099000000000004,65.05788473010443,10,2,1,2,212,Dormant,2010-11-23 13:36:00,2010-11-23 13:36:00,0,10,United Kingdom,220.0,0.0
14253,492,2,363.40000000000003,30.283333333333335,24.90332520087641,12,1,2,2,122,Dormant,2010-03-26 15:08:00,2010-08-03 14:55:00,129,11,United Kingdom,71.4,64.5
14254,432,1,601.03,26.13173913043478,24.140852521696665,23,1,1,2,112,Dormant,2010-10-03 11:52:00,2010-10-03 11:52:00,0,23,United Kingdom,90.0,0.0
14255,545,1,1000.63,1000.63,0.0,1,1,1,3,113,Dormant,2010-06-11 15:54:00,2010-06-11 15:54:00,0,1,United Kingdom,1000.63,0.0
14256,259,5,2473.9900000000002,18.46261194029851,8.703955796643934,134,2,4,4,244,At_Risk_HighValue,2010-01-14 10:35:00,2011-03-24 13:17:00,434,100,United Kingdom,76.5,86.8
14257,63,9,5954.45,24.810208333333332,25.22806243582806,240,3,5,5,355,Standard,2010-03-01 15:36:00,2011-10-06 16:54:00,584,167,United Kingdom,249.6,64.88888888888889
14258,8,25,32051.34,106.8378,70.94049102864045,300,5,5,5,555,Champions,2009-12-04 08:36:00,2011-11-30 15:27:00,726,97,United Kingdom,504.0,29.04
14259,141,1,120.0,24.0,11.480635870891469,5,3,1,1,311,Standard,2011-07-21 10:44:00,2011-07-21 10:44:00,0,5,United Kingdom,39.6,0.0
14260,470,3,824.28,16.16235294117647,4.500771306447505,51,1,3,3,133,Standard,2010-06-09 11:23:00,2010-08-25 14:55:00,77,50,United Kingdom,30.0,25.666666666666668
14261,50,2,1163.45,22.37403846153846,12.375210714722632,52,4,2,3,423,Standard,2011-09-22 10:47:00,2011-10-20 10:04:00,27,52,United Kingdom,70.80000000000001,13.5
14262,7,8,2618.23,18.3093006993007,10.593122047762987,143,5,4,4,544,Champions,2011-04-13 12:23:00,2011-12-01 14:17:00,232,87,United Kingdom,85.92,29.0
14263,422,1,322.93,20.183125,6.93880077895309,16,1,1,2,112,Dormant,2010-10-12 14:09:00,2010-10-12 14:09:00,0,16,United Kingdom,35.400000000000006,0.0
14264,154,6,1517.3600000000001,19.207088607594937,7.147723530714881,79,3,4,4,344,Standard,2010-04-07 13:21:00,2011-07-08 10:20:00,456,59,United Kingdom,47.6,76.0
14265,108,4,1373.35,17.384177215189872,6.377309055448463,79,3,3,4,334,Standard,2010-04-06 14:39:00,2011-08-22 13:32:00,502,74,Unspecified,34.5,125.5
14266,427,1,40.56,40.56,0.0,1,1,1,1,111,Dormant,2010-10-07 13:32:00,2010-10-07 13:32:00,0,1,United Kingdom,40.56,0.0
14267,162,3,1516.24,27.568,16.63918561041308,55,3,3,4,334,Standard,2011-03-24 11:38:00,2011-06-30 10:09:00,97,25,United Kingdom,76.5,32.333333333333336
14268,470,1,354.85,18.676315789473687,5.105535351759909,19,1,1,2,112,Dormant,2010-08-26 10:45:00,2010-08-26 10:45:00,0,19,United Kingdom,30.0,0.0
14269,438,1,295.73,18.483125,6.599264321371993,16,1,1,2,112,Dormant,2010-09-26 12:53:00,2010-09-26 12:53:00,0,16,United Kingdom,35.400000000000006,0.0
14270,331,1,492.65000000000003,16.98793103448276,5.594012346959116,29,2,1,2,212,Dormant,2011-01-12 09:33:00,2011-01-12 09:33:00,0,29,United Kingdom,31.8,0.0
14271,225,2,219.13,5.618717948717949,4.771582094181286,39,2,2,1,221,Dormant,2010-10-26 17:01:00,2011-04-28 12:47:00,183,38,United Kingdom,19.9,91.5
14272,73,4,920.81,14.38765625,6.549237867253341,64,3,3,3,333,Standard,2010-05-06 14:01:00,2011-09-27 10:08:00,508,62,United Kingdom,34.68,127.0
14273,50,4,559.97,19.309310344827587,5.215178349939231,29,4,3,2,432,Loyal,2011-04-11 13:24:00,2011-10-19 13:20:00,190,22,United Kingdom,41.6,47.5
14274,685,1,256.6,17.10666666666667,7.375293375924267,15,1,1,1,111,Dormant,2010-01-22 12:51:00,2010-01-22 12:51:00,0,15,United Kingdom,33.6,0.0
14275,395,6,1189.3799999999999,51.71217391304347,47.2111914656339,23,2,4,3,243,Standard,2010-04-11 12:32:00,2010-11-09 09:06:00,211,14,United Kingdom,163.2,35.166666666666664
14276,98,7,2102.68,17.377520661157025,6.365951523665013,121,3,4,4,344,Standard,2010-02-17 13:10:00,2011-09-02 09:45:00,561,75,United Kingdom,44.85,80.14285714285714
14277,14,9,17225.81,45.09374345549739,129.19698571549856,382,5,5,5,555,Champions,2009-12-13 15:43:00,2011-11-24 15:01:00,710,334,France,1653.12,78.88888888888889
14278,409,1,205.83,15.833076923076923,11.066829856689903,13,2,1,1,211,Dormant,2010-10-26 12:07:00,2010-10-26 12:07:00,0,13,United Kingdom,51.0,0.0
14279,520,2,191.86,63.95333333333334,15.662264629782417,3,1,2,1,121,Dormant,2010-01-27 16:34:00,2010-07-07 08:42:00,160,3,United Kingdom,81.36,80.0
14280,196,1,134.04,16.755,5.854624545726956,8,2,1,1,211,Dormant,2011-05-27 10:37:00,2011-05-27 10:37:00,0,8,United Kingdom,25.5,0.0
14281,407,1,245.15,35.02142857142857,24.11296084997404,7,2,1,1,211,Dormant,2010-10-27 14:45:00,2010-10-27 14:45:00,0,7,United Kingdom,87.6,0.0
14282,2,25,7849.66,30.904173228346455,38.22460061788417,254,5,5,5,555,Champions,2010-02-15 11:22:00,2011-12-06 17:04:00,659,100,United Kingdom,179.0,26.36
14283,462,4,628.44,15.327804878048783,6.321505165779398,41,1,3,3,133,Standard,2010-05-19 12:22:00,2010-09-02 14:46:00,106,36,United Kingdom,30.6,26.5
14284,30,3,1299.65,19.39776119402985,8.144864866876759,67,4,3,4,434,Loyal,2010-02-24 12:06:00,2011-11-09 08:11:00,622,59,United Kingdom,53.1,207.33333333333334
14285,20,8,3284.42,53.84295081967213,47.73571585107118,61,4,4,5,445,Champions,2009-12-08 14:13:00,2011-11-18 14:50:00,710,48,United Kingdom,183.6,88.75
14286,23,7,8479.76,16.993507014028058,11.069117932911439,499,4,4,5,445,Champions,2009-12-04 08:40:00,2011-11-16 10:34:00,712,270,United Kingdom,79.19999999999999,101.71428571428571
14287,7,3,176.63,19.625555555555554,6.698031634575772,9,5,3,1,531,HighEngagement_LowValue,2011-05-25 11:41:00,2011-12-01 13:25:00,190,9,United Kingdom,31.2,63.333333333333336
14288,212,1,426.6,26.6625,15.807039571026573,16,2,1,2,212,Dormant,2011-05-10 13:22:00,2011-05-10 13:22:00,0,16,United Kingdom,69.6,0.0
14289,8,6,911.26,19.388510638297873,12.180914326130715,47,5,4,3,543,Loyal,2011-02-23 12:33:00,2011-12-01 11:44:00,280,33,United Kingdom,67.5,46.666666666666664
14290,10,8,4516.56,29.910993377483447,31.45395567608769,151,5,4,5,545,Champions,2009-12-08 11:44:00,2011-11-28 14:02:00,720,120,United Kingdom,183.6,90.0
14291,1,23,7904.1,16.000202429149798,8.455745094967627,494,5,5,5,555,Champions,2009-12-09 10:46:00,2011-12-08 10:26:00,728,241,United Kingdom,89.69999999999999,31.652173913043477
14292,7,16,9226.25,47.80440414507772,70.8555143318546,193,5,5,5,555,Champions,2010-03-19 11:10:00,2011-12-02 11:50:00,623,120,United Kingdom,350.4,38.9375
14293,2,9,3267.9300000000003,24.387537313432837,19.866340878596947,134,5,5,5,555,Champions,2009-12-10 10:57:00,2011-12-06 15:17:00,726,88,United Kingdom,135.0,80.66666666666667
14294,406,1,375.34000000000003,16.31913043478261,7.201195552913722,23,2,1,2,212,Dormant,2010-10-28 16:25:00,2010-10-28 16:25:00,0,23,United Kingdom,35.7,0.0
14295,39,5,2362.91,32.818194444444444,32.086275743068875,72,4,4,4,444,Champions,2009-12-08 09:49:00,2011-10-30 15:50:00,691,66,United Kingdom,175.2,138.2
14296,420,2,456.4,16.9037037037037,4.933284245540029,27,1,2,2,122,Dormant,2010-05-14 14:34:00,2010-10-14 14:14:00,152,27,United Kingdom,30.0,76.0
14297,17,4,1305.33,21.053709677419352,10.203655441720258,62,5,3,4,534,Loyal,2011-03-10 08:31:00,2011-11-22 09:06:00,257,48,United Kingdom,60.0,64.25
14298,7,82,91194.49,31.841651536312852,29.797224358871425,2864,5,5,5,555,Champions,2009-12-11 13:49:00,2011-12-01 13:12:00,719,1370,United Kingdom,650.25,8.768292682926829
14299,7,27,14499.49,42.64555882352941,55.64060583495559,340,5,5,5,555,Champions,2009-12-02 10:58:00,2011-12-01 16:05:00,729,164,United Kingdom,350.4,27.0
14300,18,1,43.2,14.4,3.637306695894643,3,5,1,1,511,Standard,2011-11-21 08:57:00,2011-11-21 08:57:00,0,3,United Kingdom,16.5,0.0
14301,116,4,1992.18,37.58830188679245,25.303565706152433,53,3,3,4,334,Standard,2010-02-11 13:07:00,2011-08-14 15:33:00,549,37,United Kingdom,91.8,137.25
14302,430,3,742.9000000000001,26.532142857142862,30.90709859217205,28,1,3,3,133,Standard,2009-12-02 08:16:00,2010-10-05 08:10:00,306,25,United Kingdom,165.60000000000002,102.0
14303,406,2,277.94,12.633636363636363,4.192580232306713,22,2,2,1,221,Dormant,2010-10-01 10:31:00,2010-10-28 15:37:00,27,21,United Kingdom,19.8,13.5
14304,222,3,1725.01,19.602386363636363,8.705311233097833,88,2,3,4,234,Standard,2010-05-18 10:50:00,2011-05-01 11:50:00,348,69,United Kingdom,47.7,116.0
14305,70,3,1858.96,17.70438095238095,9.596614579732865,105,3,3,4,334,Standard,2011-07-27 14:14:00,2011-09-29 15:29:00,64,96,United Kingdom,53.1,21.333333333333332
14306,50,6,3151.4,68.50869565217391,74.05416908088884,46,4,4,5,445,Champions,2010-01-31 13:42:00,2011-10-19 13:23:00,625,43,United Kingdom,302.40000000000003,104.16666666666667
14307,88,10,5071.03,16.35816129032258,7.352537736816603,310,3,5,5,355,Standard,2009-12-07 13:06:00,2011-09-12 09:38:00,643,205,United Kingdom,81.6,64.3
14308,548,2,1147.02,573.51,390.2380904012319,2,1,2,3,123,Dormant,2010-06-08 16:39:00,2010-06-08 16:48:00,0,1,United Kingdom,849.45,0.0
14309,7,11,3780.81,20.004285714285714,17.050329882091603,189,5,5,5,555,Champions,2010-06-07 10:24:00,2011-12-01 13:33:00,542,125,United Kingdom,138.24,49.27272727272727
14310,432,1,492.1,22.36818181818182,9.095963854455363,22,1,1,2,112,Dormant,2010-10-03 12:34:00,2010-10-03 12:34:00,0,22,United Kingdom,39.6,0.0
14311,242,2,516.45,16.65967741935484,9.116963487137946,31,2,2,2,222,Dormant,2010-05-21 10:28:00,2011-04-11 10:14:00,324,31,United Kingdom,59.400000000000006,162.0
14312,46,11,3090.29,17.168277777777778,7.596251268239463,180,4,5,5,455,Champions,2010-07-23 15:05:00,2011-10-24 09:46:00,457,148,United Kingdom,66.0,41.54545454545455
14314,106,2,229.79999999999998,22.979999999999997,28.14648823565739,10,3,2,1,321,Standard,2010-10-05 08:00:00,2011-08-25 10:39:00,324,10,United Kingdom,94.8,162.0
14315,44,8,3197.82,24.043759398496242,13.098436675252955,133,4,4,5,445,Champions,2010-03-15 12:49:00,2011-10-26 12:06:00,589,83,United Kingdom,70.8,73.625
14316,421,5,1370.34,44.20451612903226,44.90944212811004,31,1,4,4,144,Standard,2010-03-19 15:18:00,2010-10-13 16:31:00,208,21,United Kingdom,181.44,41.6
14317,64,1,508.58,21.190833333333334,11.332300858767523,24,3,1,2,312,Standard,2011-10-06 10:44:00,2011-10-06 10:44:00,0,24,United Kingdom,66.0,0.0
14318,459,1,158.02,17.55777777777778,7.549307547347931,9,1,1,1,111,Dormant,2010-09-05 15:32:00,2010-09-05 15:32:00,0,9,United Kingdom,30.0,0.0
14319,423,1,494.85,19.032692307692308,9.83527266838792,26,1,1,2,112,Dormant,2010-10-11 13:38:00,2010-10-11 13:38:00,0,26,United Kingdom,35.400000000000006,0.0
14320,206,5,1346.75,16.626543209876544,5.999808572049157,81,2,4,4,244,Standard,2010-01-21 11:44:00,2011-05-17 09:24:00,480,68,United Kingdom,39.9,96.0
14321,10,7,2218.06,12.391396648044692,8.082517876839304,179,5,4,4,544,Champions,2010-08-23 12:56:00,2011-11-29 09:47:00,462,162,United Kingdom,83.4,66.0
14322,428,4,474.1,36.46923076923077,27.26051432063674,13,1,3,2,132,Standard,2010-02-18 08:49:00,2010-10-06 15:17:00,230,10,United Kingdom,102.0,57.5
14323,114,2,605.0600000000001,16.807222222222222,6.5295410519581205,36,3,2,2,322,Standard,2011-04-15 11:44:00,2011-08-17 11:37:00,123,32,United Kingdom,35.400000000000006,61.5
14324,409,2,701.61,17.112439024390245,7.625525483692192,41,2,2,3,223,Dormant,2010-01-15 13:31:00,2010-10-26 11:44:00,283,41,United Kingdom,45.0,141.5
14325,569,1,245.48000000000002,13.637777777777778,5.2612004395726535,18,1,1,1,111,Dormant,2010-05-19 09:20:00,2010-05-19 09:20:00,0,18,United Kingdom,23.6,0.0
14326,241,3,940.98,16.50842105263158,7.480499837547548,57,2,3,3,233,Standard,2010-06-25 12:10:00,2011-04-11 15:04:00,290,54,United Kingdom,60.0,96.66666666666667
14327,162,6,1894.93,17.87669811320755,9.438295722034134,106,3,4,4,344,Standard,2010-01-08 14:04:00,2011-06-29 13:58:00,536,99,United Kingdom,70.80000000000001,89.33333333333333
14328,437,1,445.05,445.05,0.0,1,1,1,2,112,Dormant,2010-09-27 16:01:00,2010-09-27 16:01:00,0,1,United Kingdom,445.05,0.0
14329,16,15,9927.22,17.95157323688969,9.084085914636642,553,5,5,5,555,Champions,2009-12-16 15:31:00,2011-11-22 15:50:00,706,349,United Kingdom,79.8,47.06666666666667
14330,623,1,200.63,15.433076923076923,3.23412374689906,13,1,1,1,111,Dormant,2010-03-26 09:10:00,2010-03-26 09:10:00,0,13,United Kingdom,19.5,0.0
14331,123,2,462.66,16.52357142857143,5.546110558584488,28,3,2,2,322,Standard,2011-07-27 15:14:00,2011-08-07 13:17:00,10,27,United Kingdom,34.0,5.0
14332,22,5,1943.51,30.84936507936508,20.56532109762545,63,4,4,4,444,Champions,2010-10-19 13:01:00,2011-11-17 11:54:00,393,47,United Kingdom,104.04,78.6
14333,67,1,415.2,27.68,23.72963638274179,15,3,1,2,312,Standard,2011-10-03 10:38:00,2011-10-03 10:38:00,0,15,United Kingdom,102.0,0.0
14334,16,12,4318.4800000000005,16.73829457364341,7.405647715890695,258,5,5,5,555,Champions,2010-05-20 10:04:00,2011-11-23 10:01:00,551,148,United Kingdom,58.0,45.916666666666664
14335,15,2,468.26,7.432698412698413,6.039833688788396,63,5,2,2,522,Standard,2011-09-04 13:07:00,2011-11-23 13:41:00,80,55,Germany,22.5,40.0
14336,16,4,1614.91,17.943444444444445,8.611581065747163,90,5,3,4,534,Loyal,2011-03-08 16:48:00,2011-11-23 11:40:00,259,77,United Kingdom,45.0,64.75
14338,160,3,928.1,18.562,9.140776102448962,50,3,3,3,333,Standard,2010-06-21 10:32:00,2011-07-01 14:08:00,375,43,United Kingdom,60.0,125.0
14339,242,2,620.27,26.968260869565217,15.235085897115582,23,2,2,3,223,Dormant,2010-10-07 08:50:00,2011-04-11 11:06:00,186,21,United Kingdom,61.2,93.0
14340,218,1,134.7,22.45,8.396606457373124,6,2,1,1,211,Dormant,2011-05-05 09:44:00,2011-05-05 09:44:00,0,6,United Kingdom,35.400000000000006,0.0
14341,44,18,4467.32,16.794436090225563,7.542992340867826,266,4,5,5,455,Champions,2009-12-01 12:20:00,2011-10-25 15:48:00,693,185,United Kingdom,85.92,38.5
14342,20,6,918.44,27.831515151515152,32.29812892425157,33,4,4,3,443,Loyal,2010-08-24 13:03:00,2011-11-18 13:21:00,451,27,United Kingdom,153.0,75.16666666666667
14343,420,4,1088.91,4.575252100840337,3.0365816994096595,238,1,3,3,133,Standard,2010-01-18 16:47:00,2010-10-14 13:05:00,268,193,United Kingdom,18.75,67.0
14344,126,20,3333.7000000000003,13.718930041152264,12.018685438803352,243,3,5,5,355,Standard,2010-03-23 15:47:00,2011-08-04 13:51:00,498,140,United Kingdom,70.80000000000001,24.9
14345,38,1,108.98,18.163333333333334,11.521869061340121,6,4,1,1,411,Standard,2011-11-01 09:51:00,2011-11-01 09:51:00,0,6,United Kingdom,39.6,0.0
14346,120,5,2315.75,15.861301369863014,8.0524507525562,146,3,4,4,344,Standard,2010-07-30 10:44:00,2011-08-11 09:47:00,376,123,United Kingdom,85.0,75.2
14347,736,1,82.60000000000001,13.766666666666667,3.5875711375060804,6,1,1,1,111,Dormant,2009-12-03 10:49:00,2009-12-03 10:49:00,0,6,United Kingdom,17.700000000000003,0.0
14348,259,1,409.57,22.753888888888888,18.785680760461858,18,2,1,2,212,Dormant,2011-03-24 16:23:00,2011-03-24 16:23:00,0,18,United Kingdom,91.8,0.0
14349,9,1,133.5,4.306451612903226,2.603262758395186,31,5,1,1,511,Standard,2011-11-29 15:39:00,2011-11-29 15:39:00,0,31,United Kingdom,9.9,0.0
14350,273,3,972.03,16.47508474576271,6.382478270390326,59,2,3,3,233,Standard,2010-10-05 15:52:00,2011-03-10 14:14:00,155,55,United Kingdom,39.95,51.666666666666664
14351,164,1,51.0,51.0,0.0,1,3,1,1,311,Standard,2011-06-28 11:56:00,2011-06-28 11:56:00,0,1,United Kingdom,51.0,0.0
14352,156,4,1078.96,22.95659574468085,11.374724320901288,47,3,3,3,333,Standard,2011-03-11 14:58:00,2011-07-05 15:41:00,116,44,United Kingdom,70.80000000000001,29.0
14353,214,3,376.5,15.06,6.712394009094917,25,2,3,2,232,Standard,2010-10-04 12:38:00,2011-05-08 16:06:00,216,18,United Kingdom,40.56,72.0
14354,5,2,163.62,18.18,9.178137065875623,9,5,2,1,521,Standard,2011-11-09 15:36:00,2011-12-04 11:32:00,24,9,United Kingdom,37.44,12.0
14355,365,3,1014.45,14.288028169014085,4.830169361040877,71,2,3,3,233,Standard,2010-03-22 15:08:00,2010-12-09 12:16:00,261,57,United Kingdom,25.5,87.0
14356,79,2,701.23,21.24939393939394,18.19690237021708,33,3,2,3,323,Standard,2011-09-19 14:43:00,2011-09-21 09:18:00,1,33,United Kingdom,89.69999999999999,0.5
14357,42,1,225.77,5.506585365853659,5.733536696383873,41,4,1,1,411,Standard,2011-10-27 16:23:00,2011-10-27 16:23:00,0,39,United Kingdom,29.5,0.0
14358,388,2,400.06,16.0024,8.360750205573659,25,2,2,2,222,Dormant,2010-10-07 17:26:00,2010-11-15 15:51:00,38,21,United Kingdom,45.9,19.0
14359,18,3,912.1800000000001,16.585090909090912,4.196635280408303,55,5,3,3,533,Loyal,2011-09-13 09:03:00,2011-11-20 13:17:00,68,44,United Kingdom,30.0,22.666666666666668
14360,31,4,2128.23,18.035847457627117,10.67181328773732,118,4,3,4,434,Loyal,2011-09-06 11:58:00,2011-11-08 09:12:00,62,104,United Kingdom,68.0,15.5
14361,578,1,214.71,15.336428571428572,5.450551993419294,14,1,1,1,111,Dormant,2010-05-10 12:29:00,2010-05-10 12:29:00,0,14,United Kingdom,30.0,0.0
14362,21,1,161.2,3.9317073170731707,2.7540796125375757,41,4,1,1,411,Standard,2011-11-17 15:08:00,2011-11-17 15:08:00,0,37,United Kingdom,13.5,0.0
14363,401,2,227.47000000000003,28.433750000000003,22.232716521571795,8,2,2,1,221,Dormant,2010-09-14 14:39:00,2010-11-02 17:01:00,49,8,United Kingdom,65.4,24.5
14364,108,8,3717.35,53.87463768115942,61.56656174608456,69,3,4,5,345,Standard,2011-05-12 12:56:00,2011-08-23 11:01:00,102,61,United Kingdom,207.50000000000003,12.75
14365,394,2,634.68,12.44470588235294,5.237677482602829,51,2,2,3,223,Dormant,2010-01-27 09:44:00,2010-11-10 09:52:00,287,50,United Kingdom,22.5,143.5
14366,524,1,136.0,136.0,0.0,1,1,1,1,111,Dormant,2010-07-02 17:23:00,2010-07-02 17:23:00,0,1,United Kingdom,136.0,0.0
14367,7,16,9261.52,17.67465648854962,17.864998606671712,524,5,5,5,555,Champions,2011-03-08 14:12:00,2011-12-01 13:19:00,267,270,United Kingdom,214.8,16.6875
14368,319,1,155.0,19.375,5.261653732430517,8,2,1,1,211,Dormant,2011-01-24 09:52:00,2011-01-24 09:52:00,0,8,United Kingdom,29.9,0.0
14369,641,2,469.13,18.04346153846154,10.067766362925866,26,1,2,2,122,Dormant,2010-02-16 10:28:00,2010-03-07 15:47:00,19,24,United Kingdom,53.1,9.5
14370,450,6,1175.78,26.722272727272728,27.98582347626777,44,1,4,3,143,Standard,2010-02-01 08:35:00,2010-09-15 10:53:00,226,37,United Kingdom,159.6,37.666666666666664
14371,294,1,100.5,25.125,10.666888018536616,4,2,1,1,211,Dormant,2011-02-17 16:35:00,2011-02-17 16:35:00,0,4,United Kingdom,39.6,0.0
14372,442,2,860.08,22.633684210526315,16.046530553876767,38,1,2,3,123,Dormant,2010-04-19 15:57:00,2010-09-22 16:17:00,156,36,United Kingdom,102.0,78.0
14373,357,1,76.55,19.1375,7.4078083803511,4,2,1,1,211,Dormant,2010-12-16 15:40:00,2010-12-16 15:40:00,0,4,United Kingdom,25.5,0.0
14374,540,1,108.0,15.428571428571429,2.2974364595597168,7,1,1,1,111,Dormant,2010-06-16 14:25:00,2010-06-16 14:25:00,0,7,United Kingdom,17.700000000000003,0.0
14375,184,3,1132.99,5.245324074074074,6.083984151056069,216,3,3,3,333,Standard,2010-06-16 14:34:00,2011-06-07 13:44:00,355,176,United Kingdom,39.9,118.33333333333333
14376,682,1,215.46,11.97,14.185320498566778,18,1,1,1,111,Dormant,2010-01-25 15:36:00,2010-01-25 15:36:00,0,17,United Kingdom,41.65,0.0
14377,190,2,617.05,56.095454545454544,43.16176232816181,11,2,2,2,222,Dormant,2011-03-22 13:38:00,2011-06-01 13:32:00,70,11,United Kingdom,159.2,35.0
14378,621,1,131.25,14.583333333333334,3.4392041230494006,9,1,1,1,111,Dormant,2010-03-28 12:22:00,2010-03-28 12:22:00,0,9,United Kingdom,23.25,0.0
14379,43,4,1268.91,9.836511627906978,11.079893504900749,129,4,3,4,434,Loyal,2010-08-16 15:31:00,2011-10-26 16:43:00,436,93,United Kingdom,76.5,109.0
14380,681,1,48.96,48.96,0.0,1,1,1,1,111,Dormant,2010-01-26 17:11:00,2010-01-26 17:11:00,0,1,United Kingdom,48.96,0.0
14381,51,2,631.34,5.538070175438596,5.647340650236231,114,4,2,3,423,Standard,2010-09-14 16:15:00,2011-10-18 17:10:00,399,104,United Kingdom,30.6,199.5
14382,25,2,1246.8,4.128476821192053,4.539074978333073,302,4,2,3,423,Standard,2010-11-14 16:32:00,2011-11-13 16:18:00,363,227,United Kingdom,31.200000000000003,181.5
14383,37,3,1247.69,21.14728813559322,18.18840070223882,59,4,3,3,433,Loyal,2011-06-29 10:18:00,2011-11-01 15:53:00,125,49,United Kingdom,135.2,41.666666666666664
14384,500,1,58.5,19.5,0.0,3,1,1,1,111,Dormant,2010-07-27 09:53:00,2010-07-27 09:53:00,0,3,United Kingdom,19.5,0.0
14385,8,3,202.10999999999999,14.43642857142857,4.837160017300135,14,5,3,1,531,HighEngagement_LowValue,2011-11-16 11:55:00,2011-11-30 15:36:00,14,13,United Kingdom,20.8,4.666666666666667
14386,296,1,142.4,20.342857142857145,7.886244806170878,7,2,1,1,211,Dormant,2011-02-16 09:45:00,2011-02-16 09:45:00,0,7,United Kingdom,31.8,0.0
14387,32,3,1770.56,12.646857142857142,10.000859465635314,140,4,3,4,434,Loyal,2011-08-22 14:13:00,2011-11-07 12:29:00,76,125,United Kingdom,83.2,25.333333333333332
14388,9,16,6701.0,16.185990338164252,5.735164490118832,414,5,5,5,555,Champions,2010-01-20 11:54:00,2011-11-29 13:32:00,678,184,United Kingdom,62.400000000000006,42.375
14389,64,5,1898.01,21.816206896551723,14.299841293750905,87,3,4,4,344,Standard,2010-04-28 14:57:00,2011-10-05 15:17:00,525,48,United Kingdom,72.0,105.0
14390,9,13,6399.83,13.03427698574338,16.404512123089543,491,5,5,5,555,Champions,2010-10-10 14:30:00,2011-11-29 13:49:00,414,197,United Kingdom,146.25,31.846153846153847
14391,576,1,135.6,9.685714285714285,1.0219567527031677,14,1,1,1,111,Dormant,2010-05-12 09:42:00,2010-05-12 09:42:00,0,14,United Kingdom,10.2,0.0
14392,431,1,266.4,19.02857142857143,12.747333269923772,14,1,1,1,111,Dormant,2010-10-03 12:56:00,2010-10-03 12:56:00,0,14,United Kingdom,59.7,0.0
14393,217,1,67.95,13.59,3.595552808679077,5,2,1,1,211,Dormant,2011-05-05 18:16:00,2011-05-05 18:16:00,0,5,United Kingdom,17.25,0.0
14394,564,1,93.8,15.633333333333333,0.9831920802501755,6,1,1,1,111,Dormant,2010-05-24 10:43:00,2010-05-24 10:43:00,0,6,United Kingdom,17.0,0.0
14395,1,20,8208.01,10.046523867809057,7.382710868267962,817,5,5,5,555,Champions,2010-04-18 13:12:00,2011-12-07 14:34:00,598,320,United Kingdom,47.2,29.9
14396,64,7,2121.93,7.291855670103092,6.392671018557957,291,3,4,4,344,Standard,2009-12-02 14:21:00,2011-10-05 16:09:00,672,202,United Kingdom,35.400000000000006,96.0
14397,2,19,2612.96,30.034022988505747,22.83205215744734,87,5,5,4,554,Champions,2011-05-10 12:25:00,2011-12-07 09:22:00,210,18,United Kingdom,103.68,11.052631578947368
14398,400,2,707.79,13.354528301886791,8.839995337198069,53,2,2,3,223,Dormant,2010-06-30 11:57:00,2010-11-03 13:46:00,126,50,United Kingdom,47.7,63.0
14399,393,8,2113.16,10.94901554404145,15.133016455638716,193,2,4,4,244,Standard,2010-02-03 13:09:00,2010-11-10 13:23:00,280,119,United Kingdom,81.6,35.0
14400,148,3,1732.47,23.73246575342466,22.559886338663024,73,3,3,4,334,Standard,2010-03-18 12:11:00,2011-07-13 15:50:00,482,71,United Kingdom,138.24,160.66666666666666
14401,3,22,6795.9,25.5484962406015,22.37884793083206,266,5,5,5,555,Champions,2009-12-14 13:22:00,2011-12-05 13:30:00,721,171,United Kingdom,127.0,32.77272727272727
14402,651,1,285.6,35.7,58.36985523367349,8,1,1,1,111,Dormant,2010-02-25 13:20:00,2010-02-25 13:20:00,0,8,United Kingdom,180.0,0.0
14403,129,6,1880.51,75.2204,63.31462860719209,25,3,4,4,344,Standard,2010-03-10 14:00:00,2011-08-01 12:57:00,508,20,United Kingdom,244.8,84.66666666666667
14404,33,13,2899.11,13.739857819905215,15.438764337387978,211,4,5,4,454,Champions,2009-12-20 14:40:00,2011-11-06 12:30:00,685,123,United Kingdom,79.95,52.69230769230769
14405,386,1,195.0,97.5,27.577164466275352,2,2,1,1,211,Dormant,2010-11-18 11:40:00,2010-11-18 11:40:00,0,2,United Kingdom,117.0,0.0
14406,118,1,156.75,19.59375,5.416669871793924,8,3,1,1,311,Standard,2011-08-12 16:54:00,2011-08-12 16:54:00,0,8,United Kingdom,30.6,0.0
14407,106,6,2157.73,29.557945205479452,37.112451151081366,73,3,4,4,344,Standard,2011-03-08 11:59:00,2011-08-24 14:02:00,169,67,United Kingdom,207.50000000000003,28.166666666666668
14408,10,11,4109.77,31.85868217054264,29.682917129950482,129,5,5,5,555,Champions,2009-12-07 12:18:00,2011-11-29 11:41:00,721,63,United Kingdom,133.20000000000002,65.54545454545455
14409,70,9,3756.09,35.43481132075472,45.42585943273012,106,3,5,5,355,Standard,2010-05-21 16:45:00,2011-09-29 18:18:00,496,76,United Kingdom,356.40000000000003,55.111111111111114
14410,91,11,2651.14,6.745903307888041,7.6324502418756985,393,3,5,4,354,Standard,2010-09-28 15:46:00,2011-09-08 15:08:00,344,307,United Kingdom,61.2,31.272727272727273
14411,310,1,1063.0,75.92857142857143,17.539161832943947,14,2,1,3,213,Dormant,2011-02-02 10:56:00,2011-02-02 10:56:00,0,14,United Kingdom,102.0,0.0
14412,42,3,1426.19,16.978452380952383,11.677583251172587,84,4,3,4,434,Loyal,2010-10-11 12:33:00,2011-10-28 10:45:00,381,75,United Kingdom,81.6,127.0
14413,361,4,770.37,7.781515151515151,34.28457165844922,99,2,3,3,233,Standard,2010-01-19 14:27:00,2010-12-12 13:37:00,326,93,United Kingdom,342.8,81.5
14414,91,8,2399.33,20.333305084745763,15.709289214204748,118,3,4,4,344,Standard,2010-11-30 10:12:00,2011-09-09 12:09:00,283,99,United Kingdom,79.8,35.375
14415,0,23,12091.6,9.588897700237906,6.4089033289018325,1261,5,5,5,555,Champions,2009-12-16 14:08:00,2011-12-08 14:38:00,722,445,United Kingdom,51.0,31.391304347826086
14416,21,2,490.22,35.01571428571429,55.1735628880195,14,4,2,2,422,Standard,2011-10-28 15:10:00,2011-11-17 15:22:00,20,13,United Kingdom,214.8,10.0
14417,387,1,604.2,4.41021897810219,4.875508490396801,137,2,1,2,212,Dormant,2010-11-17 10:55:00,2010-11-17 10:55:00,0,106,United Kingdom,40.8,0.0
14418,3,3,1937.25,15.622983870967742,13.102901557880605,124,5,3,4,534,Loyal,2011-08-23 17:18:00,2011-12-06 11:39:00,104,114,United Kingdom,89.64000000000001,34.666666666666664
14419,10,7,1260.91,5.506157205240175,4.5155342101736204,229,5,4,4,544,Champions,2010-11-22 11:09:00,2011-11-29 11:22:00,372,118,United Kingdom,30.0,53.142857142857146
14420,98,4,1639.17,17.62548387096774,8.810717351751467,93,3,3,4,334,Standard,2010-01-17 12:41:00,2011-09-01 18:07:00,592,85,United Kingdom,68.0,148.0
14421,56,6,2469.37,25.722604166666667,25.385780406186857,96,4,4,4,444,Champions,2010-01-17 11:30:00,2011-10-13 13:24:00,634,72,United Kingdom,162.75,105.66666666666667
14422,0,19,10271.52,18.60782608695652,9.253291776208734,552,5,5,5,555,Champions,2009-12-17 12:12:00,2011-12-09 11:26:00,721,317,United Kingdom,83.4,37.94736842105263
14423,217,3,916.61,61.10733333333334,84.61841883813871,15,2,3,3,233,Standard,2010-01-14 11:49:00,2011-05-05 15:12:00,476,12,United Kingdom,244.8,158.66666666666666
14424,17,1,322.08,322.08,0.0,1,5,1,2,512,Standard,2011-11-22 11:48:00,2011-11-22 11:48:00,0,1,United Kingdom,322.08,0.0
14425,434,3,661.39,16.958717948717947,3.4292428038602427,39,1,3,3,133,Standard,2009-12-02 11:31:00,2010-10-01 10:24:00,302,35,United Kingdom,30.0,100.66666666666667
14426,23,17,11727.94,19.417119205298015,18.563808804384234,604,4,5,5,455,Champions,2010-03-04 14:36:00,2011-11-16 12:25:00,621,452,United Kingdom,252.0,36.529411764705884
14427,49,4,1263.52,28.716363636363635,42.65411853889152,44,4,3,4,434,Loyal,2010-03-18 09:49:00,2011-10-20 14:23:00,581,43,United Kingdom,295.0,145.25
14428,6,5,1244.83,8.644652777777777,9.458571272024345,144,5,4,3,543,Loyal,2011-01-18 16:39:00,2011-12-02 13:17:00,317,108,United Kingdom,76.32000000000001,63.4
14429,403,1,516.28,23.467272727272725,9.430807763120562,22,2,1,2,212,Dormant,2010-11-01 10:08:00,2010-11-01 10:08:00,0,22,United Kingdom,45.0,0.0
14430,511,3,1220.9,34.88285714285715,17.031000898263105,35,1,3,3,133,Standard,2010-04-11 15:59:00,2010-07-16 11:35:00,95,29,United Kingdom,71.4,31.666666666666668
14431,302,4,2614.2,32.27407407407407,30.656582726136406,81,2,3,4,234,At_Risk_HighValue,2010-01-21 10:49:00,2011-02-10 10:40:00,384,72,United Kingdom,175.2,96.0
14432,9,6,2255.51,5.904476439790576,8.106852104084616,382,5,4,4,544,Champions,2011-09-11 14:09:00,2011-11-30 08:04:00,79,256,United Kingdom,99.0,13.166666666666666
14433,465,1,289.6,3.7610389610389614,3.020082163580629,77,1,1,1,111,Dormant,2010-08-31 12:35:00,2010-08-31 12:35:00,0,72,United Kingdom,19.9,0.0
14434,21,6,1372.8,114.39999999999999,39.367360730802,12,4,4,4,444,Champions,2011-09-28 15:31:00,2011-11-18 08:56:00,50,3,United Kingdom,199.2,8.333333333333334
14435,501,1,90.42,30.14,7.410506055594314,3,1,1,1,111,Dormant,2010-07-26 12:33:00,2010-07-26 12:33:00,0,3,United Kingdom,37.5,0.0
14436,98,2,271.7,24.7,43.112606972902945,11,3,2,1,321,Standard,2010-06-04 11:32:00,2011-09-02 10:13:00,454,11,United Kingdom,152.64,227.0
14437,365,5,958.84,19.975833333333334,12.777196248458862,48,2,4,3,243,Standard,2010-05-05 12:20:00,2010-12-09 09:27:00,217,34,United Kingdom,70.80000000000001,43.4
14438,305,1,131.9,14.655555555555557,5.776484898082725,9,2,1,1,211,Dormant,2011-02-06 14:56:00,2011-02-06 14:56:00,0,9,United Kingdom,19.5,0.0
14439,319,5,9443.04,73.20186046511628,45.75344873899265,129,2,4,5,245,At_Risk_HighValue,2010-01-21 14:01:00,2011-01-24 11:39:00,367,105,Greece,229.5,73.4
14440,7,13,6638.7300000000005,47.0831914893617,35.298158578420995,141,5,5,5,555,Champions,2009-12-02 12:13:00,2011-12-01 15:42:00,729,63,United Kingdom,196.2,56.07692307692308
14441,0,11,4611.6900000000005,29.946038961038965,24.66375201165852,154,5,5,5,555,Champions,2010-01-18 10:40:00,2011-12-09 09:07:00,689,103,United Kingdom,175.2,62.63636363636363
14442,204,7,5367.02,29.327978142076507,25.974142864356104,183,2,4,5,245,At_Risk_HighValue,2010-01-18 12:59:00,2011-05-19 11:36:00,485,128,Channel Islands,290.0,69.28571428571429
14443,53,5,2386.4700000000003,15.597843137254904,7.597104446776561,153,4,4,4,444,Champions,2010-11-25 14:18:00,2011-10-17 10:10:00,325,119,United Kingdom,91.8,65.0
14444,455,1,132.04,10.156923076923077,7.633203111642566,13,1,1,1,111,Dormant,2010-09-09 18:56:00,2010-09-09 18:56:00,0,11,United Kingdom,27.2,0.0
14445,455,1,221.65,6.9265625,3.841223435292291,32,1,1,1,111,Dormant,2010-09-10 11:09:00,2010-09-10 11:09:00,0,32,United Kingdom,17.85,0.0
14446,0,5,1241.31,3.6616814159292033,3.7874672422638382,339,5,4,3,543,Loyal,2010-11-18 12:08:00,2011-12-09 11:34:00,385,259,United Kingdom,26.35,77.0
14447,18,6,1711.73,16.148396226415095,5.688736429587765,106,5,4,4,544,Champions,2010-11-04 13:32:00,2011-11-21 08:28:00,381,81,United Kingdom,34.8,63.5
14448,8,2,375.35,18.767500000000002,52.144493767445454,20,5,2,2,522,Standard,2010-12-10 17:26:00,2011-11-30 13:50:00,354,20,United Kingdom,237.6,177.0
14449,18,8,2482.8,4.547252747252748,5.7426601704479525,546,5,4,4,544,Champions,2010-09-29 13:15:00,2011-11-21 12:06:00,417,301,United Kingdom,88.5,52.125
14450,180,7,1128.44,14.847894736842106,9.659756010140141,76,3,4,3,343,Standard,2010-04-08 12:09:00,2011-06-12 10:46:00,429,47,United Kingdom,44.55,61.285714285714285
14451,59,12,3308.77,6.338639846743295,5.317310255906141,522,3,5,5,355,Standard,2010-01-17 10:35:00,2011-10-10 13:38:00,631,245,United Kingdom,38.25,52.583333333333336
14452,10,4,665.59,5.042348484848485,3.454978012733363,132,5,3,3,533,Loyal,2010-07-06 13:13:00,2011-11-29 12:06:00,510,108,United Kingdom,16.95,127.5
14453,189,1,119.93,5.451363636363637,3.5758679205587818,22,2,1,1,211,Dormant,2011-06-02 14:15:00,2011-06-02 14:15:00,0,22,United Kingdom,15.0,0.0
14454,375,5,977.3000000000001,8.884545454545455,10.20544544662162,110,2,4,3,243,Standard,2009-12-06 12:56:00,2010-11-28 13:26:00,357,93,United Kingdom,91.8,71.4
14455,431,4,628.21,7.952025316455697,8.967955256719913,79,1,3,3,133,Standard,2010-08-01 13:26:00,2010-10-03 15:48:00,63,65,United Kingdom,41.25,15.75
14456,4,9,3062.4,3.1571134020618556,3.5265248065296357,970,5,5,5,555,Champions,2011-07-20 13:06:00,2011-12-04 13:59:00,137,580,United Kingdom,30.0,15.222222222222221
14457,310,1,113.64,28.41,16.84091446448203,4,2,1,1,211,Dormant,2011-02-02 09:39:00,2011-02-02 09:39:00,0,4,United Kingdom,45.0,0.0
14458,380,1,237.42,4.84530612244898,4.818973396049903,49,2,1,1,211,Dormant,2010-11-24 12:43:00,2010-11-24 12:43:00,0,46,United Kingdom,23.4,0.0
14459,154,2,5375.741,47.57292920353982,29.479927915846652,113,3,2,5,325,Standard,2010-02-26 13:26:00,2011-07-07 13:35:00,496,113,United Kingdom,178.20000000000002,248.0
14460,109,9,1093.5,26.035714285714285,12.882924630623576,42,3,5,3,353,Standard,2009-12-15 19:06:00,2011-08-21 14:19:00,613,33,United Kingdom,69.12,68.11111111111111
14461,147,13,6713.5,10.36033950617284,8.819165858395024,648,3,5,5,355,Standard,2010-01-18 12:48:00,2011-07-14 17:11:00,542,515,United Kingdom,67.6,41.69230769230769
14462,65,12,2270.01,7.854705882352942,7.325493204859619,289,3,5,4,354,Standard,2010-10-03 14:13:00,2011-10-04 15:55:00,366,182,United Kingdom,39.6,30.5
14463,97,4,786.5699999999999,98.32124999999999,67.86725413576544,8,3,3,3,333,Standard,2010-07-28 11:35:00,2011-09-02 15:20:00,401,7,United Kingdom,178.5,100.25
14464,567,2,111.0,27.75,21.509184084943804,4,1,2,1,121,Dormant,2010-03-22 15:20:00,2010-05-20 18:00:00,59,4,United Kingdom,60.0,29.5
14465,246,11,3946.03,19.730150000000002,35.47359344125822,200,2,5,5,255,At_Risk_HighValue,2010-01-07 15:03:00,2011-04-07 12:38:00,454,128,United Kingdom,245.76,41.27272727272727
14466,28,13,4646.9,21.513425925925926,19.985966712114358,216,4,5,5,455,Champions,2009-12-13 15:44:00,2011-11-10 14:07:00,696,77,United Kingdom,127.5,53.53846153846154
14467,17,12,2220.9900000000002,7.211006493506495,4.904172054886699,308,5,5,4,554,Champions,2009-12-02 12:44:00,2011-11-22 12:48:00,720,144,United Kingdom,29.700000000000003,60.0
14468,733,1,204.24,17.02,8.43565377107516,12,1,1,1,111,Dormant,2009-12-06 12:21:00,2009-12-06 12:21:00,0,12,United Kingdom,31.200000000000003,0.0
14469,415,4,2112.21,14.368775510204081,13.69640368245697,147,1,3,4,134,Standard,2010-01-29 11:12:00,2010-10-19 14:30:00,263,120,United Kingdom,103.68,65.75
14470,11,3,712.04,11.867333333333333,10.821677063342673,60,5,3,3,533,Loyal,2010-10-05 12:39:00,2011-11-28 10:31:00,418,56,United Kingdom,61.2,139.33333333333334
14471,590,2,400.95,9.779268292682927,6.113838561102142,41,1,2,2,122,Dormant,2009-12-07 12:26:00,2010-04-27 17:12:00,141,38,United Kingdom,25.200000000000003,70.5
14472,103,9,2228.22,6.691351351351351,5.986453908388901,333,3,5,4,354,Standard,2010-01-19 13:09:00,2011-08-28 11:01:00,585,173,United Kingdom,49.9,65.0
14473,73,2,234.34,33.47714285714286,24.936640855232625,7,3,2,1,321,Standard,2011-03-02 13:56:00,2011-09-26 15:10:00,208,7,United Kingdom,85.0,104.0
14474,45,2,1278.08,9.682424242424242,7.662389072079733,132,4,2,4,424,Standard,2010-05-09 12:12:00,2011-10-24 13:26:00,533,122,United Kingdom,34.0,266.5
14475,71,4,1151.15,23.98229166666667,18.369790329891746,48,3,3,3,333,Standard,2010-10-27 09:20:00,2011-09-29 10:46:00,337,40,United Kingdom,119.4,84.25
14476,256,1,215.7,11.352631578947367,6.4956069275107104,19,2,1,1,211,Dormant,2011-03-27 15:39:00,2011-03-27 15:39:00,0,17,United Kingdom,30.0,0.0
14477,19,7,1969.6,140.68571428571428,53.01742612129971,14,4,4,4,444,Champions,2010-01-04 15:41:00,2011-11-20 11:11:00,684,7,United Kingdom,179.0,97.71428571428571
14478,381,4,1276.66,18.774411764705885,15.741710387295006,68,2,3,4,234,Standard,2009-12-01 13:20:00,2010-11-22 15:29:00,356,59,United Kingdom,70.80000000000001,89.0
14479,253,4,1299.11,8.718859060402684,7.234656039770351,149,2,3,4,234,Standard,2009-12-06 13:48:00,2011-03-31 09:07:00,479,127,United Kingdom,32.11,119.75
14480,10,4,1299.52,19.992615384615384,8.66757720562007,65,5,3,4,534,Loyal,2009-12-21 16:32:00,2011-11-28 16:35:00,707,52,United Kingdom,50.400000000000006,176.75
14481,164,5,2311.4900000000002,15.20717105263158,13.807756358390254,152,3,4,4,344,Standard,2010-01-31 12:43:00,2011-06-28 10:38:00,512,114,United Kingdom,141.96,102.4
14482,17,12,4357.91,17.22494071146245,33.04979224078677,253,5,5,5,555,Champions,2010-08-26 14:13:00,2011-11-21 13:14:00,451,185,United Kingdom,179.0,37.583333333333336
14483,281,2,257.1,19.77692307692308,10.047545624525577,13,2,2,1,221,Dormant,2009-12-03 10:16:00,2011-03-03 10:26:00,455,13,United Kingdom,30.0,227.5
14484,49,4,1070.98,20.207169811320757,8.19504526137557,53,4,3,3,433,Loyal,2009-12-17 10:57:00,2011-10-20 14:11:00,672,47,United Kingdom,45.9,168.0
14485,38,1,165.75,3.526595744680851,2.299631611892714,47,4,1,1,411,Standard,2011-11-01 12:25:00,2011-11-01 12:25:00,0,44,United Kingdom,9.95,0.0
14486,511,2,175.5,29.25,10.680589871350739,6,1,2,1,121,Dormant,2010-06-04 10:30:00,2010-07-16 09:42:00,41,4,United Kingdom,39.0,20.5
14487,26,7,1453.61,7.6505789473684205,7.8848051031651005,190,4,4,4,444,Champions,2010-11-25 13:36:00,2011-11-13 12:17:00,352,129,United Kingdom,51.0,50.285714285714285
14488,67,1,1064.28,23.136521739130433,26.555669092797935,46,3,1,3,313,Standard,2011-10-03 09:30:00,2011-10-03 09:30:00,0,46,United Kingdom,158.39999999999998,0.0
14489,206,4,1574.93,15.7493,6.269170076209805,100,2,3,4,234,Standard,2010-04-06 09:52:00,2011-05-16 14:51:00,405,65,United Kingdom,39.6,101.25
14490,405,2,1273.47,15.918375000000001,7.583666065751804,80,2,2,4,224,Dormant,2010-10-07 11:36:00,2010-10-29 15:04:00,22,72,United Kingdom,66.0,11.0
14491,174,2,468.13,22.29190476190476,12.866875152517652,21,3,2,2,322,Standard,2010-12-02 12:10:00,2011-06-17 15:22:00,197,17,United Kingdom,47.7,98.5
14492,429,7,1921.91,20.890326086956524,12.233711166424026,92,1,4,4,144,Standard,2010-03-30 14:23:00,2010-10-05 13:21:00,188,70,United Kingdom,81.6,26.857142857142858
14493,6,10,5130.15,14.09381868131868,11.281373857881977,364,5,5,5,555,Champions,2010-03-08 08:33:00,2011-12-02 16:14:00,634,292,United Kingdom,79.95,63.4
14494,25,3,401.46,23.615294117647057,24.05189132834647,17,4,3,2,432,Loyal,2009-12-08 13:25:00,2011-11-14 09:21:00,705,17,United Kingdom,114.3,235.0
14495,50,3,174.8,24.97142857142857,11.48357004386619,7,4,3,1,431,HighEngagement_LowValue,2010-02-18 08:49:00,2011-10-20 12:28:00,609,7,United Kingdom,51.0,203.0
14496,311,7,2668.23,24.03810810810811,22.689345658000068,111,2,4,4,244,At_Risk_HighValue,2010-03-16 13:15:00,2011-02-01 09:01:00,321,64,United Kingdom,139.2,45.857142857142854
14497,308,2,697.0600000000001,17.4265,6.446262900674729,40,2,2,3,223,Dormant,2010-02-04 09:59:00,2011-02-03 17:01:00,364,40,United Kingdom,41.7,182.0
14498,42,10,3911.27,10.542506738544475,15.549587564595024,371,4,5,5,455,Champions,2010-06-07 16:05:00,2011-10-28 12:09:00,507,276,United Kingdom,170.0,50.7
14499,25,7,2138.9700000000003,6.7052351097178695,6.37144473742289,319,4,4,4,444,Champions,2010-08-27 11:57:00,2011-11-13 13:01:00,443,199,United Kingdom,34.8,63.285714285714285
14500,87,3,356.85,50.978571428571435,32.14837809728065,7,3,3,2,332,Standard,2011-06-03 10:08:00,2011-09-12 16:45:00,101,6,United Kingdom,102.0,33.666666666666664
14501,183,2,251.21,25.121000000000002,8.146135348194944,10,3,2,1,321,Standard,2011-01-24 10:43:00,2011-06-09 12:02:00,136,9,United Kingdom,35.400000000000006,68.0
14502,19,11,2470.67,3.9594070512820516,5.816503348647693,624,4,5,4,454,Champions,2011-01-30 15:52:00,2011-11-20 11:50:00,293,368,United Kingdom,89.55,26.636363636363637
14503,2,6,3543.26,21.605243902439025,17.270698027861947,164,5,4,5,545,Champions,2011-06-14 10:00:00,2011-12-06 13:30:00,175,113,United Kingdom,136.0,29.166666666666668
14504,46,4,673.26,6.2921495327102805,5.03050450000781,107,4,3,3,433,Loyal,2011-03-06 14:38:00,2011-10-23 16:00:00,231,85,United Kingdom,27.0,57.75
14505,16,19,12001.84,7.463830845771144,7.327964415709383,1608,5,5,5,555,Champions,2009-12-09 14:48:00,2011-11-22 15:45:00,713,898,United Kingdom,91.8,37.526315789473685
14506,16,7,3290.67,6.971758474576271,7.355321230536885,472,5,4,5,545,Champions,2010-04-19 08:27:00,2011-11-22 13:02:00,582,251,United Kingdom,59.92,83.14285714285714
14507,23,11,3284.4300000000003,12.30123595505618,16.47453244081191,267,4,5,5,455,Champions,2009-12-10 17:04:00,2011-11-16 12:21:00,705,182,United Kingdom,237.6,64.0909090909091
14508,21,5,874.9399999999999,4.6539361702127655,4.107600160205211,188,4,4,3,443,Loyal,2010-06-17 13:02:00,2011-11-17 19:48:00,518,142,United Kingdom,23.6,103.6
14509,533,1,110.95,4.438,2.473689888944584,25,1,1,1,111,Dormant,2010-06-23 13:21:00,2010-06-23 13:21:00,0,25,United Kingdom,9.95,0.0
14510,375,3,1007.28,12.913846153846153,12.972425824348804,78,2,3,3,233,Standard,2010-09-29 13:35:00,2010-11-29 12:46:00,60,67,United Kingdom,59.5,20.0
14511,10,5,1314.81,19.33544117647059,9.580941503890196,68,5,4,4,544,Champions,2011-07-29 12:13:00,2011-11-28 17:05:00,122,53,United Kingdom,49.92,24.4
14512,187,7,1223.47,15.293375000000001,12.420840790121428,80,3,4,3,343,Standard,2009-12-07 13:49:00,2011-06-05 12:39:00,544,55,United Kingdom,70.80000000000001,77.71428571428571
14513,100,6,788.01,41.47421052631579,44.1617504579333,19,3,4,3,343,Standard,2010-05-20 17:57:00,2011-08-31 11:25:00,467,15,United Kingdom,138.24,77.83333333333333
14514,60,9,4598.9800000000005,13.526411764705884,12.129654806698117,340,3,5,5,355,Standard,2009-12-13 13:21:00,2011-10-09 16:05:00,665,212,United Kingdom,64.9,73.88888888888889
14515,17,12,3749.26,21.30261363636364,17.403587084724357,176,5,5,5,555,Champions,2010-06-07 12:37:00,2011-11-22 11:37:00,532,109,United Kingdom,71.4,44.333333333333336
14516,515,1,163.92,4.43027027027027,4.256132494861246,37,1,1,1,111,Dormant,2010-07-11 14:07:00,2010-07-11 14:07:00,0,35,United Kingdom,23.6,0.0
14517,32,2,330.45,18.358333333333334,5.983537464429825,18,4,2,2,422,Standard,2011-07-21 11:42:00,2011-11-06 14:20:00,108,17,United Kingdom,31.8,54.0
14518,63,1,174.37,10.898125,9.999577470240096,16,3,1,1,311,Standard,2011-10-06 14:43:00,2011-10-06 14:43:00,0,16,United Kingdom,29.75,0.0
14519,683,2,206.09,5.284358974358974,4.019595289180108,39,1,2,1,121,Dormant,2009-12-11 10:40:00,2010-01-25 11:18:00,45,38,United Kingdom,20.25,22.5
14520,1,2,270.6,67.65,68.3269346597665,4,5,2,1,521,Standard,2011-02-22 09:15:00,2011-12-08 09:46:00,289,3,United Kingdom,165.0,144.5
14521,490,1,199.45000000000002,11.732352941176472,5.627024668299141,17,1,1,1,111,Dormant,2010-08-05 16:35:00,2010-08-05 16:35:00,0,17,United Kingdom,19.8,0.0
14522,23,8,1758.62,38.23086956521739,35.05313197774594,46,4,4,4,444,Champions,2010-01-24 13:55:00,2011-11-15 13:24:00,659,34,United Kingdom,143.04,82.375
14523,107,1,241.09,20.090833333333332,12.787029975958477,12,3,1,1,311,Standard,2011-08-23 13:13:00,2011-08-23 13:13:00,0,12,United Kingdom,46.8,0.0
14524,31,13,2933.71,8.94423780487805,11.14309610721324,328,4,5,4,454,Champions,2010-10-19 11:44:00,2011-11-08 12:29:00,385,250,United Kingdom,102.0,29.615384615384617
14525,19,17,8240.64,15.176132596685083,27.55796390670932,543,4,5,5,455,Champions,2009-12-13 14:01:00,2011-11-20 11:37:00,706,340,United Kingdom,326.4,41.529411764705884
14526,388,1,262.4,6.247619047619047,3.7531929883011896,42,2,1,1,211,Dormant,2010-11-15 13:32:00,2010-11-15 13:32:00,0,41,United Kingdom,15.9,0.0
14527,2,122,27792.3,10.289633469085524,13.17492397809445,2701,5,5,5,555,Champions,2009-12-02 12:06:00,2011-12-07 12:19:00,735,607,United Kingdom,207.6,6.024590163934426
14528,36,1,364.21999999999997,20.234444444444442,13.119363875460275,18,4,1,2,412,Standard,2011-11-02 17:09:00,2011-11-02 17:09:00,0,18,United Kingdom,45.0,0.0
14529,59,3,620.04,2.707598253275109,2.742899908503245,229,3,3,3,333,Standard,2011-08-21 14:10:00,2011-10-10 15:27:00,50,177,United Kingdom,15.3,16.666666666666668
14530,25,16,6197.4,12.778144329896907,12.414552871354443,485,4,5,5,455,Champions,2010-01-21 11:25:00,2011-11-14 10:38:00,661,269,United Kingdom,107.1,41.3125
14531,479,1,376.34,12.977241379310344,4.305398518597424,29,1,1,2,112,Dormant,2010-08-17 10:16:00,2010-08-17 10:16:00,0,29,United Kingdom,22.5,0.0
14532,235,11,3859.1800000000003,12.135786163522013,15.403139357331845,318,2,5,5,255,At_Risk_HighValue,2010-01-10 11:47:00,2011-04-17 13:05:00,462,209,United Kingdom,135.0,42.0
14533,24,11,3466.37,38.947977528089886,33.06917155337826,89,4,5,5,455,Champions,2010-04-08 12:13:00,2011-11-15 12:05:00,585,74,United Kingdom,169.0,53.18181818181818
14534,2,26,6271.11,8.578809849521203,11.203469464128343,731,5,5,5,555,Champions,2010-03-15 14:16:00,2011-12-07 12:19:00,631,437,United Kingdom,169.92000000000002,24.26923076923077
14535,59,9,6030.7300000000005,7.136958579881657,7.125596581289011,845,3,5,5,355,Standard,2010-02-24 15:03:00,2011-10-10 15:39:00,593,589,United Kingdom,55.65,65.88888888888889
14536,259,1,171.8,9.042105263157895,10.958422219638175,19,2,1,1,211,Dormant,2011-03-25 12:21:00,2011-03-25 12:21:00,0,18,United Kingdom,51.0,0.0
14537,57,2,641.4,27.88695652173913,14.201231199756336,23,4,2,3,423,Standard,2010-03-26 13:44:00,2011-10-13 10:54:00,565,23,United Kingdom,54.24,282.5
14538,64,5,1370.8400000000001,26.362307692307695,23.36995243733023,52,3,4,4,344,Standard,2010-01-25 15:42:00,2011-10-06 10:31:00,618,45,United Kingdom,102.0,123.6
14539,15,2,537.48,16.79625,8.079544361953475,32,5,2,2,522,Standard,2011-10-26 12:03:00,2011-11-24 09:50:00,28,31,United Kingdom,40.56,14.0
14540,9,11,3795.34,13.902344322344323,13.828011013938136,273,5,5,5,555,Champions,2009-12-07 13:00:00,2011-11-30 10:15:00,722,197,United Kingdom,122.4,65.63636363636364
14541,58,14,2499.68,13.810386740331491,14.43419840997379,181,4,5,4,454,Champions,2010-01-07 11:59:00,2011-10-12 10:08:00,642,99,United Kingdom,90.0,45.857142857142854
14542,185,1,103.25,20.65,9.486174149782409,5,3,1,1,311,Standard,2011-06-07 08:19:00,2011-06-07 08:19:00,0,5,United Kingdom,35.7,0.0
14543,28,39,14906.77,68.69479262672812,82.90360879357704,217,4,5,5,455,Champions,2009-12-01 13:47:00,2011-11-11 12:45:00,709,106,United Kingdom,510.0,18.17948717948718
14544,23,3,2982.43,15.533489583333333,15.528154730351377,192,4,3,5,435,Loyal,2010-08-26 16:00:00,2011-11-15 15:06:00,445,148,United Kingdom,103.68,148.33333333333334
14545,673,1,349.25,15.184782608695652,6.6035017360386625,23,1,1,2,112,Dormant,2010-02-03 15:23:00,2010-02-03 15:23:00,0,23,United Kingdom,40.5,0.0
14546,4,11,5197.9,6.538238993710691,5.889372289383752,795,5,5,5,555,Champions,2009-12-06 13:10:00,2011-12-04 13:00:00,727,410,United Kingdom,41.25,66.0909090909091
14547,3,8,4007.54,10.949562841530055,9.17688629112019,366,5,4,5,545,Champions,2011-10-16 14:35:00,2011-12-06 11:06:00,50,198,United Kingdom,87.2,6.25
14548,150,9,2627.49,23.252123893805308,55.55279505394793,113,3,5,4,354,Standard,2009-12-06 14:00:00,2011-07-12 12:19:00,582,66,United Kingdom,326.4,64.66666666666667
14549,310,4,916.5500000000001,6.364930555555556,5.410269307636889,144,2,3,3,233,Standard,2009-12-02 14:06:00,2011-02-01 13:47:00,425,117,United Kingdom,34.0,106.25
14550,10,4,1353.31,13.809285714285714,14.311683659697687,98,5,3,4,534,Loyal,2010-08-13 12:05:00,2011-11-29 12:12:00,473,77,United Kingdom,90.0,118.25
14551,17,7,880.04,11.000499999999999,12.179142463213104,80,5,4,3,543,Loyal,2010-01-27 12:06:00,2011-11-21 13:36:00,663,69,United Kingdom,62.5,94.71428571428571
14552,151,3,511.28000000000003,3.25656050955414,2.7459729753315165,157,3,3,2,332,Standard,2010-04-26 13:44:00,2011-07-11 12:49:00,440,124,United Kingdom,15.0,146.66666666666666
14553,18,9,1841.54,6.138466666666667,12.274406673215905,300,5,5,4,554,Champions,2010-07-18 12:07:00,2011-11-20 13:20:00,490,233,United Kingdom,165.0,54.44444444444444
14554,9,4,2381.04,11.023333333333333,10.657547473013427,216,5,3,4,534,Loyal,2011-10-18 13:04:00,2011-11-29 16:44:00,42,147,United Kingdom,72.0,10.5
14555,56,6,2315.63,19.4590756302521,13.371613557768535,119,4,4,4,444,Champions,2009-12-18 11:39:00,2011-10-13 16:24:00,664,94,United Kingdom,60.84,110.66666666666667
14556,595,3,835.34,4.114975369458128,3.851109185005779,203,1,3,3,133,Standard,2010-01-20 11:49:00,2010-04-22 14:57:00,92,158,United Kingdom,23.25,30.666666666666668
14557,84,1,788.38,49.27375,32.494676256273124,16,3,1,3,313,Standard,2011-09-15 15:48:00,2011-09-15 15:48:00,0,16,United Kingdom,102.0,0.0
14558,653,3,655.5,43.7,27.420866663390278,15,1,3,3,133,Standard,2009-12-08 10:41:00,2010-02-23 12:51:00,77,13,United Kingdom,102.0,25.666666666666668
14559,389,1,75.6,37.8,10.18233764908628,2,2,1,1,211,Dormant,2010-11-14 16:05:00,2010-11-14 16:05:00,0,2,United Kingdom,45.0,0.0
14560,6,44,6114.03,30.570149999999998,24.893223199977932,200,5,5,5,555,Champions,2009-12-02 10:15:00,2011-12-02 15:22:00,730,60,United Kingdom,136.0,16.59090909090909
14561,75,3,1080.76,15.6631884057971,6.4672415459747015,69,3,3,3,333,Standard,2011-06-08 13:26:00,2011-09-25 12:39:00,108,67,United Kingdom,39.6,36.0
14562,3,26,6729.400000000001,11.013747954173487,11.989316427087404,611,5,5,5,555,Champions,2010-02-07 14:10:00,2011-12-06 11:05:00,666,245,United Kingdom,99.6,25.615384615384617
14563,509,2,679.44,5.908173913043479,6.2828571529660495,115,1,2,3,123,Dormant,2010-04-26 12:51:00,2010-07-18 12:01:00,82,95,United Kingdom,31.9,41.0
14564,434,2,2605.62,24.35158878504673,14.337401816513859,107,1,2,4,124,At_Risk_HighValue,2009-12-04 09:27:00,2010-10-01 09:02:00,300,107,Channel Islands,76.5,150.0
14565,95,5,3859.2200000000003,24.120125,13.1186648436445,160,3,4,5,345,Standard,2010-08-23 09:48:00,2011-09-05 09:07:00,377,139,United Kingdom,67.5,75.4
14566,110,4,4092.0,255.75,104.51937619408184,16,3,3,5,335,Standard,2010-06-24 10:34:00,2011-08-21 11:05:00,423,9,Channel Islands,358.0,105.75
14567,56,2,1530.3600000000001,46.374545454545455,29.454700504642414,33,4,2,4,424,Standard,2011-08-01 13:48:00,2011-10-14 10:21:00,73,33,United Kingdom,153.0,36.5
14568,434,1,919.7,19.56808510638298,12.49527052063715,47,1,1,3,113,Dormant,2010-09-30 17:15:00,2010-09-30 17:15:00,0,47,Channel Islands,61.2,0.0
14569,0,4,598.98,17.113714285714288,27.538108150419514,35,5,3,2,532,Loyal,2010-04-15 11:49:00,2011-12-08 14:58:00,602,31,United Kingdom,122.4,150.5
14570,280,3,613.75,9.025735294117647,15.605253642357688,68,2,3,2,232,Standard,2010-09-22 13:07:00,2011-03-04 10:58:00,162,64,United Kingdom,100.5,54.0
14571,424,1,161.65,5.214516129032258,5.180656225299185,31,1,1,1,111,Dormant,2010-10-10 15:06:00,2010-10-10 15:06:00,0,30,United Kingdom,19.9,0.0
14572,2,11,5615.18,10.675247148288975,11.628279577770796,526,5,5,5,555,Champions,2010-03-28 13:47:00,2011-12-06 14:40:00,618,336,United Kingdom,102.0,56.18181818181818
14573,179,13,2621.42,6.586482412060302,6.468534472748112,398,3,5,4,354,Standard,2010-01-08 16:34:00,2011-06-13 11:15:00,520,183,United Kingdom,44.85,40.0
14574,732,1,143.70000000000002,13.063636363636364,15.687225549935382,11,1,1,1,111,Dormant,2009-12-07 12:42:00,2009-12-07 12:42:00,0,11,United Kingdom,44.25,0.0
14575,487,1,460.71,6.225810810810811,6.648068420010566,74,1,1,2,112,Dormant,2010-08-08 14:51:00,2010-08-08 14:51:00,0,71,United Kingdom,39.0,0.0
14576,371,1,70.80000000000001,35.400000000000006,0.0,2,2,1,1,211,Dormant,2010-12-02 17:51:00,2010-12-02 17:51:00,0,1,United Kingdom,35.400000000000006,0.0
14577,12,7,1374.25,7.428378378378379,5.619118042312602,185,5,4,4,544,Champions,2009-12-11 12:09:00,2011-11-27 12:47:00,716,104,United Kingdom,53.64,102.28571428571429
14578,2,1,168.63,7.02625,6.038416012066625,24,5,1,1,511,Standard,2011-12-06 17:18:00,2011-12-06 17:18:00,0,24,United Kingdom,28.08,0.0
14579,431,1,105.56,4.2224,3.541811306850399,25,1,1,1,111,Dormant,2010-10-03 14:36:00,2010-10-03 14:36:00,0,24,United Kingdom,15.9,0.0
14580,517,1,14.85,14.85,0.0,1,1,1,1,111,Dormant,2010-07-09 15:20:00,2010-07-09 15:20:00,0,1,United Kingdom,14.85,0.0
14581,16,2,433.8,6.673846153846154,6.004598678384888,65,5,2,2,522,Standard,2010-06-13 15:48:00,2011-11-23 12:39:00,527,59,United Kingdom,27.84,263.5
14582,40,1,114.11,19.018333333333334,12.203352681401398,6,4,1,1,411,Standard,2011-10-30 11:56:00,2011-10-30 11:56:00,0,6,United Kingdom,35.400000000000006,0.0
14583,5,8,1781.03,3.519822134387352,3.4353207537539303,506,5,4,4,544,Champions,2010-03-28 15:16:00,2011-12-04 12:32:00,615,353,United Kingdom,25.5,76.875
14584,168,8,1747.91,7.9090950226244345,6.345290529563324,221,3,4,4,344,Standard,2010-02-17 14:01:00,2011-06-23 18:33:00,491,127,United Kingdom,63.8,61.375
14585,49,5,1143.27,10.29972972972973,27.222217512354252,111,4,4,3,443,Loyal,2010-10-19 12:17:00,2011-10-20 14:33:00,366,88,United Kingdom,204.0,73.2
14586,276,1,237.35999999999999,12.492631578947368,3.031011642826099,19,2,1,1,211,Dormant,2011-03-08 10:04:00,2011-03-08 10:04:00,0,19,United Kingdom,20.4,0.0
14587,18,9,1601.14,4.180522193211488,4.246804864726085,383,5,5,4,554,Champions,2011-01-12 13:16:00,2011-11-21 11:34:00,312,170,United Kingdom,38.25,34.666666666666664
14588,577,1,135.39,8.461875,7.786466223518855,16,1,1,1,111,Dormant,2010-05-10 15:08:00,2010-05-10 15:08:00,0,16,United Kingdom,27.04,0.0
14589,371,1,79.5,13.25,4.105362346979862,6,2,1,1,211,Dormant,2010-12-03 11:42:00,2010-12-03 11:42:00,0,3,United Kingdom,15.9,0.0
14590,424,20,3006.62,14.738333333333333,19.977015836719914,204,1,5,5,155,At_Risk_HighValue,2009-12-07 14:10:00,2010-10-11 12:06:00,307,124,United Kingdom,100.8,15.35
14591,14,4,1447.14,7.345888324873097,7.9312615029566,197,5,3,4,534,Loyal,2011-05-10 14:09:00,2011-11-24 13:57:00,197,138,United Kingdom,58.5,49.25
14592,34,3,570.46,3.4784146341463416,2.9851100706292653,164,4,3,2,432,Loyal,2011-10-06 18:08:00,2011-11-04 16:35:00,28,132,United Kingdom,14.95,9.333333333333334
14593,21,12,3712.0099999999998,5.977471819645732,6.817857946972179,621,4,5,5,455,Champions,2009-12-09 12:57:00,2011-11-18 12:48:00,708,436,United Kingdom,75.0,59.0
14594,6,2,634.83,7.5575,4.110623285486122,84,5,2,3,523,Standard,2010-12-01 13:54:00,2011-12-02 13:28:00,365,48,United Kingdom,17.0,182.5
14595,19,8,2164.45,15.915073529411764,9.117110815613843,136,4,4,4,444,Champions,2010-01-20 13:59:00,2011-11-20 12:12:00,668,119,United Kingdom,59.0,83.5
14596,626,1,229.47,4.025789473684211,5.332751885206449,57,1,1,1,111,Dormant,2010-03-23 12:13:00,2010-03-23 12:13:00,0,50,United Kingdom,39.95,0.0
14597,10,6,2201.54,21.374174757281555,29.17939978163053,103,5,4,4,544,Champions,2010-09-28 13:17:00,2011-11-28 13:13:00,425,79,United Kingdom,122.4,70.83333333333333
14598,43,2,384.03999999999996,4.26711111111111,2.715771765014585,90,4,2,2,422,Standard,2010-05-19 13:07:00,2011-10-26 13:19:00,525,83,United Kingdom,14.85,262.5
14599,389,2,474.54,5.787073170731707,4.9657576816236855,82,2,2,2,222,Dormant,2010-07-18 15:54:00,2010-11-14 14:49:00,118,77,United Kingdom,23.4,59.0
14600,305,2,865.17,16.021666666666665,4.798467031152408,54,2,2,3,223,Dormant,2010-11-11 15:56:00,2011-02-07 09:48:00,87,53,United Kingdom,30.0,43.5
14601,10,1,213.96,30.565714285714286,28.141787941981022,7,5,1,1,511,Standard,2011-11-29 09:48:00,2011-11-29 09:48:00,0,7,United Kingdom,90.0,0.0
14602,655,1,205.35999999999999,6.624516129032258,4.314390523746993,31,1,1,1,111,Dormant,2010-02-21 15:47:00,2010-02-21 15:47:00,0,31,United Kingdom,22.5,0.0
14603,274,1,660.0,330.0,254.55844122715712,2,2,1,3,213,Dormant,2011-03-10 10:27:00,2011-03-10 10:27:00,0,2,United Kingdom,510.0,0.0
14604,632,1,143.85999999999999,6.254782608695652,7.827018397579466,23,1,1,1,111,Dormant,2010-03-16 13:00:00,2010-03-16 13:00:00,0,20,United Kingdom,39.15,0.0
14605,373,4,937.16,8.442882882882882,10.152704197528976,111,2,3,3,233,Standard,2009-12-08 13:59:00,2010-11-30 14:07:00,357,88,United Kingdom,51.0,89.25
14606,0,192,30861.06,4.70013097776424,6.968661212842066,6566,5,5,5,555,Champions,2009-12-03 12:40:00,2011-12-08 19:28:00,735,1262,United Kingdom,139.29999999999998,3.828125
14607,15,22,24137.63,115.49105263157895,169.2710649226278,209,5,5,5,555,Champions,2009-12-15 11:25:00,2011-11-24 10:35:00,708,106,United Kingdom,1293.6,32.18181818181818
14608,3,11,3352.94,77.97534883720931,64.02791944400346,43,5,5,5,555,Champions,2009-12-06 12:34:00,2011-12-05 16:52:00,729,15,United Kingdom,204.0,66.27272727272727
14609,71,10,1486.2,114.32307692307693,80.12394974710698,13,3,5,4,354,Standard,2010-02-09 09:48:00,2011-09-28 12:54:00,596,6,United Kingdom,264.0,59.6
14610,395,2,24.35,2.435,1.7371832245205328,10,2,2,1,221,Dormant,2010-07-13 16:06:00,2010-11-09 10:58:00,118,10,United Kingdom,5.1,59.0
14611,443,2,604.33,15.90342105263158,7.996650743606381,38,1,2,2,122,Dormant,2010-04-20 10:19:00,2010-09-22 09:19:00,154,37,United Kingdom,39.6,77.0
14612,414,1,877.7,62.69285714285714,36.62681792360335,14,1,1,3,113,Dormant,2010-10-20 16:01:00,2010-10-20 16:01:00,0,14,United Kingdom,107.4,0.0
14613,679,1,76.32000000000001,76.32000000000001,0.0,1,1,1,1,111,Dormant,2010-01-28 13:02:00,2010-01-28 13:02:00,0,1,United Kingdom,76.32000000000001,0.0
14614,385,1,295.13,15.533157894736842,4.021905370221624,19,2,1,2,212,Dormant,2010-11-18 13:04:00,2010-11-18 13:04:00,0,19,United Kingdom,25.5,0.0
14615,393,5,951.76,19.828333333333333,8.71992956572504,48,2,4,3,243,Standard,2010-06-09 13:59:00,2010-11-10 13:36:00,153,40,United Kingdom,51.0,30.6
14616,242,5,527.78,105.556,92.21506211026482,5,2,4,2,242,Standard,2010-06-09 09:42:00,2011-04-11 09:54:00,306,3,United Kingdom,237.6,61.2
14617,402,2,190.47,21.163333333333334,13.409975764333058,9,2,2,1,221,Dormant,2010-10-20 10:40:00,2010-11-02 11:41:00,13,7,United Kingdom,54.08,6.5
14618,8,7,1342.32,26.32,20.00060219093415,51,5,4,4,544,Champions,2010-06-11 10:11:00,2011-11-30 13:45:00,537,40,United Kingdom,102.0,76.71428571428571
14619,245,2,1291.24,21.520666666666667,14.042169766507328,60,2,2,4,224,Dormant,2010-06-16 14:41:00,2011-04-08 07:37:00,295,58,United Kingdom,88.0,147.5
14620,205,2,412.78000000000003,15.876153846153848,7.107283068471709,26,2,2,2,222,Dormant,2011-03-01 08:30:00,2011-05-18 11:58:00,78,26,United Kingdom,30.0,39.0
14621,0,9,3000.57,18.871509433962267,10.561946334147736,159,5,5,5,555,Champions,2010-01-25 09:08:00,2011-12-08 16:22:00,682,134,United Kingdom,99.5,75.77777777777777
14622,184,1,320.58000000000004,15.265714285714287,5.071507242850563,21,3,1,2,312,Standard,2011-06-08 12:42:00,2011-06-08 12:42:00,0,21,United Kingdom,23.6,0.0
14623,31,10,2059.58,7.053356164383562,7.913852075748872,292,4,5,4,454,Champions,2010-04-16 17:12:00,2011-11-07 13:56:00,569,193,United Kingdom,60.0,56.9
14624,56,6,814.07,15.962156862745099,5.991391262044397,51,4,4,3,443,Loyal,2010-04-14 10:44:00,2011-10-13 13:44:00,547,39,United Kingdom,44.55,91.16666666666667
14625,195,11,4497.88,16.90932330827068,8.148134611895403,266,2,5,5,255,At_Risk_HighValue,2009-12-16 13:23:00,2011-05-27 15:32:00,527,167,United Kingdom,102.0,47.90909090909091
14626,23,11,5410.92,23.32293103448276,22.754543108234174,232,4,5,5,455,Champions,2009-12-10 14:57:00,2011-11-16 10:37:00,705,181,United Kingdom,187.5,64.0909090909091
14627,378,1,462.75,15.956896551724139,5.683775847249203,29,2,1,2,212,Dormant,2010-11-25 16:32:00,2010-11-25 16:32:00,0,29,United Kingdom,39.6,0.0
14628,90,5,1998.0,23.232558139534884,13.777656608227215,86,3,4,4,344,Standard,2010-01-25 14:40:00,2011-09-09 14:58:00,592,65,United Kingdom,70.80000000000001,118.4
14629,3,2,959.01,6.309276315789473,5.775991311606453,152,5,2,3,523,Standard,2011-10-23 16:13:00,2011-12-05 16:55:00,43,133,United Kingdom,33.3,21.5
14630,483,1,338.65,16.126190476190477,3.7764606130482488,21,1,1,2,112,Dormant,2010-08-12 16:38:00,2010-08-12 16:38:00,0,21,United Kingdom,22.95,0.0
14631,50,6,2025.69,22.26032967032967,19.64787042181244,91,4,4,4,444,Champions,2010-08-09 14:45:00,2011-10-20 11:17:00,436,65,United Kingdom,111.0,72.66666666666667
14632,262,1,114.56,14.32,5.252210419024955,8,2,1,1,211,Dormant,2011-03-22 08:49:00,2011-03-22 08:49:00,0,8,United Kingdom,19.8,0.0
14633,265,1,344.90000000000003,17.245,3.7524342976119844,20,2,1,2,212,Dormant,2011-03-18 17:07:00,2011-03-18 17:07:00,0,20,United Kingdom,27.0,0.0
14634,437,4,2124.46,19.49045871559633,13.777234065346187,109,1,3,4,134,Standard,2010-06-16 09:48:00,2010-09-28 10:40:00,104,105,United Kingdom,127.2,26.0
14635,453,1,215.22,14.348,4.607322122758203,15,1,1,1,111,Dormant,2010-09-12 10:47:00,2010-09-12 10:47:00,0,15,United Kingdom,25.5,0.0
14636,35,2,609.85,21.780357142857145,8.422267875342198,28,4,2,2,422,Standard,2011-03-16 09:52:00,2011-11-03 16:12:00,232,27,United Kingdom,42.96,116.0
14637,676,1,106.68,15.24,5.316690700050174,7,1,1,1,111,Dormant,2010-01-31 15:52:00,2010-01-31 15:52:00,0,7,United Kingdom,20.4,0.0
14638,50,1,443.6,27.725,15.240436126743006,16,4,1,2,412,Standard,2011-10-20 10:10:00,2011-10-20 10:10:00,0,16,United Kingdom,57.8,0.0
14639,51,9,4978.96,17.05123287671233,5.559162510834768,292,4,5,5,455,Champions,2010-02-16 12:35:00,2011-10-18 15:06:00,609,203,United Kingdom,60.0,67.66666666666667
14640,23,10,3667.06,17.97578431372549,8.465218660378985,204,4,5,5,455,Champions,2010-01-22 15:44:00,2011-11-15 13:07:00,661,165,United Kingdom,53.55,66.1
14641,21,1,110.46000000000001,15.780000000000001,11.0416846540734,7,4,1,1,411,Standard,2011-11-18 10:42:00,2011-11-18 10:42:00,0,7,United Kingdom,39.6,0.0
14642,58,1,96.12,48.06,39.965675272663674,2,4,1,1,411,Standard,2011-10-12 11:08:00,2011-10-12 11:08:00,0,2,United Kingdom,76.32000000000001,0.0
14643,169,5,1679.89,27.095000000000002,23.968998334255463,62,3,4,4,344,Standard,2009-12-11 11:52:00,2011-06-22 14:41:00,558,57,United Kingdom,139.8,111.6
14644,67,7,2247.72,36.25354838709677,50.41806666482692,62,3,4,4,344,Standard,2009-12-03 16:24:00,2011-10-03 08:30:00,668,50,United Kingdom,350.4,95.42857142857143
14645,156,3,876.89,18.268541666666668,15.261556066558056,48,3,3,3,333,Standard,2010-03-15 11:33:00,2011-07-06 09:15:00,477,45,United Kingdom,102.0,159.0
14646,1,151,528602.52,137.33502727981295,163.17728044455265,3849,5,5,5,555,Champions,2009-12-02 16:52:00,2011-12-08 12:12:00,735,961,Netherlands,4992.0,4.867549668874172
14647,200,2,519.97,10.195490196078431,16.088921817663913,51,2,2,2,222,Dormant,2010-07-04 13:27:00,2011-05-22 13:40:00,322,42,United Kingdom,99.0,161.0
14648,415,15,4546.86,9.9930989010989,14.182368181933027,455,1,5,5,155,At_Risk_HighValue,2009-12-10 13:59:00,2010-10-19 13:12:00,312,286,United Kingdom,155.51999999999998,20.8
14649,4,9,3775.31,6.600192307692308,9.571461876318486,572,5,5,5,555,Champions,2010-01-20 13:10:00,2011-12-05 12:30:00,683,374,United Kingdom,81.6,75.88888888888889
14650,588,1,62.5,15.625,4.548351349665063,4,1,1,1,111,Dormant,2010-04-29 20:27:00,2010-04-29 20:27:00,0,4,United Kingdom,19.5,0.0
14651,66,9,2034.1200000000001,7.062916666666667,12.16277037113853,288,3,5,4,354,Standard,2010-03-18 11:39:00,2011-10-03 15:52:00,564,216,United Kingdom,178.20000000000002,62.666666666666664
14652,76,1,114.18,3.937241379310345,4.269149209780499,29,3,1,1,311,Standard,2011-09-23 14:21:00,2011-09-23 14:21:00,0,29,United Kingdom,22.5,0.0
14653,0,12,3614.54,9.364093264248705,14.156627334481298,386,5,5,5,555,Champions,2009-12-02 11:51:00,2011-12-08 13:45:00,736,271,United Kingdom,178.31,61.333333333333336
14654,737,1,246.86,9.142962962962963,7.493634126487123,27,1,1,1,111,Dormant,2009-12-01 12:57:00,2009-12-01 12:57:00,0,27,United Kingdom,27.6,0.0
14655,7,7,3878.51,37.655436893203884,35.94612855907692,103,5,4,5,545,Champions,2010-04-22 14:29:00,2011-12-01 16:28:00,588,72,United Kingdom,179.0,84.0
14656,168,5,814.65,3.7890697674418603,3.1638722976236733,215,3,4,3,343,Standard,2010-04-15 12:10:00,2011-06-23 13:51:00,434,148,United Kingdom,17.0,86.8
14657,17,6,1460.87,6.794744186046511,5.415315923046683,215,5,4,4,544,Champions,2010-09-30 19:57:00,2011-11-22 12:47:00,417,143,United Kingdom,30.0,69.5
14658,4,2,247.15,8.522413793103448,9.766963870683231,29,5,2,1,521,Standard,2011-08-14 15:42:00,2011-12-04 15:35:00,111,27,United Kingdom,39.95,55.5
14659,8,9,2529.93,9.999723320158102,6.022338666862119,253,5,5,4,554,Champions,2011-01-28 12:43:00,2011-12-01 12:17:00,306,147,United Kingdom,29.75,34.0
14660,86,2,285.74,9.524666666666667,15.71532586765024,30,3,2,1,321,Standard,2011-08-31 10:40:00,2011-09-14 11:34:00,14,24,United Kingdom,81.36,7.0
14661,26,1,107.95,26.9875,29.2521900889489,4,4,1,1,411,Standard,2011-11-13 11:51:00,2011-11-13 11:51:00,0,4,United Kingdom,66.9,0.0
14662,28,7,1416.33,5.5981422924901185,6.310944269043587,253,4,4,4,444,Champions,2009-12-03 16:47:00,2011-11-11 12:13:00,707,199,United Kingdom,45.0,101.0
14663,429,2,490.6,7.214705882352941,7.819459742109577,68,1,2,2,122,Dormant,2010-10-05 13:12:00,2010-10-05 13:21:00,0,60,United Kingdom,45.0,0.0
14664,19,2,637.89,6.443333333333333,5.612444263620343,99,4,2,3,423,Standard,2011-11-06 14:56:00,2011-11-20 10:59:00,13,78,United Kingdom,30.0,6.5
14665,60,7,2749.65,20.83068181818182,16.553115810717497,132,3,4,4,344,Standard,2010-04-26 11:17:00,2011-10-10 09:14:00,531,94,United Kingdom,163.2,75.85714285714286
14666,23,1,195.25,13.946428571428571,8.870943586219568,14,4,1,1,411,Standard,2011-11-15 12:57:00,2011-11-15 12:57:00,0,14,United Kingdom,30.0,0.0
14667,10,54,21927.14,16.09922173274596,15.551442915801616,1362,5,5,5,555,Champions,2009-12-02 12:38:00,2011-11-29 11:30:00,726,578,United Kingdom,170.0,13.444444444444445
14668,444,1,111.63,9.3025,14.401293581417674,12,1,1,1,111,Dormant,2010-09-20 15:03:00,2010-09-20 15:03:00,0,10,United Kingdom,39.75,0.0
14669,241,7,3243.93,8.212481012658227,5.965241530676576,395,2,4,5,245,At_Risk_HighValue,2009-12-02 13:06:00,2011-04-12 11:43:00,495,334,United Kingdom,35.400000000000006,70.71428571428571
14670,279,3,602.0,3.202127659574468,2.705705151830595,188,2,3,2,232,Standard,2009-12-07 13:59:00,2011-03-04 14:13:00,452,159,United Kingdom,18.75,150.66666666666666
14671,548,2,1127.45,20.49909090909091,14.128935016971544,55,1,2,3,123,Dormant,2010-05-20 18:21:00,2010-06-08 13:39:00,18,48,United Kingdom,70.80000000000001,9.0
14672,234,4,1113.14,10.501320754716982,9.835428291008235,106,2,3,3,233,Standard,2010-01-28 11:33:00,2011-04-19 10:19:00,445,93,United Kingdom,45.0,111.25
14673,2,7,3410.81,20.92521472392638,14.80267974310955,163,5,4,5,545,Champions,2010-10-26 10:14:00,2011-12-06 14:31:00,406,86,United Kingdom,122.4,58.0
14674,508,1,173.66,12.404285714285715,5.31147482674679,14,1,1,1,111,Dormant,2010-07-18 14:25:00,2010-07-18 14:25:00,0,14,United Kingdom,25.5,0.0
14675,15,2,1066.9,4.4454166666666675,5.942122860850735,240,5,2,3,523,Standard,2010-11-16 12:22:00,2011-11-23 12:58:00,372,196,United Kingdom,60.84,186.0
14676,30,12,8356.79,62.833007518797,35.004537064911055,133,4,5,5,455,Champions,2010-03-10 09:30:00,2011-11-08 13:29:00,608,77,United Kingdom,178.20000000000002,50.666666666666664
14677,592,1,184.91,13.207857142857142,4.784578075717582,14,1,1,1,111,Dormant,2010-04-26 09:48:00,2010-04-26 09:48:00,0,14,United Kingdom,20.4,0.0
14678,578,1,403.39,16.807916666666667,7.341462938659443,24,1,1,2,112,Dormant,2010-05-09 14:32:00,2010-05-09 14:32:00,0,24,United Kingdom,45.0,0.0
14679,381,3,1289.44,20.467301587301588,13.095092925602273,63,2,3,4,234,Standard,2009-12-08 17:13:00,2010-11-23 11:51:00,349,49,United Kingdom,81.6,116.33333333333333
14680,24,58,57412.77,44.437128482972135,66.55370450474516,1292,4,5,5,455,Champions,2009-12-04 12:36:00,2011-11-14 16:59:00,710,222,United Kingdom,622.5,12.241379310344827
14681,70,6,875.1500000000001,43.75750000000001,73.84768156393551,20,3,4,3,343,Standard,2010-02-24 08:54:00,2011-09-29 15:52:00,582,19,United Kingdom,340.0,97.0
14682,187,6,1514.81,17.61406976744186,5.978725887857216,86,3,4,4,344,Standard,2010-02-05 14:47:00,2011-06-05 12:12:00,484,79,United Kingdom,34.8,80.66666666666667
14683,587,1,146.56,6.979047619047619,3.0075303901405634,21,1,1,1,111,Dormant,2010-04-30 17:18:00,2010-04-30 17:18:00,0,21,United Kingdom,12.8,0.0
14684,25,6,1468.55,2.829576107899807,3.8501379172869594,519,4,4,4,444,Champions,2010-11-14 14:07:00,2011-11-14 11:33:00,364,272,United Kingdom,61.2,60.666666666666664
14685,575,8,4619.79,23.69123076923077,31.446268811875576,195,1,4,5,145,At_Risk_HighValue,2009-12-13 11:32:00,2010-05-12 13:08:00,150,109,United Kingdom,238.8,18.75
14686,413,5,885.83,3.769489361702128,3.9370768467364936,235,1,4,3,143,Standard,2010-02-18 18:29:00,2010-10-21 18:31:00,245,185,United Kingdom,35.400000000000006,49.0
14687,106,3,1402.06,35.0515,28.162131379676392,40,3,3,4,334,Standard,2010-06-06 10:36:00,2011-08-25 11:59:00,445,34,United Kingdom,120.0,148.33333333333334
14688,7,28,7713.57,15.036198830409356,19.297473335243957,513,5,5,5,555,Champions,2010-09-09 12:35:00,2011-12-02 12:26:00,448,197,United Kingdom,153.0,16.0
14689,208,1,112.80000000000001,8.676923076923078,6.937477188689686,13,2,1,1,211,Dormant,2011-05-15 11:22:00,2011-05-15 11:22:00,0,13,United Kingdom,30.0,0.0
14690,43,4,794.33,7.565047619047619,7.098573681734826,105,4,3,3,433,Loyal,2010-10-25 12:20:00,2011-10-26 15:39:00,366,69,United Kingdom,53.7,91.5
14691,30,5,2114.33,29.779295774647885,24.478897753192804,71,4,4,4,444,Champions,2011-05-11 09:55:00,2011-11-09 12:30:00,182,50,United Kingdom,122.04,36.4
14692,136,12,1745.09,10.706073619631901,10.381322939291284,163,3,5,4,354,Standard,2010-04-01 14:04:00,2011-07-25 15:08:00,480,101,United Kingdom,72.0,40.0
14693,264,7,1165.3600000000001,15.538133333333334,25.742108562144345,75,2,4,3,243,Standard,2010-07-02 08:28:00,2011-03-20 12:50:00,261,43,United Kingdom,127.5,37.285714285714285
14694,616,1,244.31,16.287333333333333,6.426813770298254,15,1,1,1,111,Dormant,2010-04-01 19:46:00,2010-04-01 19:46:00,0,15,United Kingdom,35.400000000000006,0.0
14695,518,3,1620.07,18.83802325581395,22.337396489494125,86,1,3,4,134,Standard,2009-12-07 11:05:00,2010-07-08 14:18:00,213,76,United Kingdom,153.0,71.0
14696,3,8,2767.9,16.092441860465115,7.060219242830491,172,5,4,4,544,Champions,2010-10-14 11:43:00,2011-12-05 13:43:00,417,137,United Kingdom,51.0,52.125
14697,217,2,188.61,8.57318181818182,7.998398879277943,22,2,2,1,221,Dormant,2011-05-05 15:29:00,2011-05-05 15:39:00,0,22,United Kingdom,39.84,0.0
14698,1,5,1250.76,5.9559999999999995,4.2498480918531385,210,5,4,4,544,Champions,2011-10-19 12:54:00,2011-12-08 12:26:00,49,148,United Kingdom,29.85,9.8
14699,213,4,702.6,14.052,5.496193116649943,50,2,3,3,233,Standard,2010-07-02 12:04:00,2011-05-09 14:54:00,311,45,United Kingdom,35.400000000000006,77.75
14700,31,5,3116.26,18.33094117647059,13.966075009821164,170,4,4,5,445,Champions,2010-08-11 12:19:00,2011-11-07 14:40:00,453,111,United Kingdom,76.19999999999999,90.6
14701,10,15,4562.09,7.40599025974026,15.743495722182436,616,5,5,5,555,Champions,2010-01-24 12:15:00,2011-11-29 12:38:00,674,455,United Kingdom,323.55,44.93333333333333
14702,0,29,6754.22,9.367850208044382,7.379154231856875,721,5,5,5,555,Champions,2009-12-10 20:22:00,2011-12-08 19:29:00,727,338,United Kingdom,59.85,25.06896551724138
14703,14,1,318.17,14.462272727272728,3.7765390200151474,22,5,1,2,512,Standard,2011-11-25 09:23:00,2011-11-25 09:23:00,0,22,United Kingdom,19.8,0.0
14704,10,11,1813.57,3.7548033126293996,3.3507317143274546,483,5,5,4,554,Champions,2010-03-25 17:21:00,2011-11-28 12:51:00,612,319,United Kingdom,29.9,55.63636363636363
14705,198,1,179.0,179.0,0.0,1,2,1,1,211,Dormant,2011-05-25 12:39:00,2011-05-25 12:39:00,0,1,United Kingdom,179.0,0.0
14706,618,1,390.69,13.953214285714285,10.385238474614011,28,1,1,2,112,Dormant,2010-03-31 11:09:00,2010-03-31 11:09:00,0,25,United Kingdom,44.25,0.0
14707,435,2,139.2,69.6,0.0,2,1,2,1,121,Dormant,2010-05-12 11:07:00,2010-09-30 11:37:00,141,1,United Kingdom,69.6,70.5
14708,2,5,2212.28,41.741132075471704,43.17211986119217,53,5,4,4,544,Champions,2010-09-10 10:26:00,2011-12-07 08:21:00,452,27,United Kingdom,162.72,90.4
14709,14,25,8886.33,24.891680672268908,12.554373313799376,357,5,5,5,555,Champions,2009-12-05 15:26:00,2011-11-24 15:41:00,719,105,United Kingdom,64.5,28.76
14710,13,13,1922.59,4.349751131221719,4.087176859049888,442,5,5,4,554,Champions,2009-12-03 17:12:00,2011-11-25 14:53:00,721,310,United Kingdom,29.7,55.46153846153846
14711,9,11,2868.8,8.035854341736695,17.45514545885997,357,5,5,4,554,Champions,2011-03-22 13:32:00,2011-11-29 14:58:00,252,221,United Kingdom,195.0,22.90909090909091
14712,28,4,1328.0700000000002,41.502187500000005,34.34267041436231,32,4,3,4,434,Loyal,2010-10-17 14:49:00,2011-11-10 12:59:00,388,24,United Kingdom,102.0,97.0
14713,8,21,5418.87,7.719188034188034,9.007227264352599,702,5,5,5,555,Champions,2009-12-03 19:22:00,2011-11-30 16:26:00,726,222,United Kingdom,102.0,34.57142857142857
14714,23,4,906.24,9.744516129032258,9.553544472685772,93,4,3,3,433,Loyal,2010-01-21 11:51:00,2011-11-15 13:07:00,663,64,United Kingdom,80.64,165.75
14715,24,8,1840.45,13.336594202898551,18.1704640218249,138,4,4,4,444,Champions,2010-01-19 12:18:00,2011-11-15 12:10:00,664,102,United Kingdom,163.2,83.0
14716,42,3,565.45,5.6545000000000005,6.2926133343593875,100,4,3,2,432,Loyal,2010-09-21 12:07:00,2011-10-27 17:29:00,401,85,United Kingdom,50.4,133.66666666666666
14717,732,1,81.3,7.390909090909091,4.0332876280906484,11,1,1,1,111,Dormant,2009-12-06 13:05:00,2009-12-06 13:05:00,0,11,United Kingdom,14.85,0.0
14718,409,1,226.42,20.583636363636362,10.107484625491422,11,2,1,1,211,Dormant,2010-10-25 13:07:00,2010-10-25 13:07:00,0,11,United Kingdom,40.8,0.0
14719,1,5,1602.13,6.7600421940928275,5.719799428886181,237,5,4,4,544,Champions,2011-04-04 14:17:00,2011-12-08 12:43:00,247,177,United Kingdom,30.0,49.4
14720,5,3,663.81,17.94081081081081,8.472495820915784,37,5,3,3,533,Loyal,2011-08-05 12:06:00,2011-12-04 12:02:00,120,34,United Kingdom,60.0,40.0
14721,378,1,115.77,4.2877777777777775,2.831844103343442,27,2,1,1,211,Dormant,2010-11-25 13:08:00,2010-11-25 13:08:00,0,24,United Kingdom,10.2,0.0
14722,146,3,513.37,5.461382978723404,4.682603724072368,94,3,3,2,332,Standard,2010-08-10 13:28:00,2011-07-15 14:58:00,339,72,United Kingdom,30.0,113.0
14723,9,11,2093.06,4.3514760914760915,4.586925861432836,481,5,5,4,554,Champions,2009-12-04 11:22:00,2011-11-29 15:23:00,725,287,United Kingdom,35.400000000000006,65.9090909090909
14724,589,1,345.25,8.029069767441861,7.683938044776845,43,1,1,2,112,Dormant,2010-04-28 13:26:00,2010-04-28 13:26:00,0,40,United Kingdom,39.9,0.0
14725,24,4,1315.24,12.526095238095238,10.52973678311152,105,4,3,4,434,Loyal,2010-06-23 11:34:00,2011-11-15 12:42:00,510,85,United Kingdom,78.0,127.5
14726,654,1,124.75,6.565789473684211,8.065169500037026,19,1,1,1,111,Dormant,2010-02-23 12:35:00,2010-02-23 12:35:00,0,15,United Kingdom,30.0,0.0
14727,273,3,467.93,9.95595744680851,12.152150759643595,47,2,3,2,232,Standard,2010-06-11 13:23:00,2011-03-10 14:45:00,272,43,United Kingdom,50.85,90.66666666666667
14728,412,1,190.58,13.612857142857143,6.01852196086436,14,1,1,1,111,Dormant,2010-10-22 15:57:00,2010-10-22 15:57:00,0,14,United Kingdom,29.85,0.0
14729,373,3,907.38,4.362403846153846,3.8062580036973035,208,2,3,3,233,Standard,2010-03-24 13:30:00,2010-12-01 12:43:00,251,126,United Kingdom,19.9,83.66666666666667
14730,0,8,2005.06,4.0021157684630735,4.191148233428505,501,5,4,4,544,Champions,2011-03-08 12:49:00,2011-12-08 14:39:00,275,317,United Kingdom,35.400000000000006,34.375
14731,46,3,380.02,8.444888888888888,6.564212070081991,45,4,3,2,432,Loyal,2011-05-11 13:06:00,2011-10-23 15:54:00,165,38,United Kingdom,24.9,55.0
14732,7,19,5517.07,19.9172202166065,13.197864144225942,277,5,5,5,555,Champions,2009-12-09 10:48:00,2011-12-01 14:34:00,722,162,United Kingdom,120.0,38.0
14733,15,15,16184.97,46.50853448275862,36.235128709597724,348,5,5,5,555,Champions,2010-11-02 15:42:00,2011-11-23 15:39:00,385,140,United Kingdom,204.0,25.666666666666668
14734,425,4,1056.42,16.76857142857143,5.301034243928211,63,1,3,3,133,Standard,2010-06-06 15:15:00,2010-10-10 12:04:00,125,48,United Kingdom,35.400000000000006,31.25
14735,3,56,12240.16,33.44306010928962,24.690496090306038,366,5,5,5,555,Champions,2009-12-04 11:32:00,2011-12-06 12:09:00,732,198,United Kingdom,244.8,13.071428571428571
14736,484,2,401.08,4.0108,4.410553615128059,100,1,2,2,122,Dormant,2010-08-11 15:13:00,2010-08-11 15:21:00,0,70,United Kingdom,25.5,0.0
14737,3,4,3554.17,78.98155555555556,62.27965916133875,45,5,3,5,535,Loyal,2010-11-04 11:29:00,2011-12-06 10:16:00,396,28,United Kingdom,306.0,99.0
14738,42,9,1821.9,22.77375,14.379324324806596,80,4,5,4,454,Champions,2009-12-07 10:21:00,2011-10-28 08:56:00,689,58,United Kingdom,88.80000000000001,76.55555555555556
14739,3,25,12287.5,47.998046875,38.59953010094139,256,5,5,5,555,Champions,2009-12-02 13:23:00,2011-12-05 16:54:00,733,129,United Kingdom,184.32,29.32
14740,196,11,4161.06,18.013246753246754,9.62959705349924,231,2,5,5,255,At_Risk_HighValue,2010-02-25 11:40:00,2011-05-26 18:17:00,455,173,United Kingdom,87.45,41.36363636363637
14741,11,7,1897.5900000000001,22.32458823529412,15.06323461381427,85,5,4,4,544,Champions,2010-10-18 09:33:00,2011-11-28 08:48:00,405,48,United Kingdom,93.6,57.857142857142854
14742,434,1,579.85,17.054411764705883,6.175555031454587,34,1,1,2,112,Dormant,2010-09-30 14:07:00,2010-09-30 14:07:00,0,34,United Kingdom,40.8,0.0
14743,592,1,50.480000000000004,16.826666666666668,5.5708287833439405,3,1,1,1,111,Dormant,2010-04-26 10:26:00,2010-04-26 10:26:00,0,3,United Kingdom,20.28,0.0
14744,15,14,3885.08,32.10809917355372,45.61782667470488,121,5,5,5,555,Champions,2010-05-18 14:06:00,2011-11-23 12:51:00,553,57,United Kingdom,362.5,39.5
14745,112,12,2571.81,18.239787234042552,9.081450597476561,141,3,5,4,354,Standard,2010-03-12 10:33:00,2011-08-19 10:05:00,524,74,United Kingdom,70.80000000000001,43.666666666666664
14746,405,4,593.5,65.94444444444444,49.95831039754825,9,2,3,2,232,Standard,2010-10-12 11:06:00,2010-10-29 14:44:00,17,7,United Kingdom,174.0,4.25
14747,248,1,328.2,18.233333333333334,5.605197168175053,18,2,1,2,212,Dormant,2011-04-04 14:09:00,2011-04-04 14:09:00,0,18,United Kingdom,33.9,0.0
14748,28,10,3152.32,16.504293193717277,7.215076714616104,191,4,5,5,455,Champions,2010-03-04 17:08:00,2011-11-10 18:33:00,616,129,United Kingdom,39.6,61.6
14749,479,1,310.15,17.230555555555554,5.700596947299077,18,1,1,2,112,Dormant,2010-08-17 12:36:00,2010-08-17 12:36:00,0,18,United Kingdom,30.0,0.0
14750,735,1,112.03,3.5009375,2.9777653012815044,32,1,1,1,111,Dormant,2009-12-03 17:57:00,2009-12-03 17:57:00,0,32,United Kingdom,10.5,0.0
14751,683,2,126.45,18.064285714285713,7.543800671506942,7,1,2,1,121,Dormant,2009-12-13 14:08:00,2010-01-24 13:37:00,41,7,United Kingdom,29.700000000000003,20.5
14752,43,1,389.64000000000004,77.92800000000001,74.02276622769512,5,4,1,2,412,Standard,2011-10-27 11:55:00,2011-10-27 11:55:00,0,5,United Kingdom,208.8,0.0
14753,86,2,869.51,18.114791666666665,5.841803856352875,48,3,2,3,323,Standard,2010-09-05 11:04:00,2011-09-13 14:50:00,373,45,United Kingdom,35.400000000000006,186.5
14754,44,6,1550.48,11.317372262773723,6.43559406623829,137,4,4,4,444,Champions,2010-01-18 11:04:00,2011-10-26 12:01:00,646,110,United Kingdom,35.7,107.66666666666667
14755,9,25,9972.550000000001,20.99484210526316,10.302512092082502,475,5,5,5,555,Champions,2009-12-03 16:51:00,2011-11-30 11:24:00,726,219,United Kingdom,81.6,29.04
14756,14,3,2653.76,22.300504201680674,14.674700981490853,119,5,3,4,534,Loyal,2010-10-11 11:50:00,2011-11-24 18:13:00,409,102,United Kingdom,89.69999999999999,136.33333333333334
14757,74,1,420.5,22.13157894736842,8.996419820719977,19,3,1,2,312,Standard,2011-09-25 14:36:00,2011-09-25 14:36:00,0,19,United Kingdom,40.56,0.0
14758,144,7,2864.9700000000003,21.06595588235294,8.449970710330692,136,3,4,4,344,Standard,2010-04-08 08:27:00,2011-07-18 08:21:00,465,91,United Kingdom,59.7,66.42857142857143
14759,4,3,1625.97,15.940882352941177,4.748204476262407,102,5,3,4,534,Loyal,2011-04-21 10:55:00,2011-12-05 12:03:00,228,92,United Kingdom,35.400000000000006,76.0
14760,296,1,89.2,17.84,4.9439862459355615,5,2,1,1,211,Dormant,2011-02-15 16:27:00,2011-02-15 16:27:00,0,5,United Kingdom,23.8,0.0
14761,58,3,447.92,18.663333333333334,11.844755826090722,24,4,3,2,432,Loyal,2010-09-21 14:22:00,2011-10-12 12:10:00,385,21,United Kingdom,51.0,128.33333333333334
14762,263,2,417.57,13.919,6.61817005127446,30,2,2,2,222,Dormant,2010-03-23 15:36:00,2011-03-21 08:20:00,362,28,United Kingdom,33.0,181.0
14764,46,1,278.3,46.38333333333333,26.423808708561808,6,4,1,1,411,Standard,2011-10-24 11:54:00,2011-10-24 11:54:00,0,6,United Kingdom,88.80000000000001,0.0
14765,28,3,254.11,6.515641025641026,7.563278944615362,39,4,3,1,431,HighEngagement_LowValue,2011-06-16 19:49:00,2011-11-10 19:53:00,147,38,United Kingdom,31.6,49.0
14766,7,11,6556.13,19.282735294117646,12.435587760076867,340,5,5,5,555,Champions,2010-06-06 11:11:00,2011-12-01 16:05:00,543,251,United Kingdom,131.39999999999998,49.36363636363637
14767,473,1,382.81,21.267222222222223,13.54582193261322,18,1,1,2,112,Dormant,2010-08-22 14:54:00,2010-08-22 14:54:00,0,18,United Kingdom,59.7,0.0
14768,16,2,192.60000000000002,38.52,17.95318913173924,5,5,2,1,521,Standard,2011-08-04 13:25:00,2011-11-22 12:54:00,109,4,United Kingdom,59.400000000000006,54.5
14769,2,17,15771.880000000001,11.06022440392707,9.148362811183555,1426,5,5,5,555,Champions,2009-12-16 09:17:00,2011-12-07 10:24:00,721,834,United Kingdom,165.0,42.411764705882355
14770,231,8,3637.6400000000003,18.46517766497462,9.859461352277298,197,2,4,5,245,At_Risk_HighValue,2010-02-25 18:58:00,2011-04-21 14:21:00,419,152,United Kingdom,76.5,52.375
14771,620,2,594.62,12.651489361702128,5.030226020820192,47,1,2,2,122,Dormant,2009-12-03 09:44:00,2010-03-28 12:52:00,115,46,United Kingdom,30.0,57.5
14772,111,1,139.26,15.473333333333333,4.28952503198198,9,3,1,1,311,Standard,2011-08-19 15:04:00,2011-08-19 15:04:00,0,9,United Kingdom,24.96,0.0
14773,592,1,140.55,14.055000000000001,2.5413743001245086,10,1,1,1,111,Dormant,2010-04-26 10:29:00,2010-04-26 10:29:00,0,10,United Kingdom,19.8,0.0
14774,528,1,241.45000000000002,18.573076923076925,4.247038938318053,13,1,1,1,111,Dormant,2010-06-29 12:26:00,2010-06-29 12:26:00,0,13,United Kingdom,30.0,0.0
14775,57,3,1418.46,17.73075,10.254671028921035,80,4,3,4,434,Loyal,2010-12-02 16:38:00,2011-10-12 15:27:00,313,57,United Kingdom,50.400000000000006,104.33333333333333
14776,50,15,3708.2999999999997,19.51736842105263,13.17820320070219,190,4,5,5,455,Champions,2010-09-19 14:12:00,2011-10-19 15:34:00,395,68,United Kingdom,100.8,26.333333333333332
14777,403,1,307.56,19.2225,7.87477618729574,16,2,1,2,212,Dormant,2010-11-01 12:50:00,2010-11-01 12:50:00,0,16,United Kingdom,33.9,0.0
14778,126,2,730.86,20.881714285714285,12.360369422833106,35,3,2,3,323,Standard,2011-02-04 11:43:00,2011-08-04 15:23:00,181,34,United Kingdom,59.400000000000006,90.5
14779,280,3,386.15,9.418292682926829,9.344956902639796,41,2,3,2,232,Standard,2011-01-20 12:04:00,2011-03-04 12:42:00,43,40,United Kingdom,39.95,14.333333333333334
14780,54,2,447.68,16.58074074074074,5.786745415786192,27,4,2,2,422,Standard,2011-09-21 15:15:00,2011-10-16 12:46:00,24,26,United Kingdom,29.85,12.0
14782,319,1,200.10000000000002,33.35,28.758981205877234,6,2,1,1,211,Dormant,2011-01-24 11:12:00,2011-01-24 11:12:00,0,6,United Kingdom,90.0,0.0
14783,658,1,307.3,18.076470588235296,8.502929598950345,17,1,1,2,112,Dormant,2010-02-18 16:16:00,2010-02-18 16:16:00,0,17,United Kingdom,35.400000000000006,0.0
14784,25,3,449.93,16.664074074074076,9.508344618224427,27,4,3,2,432,Loyal,2010-11-15 09:49:00,2011-11-13 13:30:00,363,25,United Kingdom,40.56,121.0
14785,9,2,77.4,25.8,14.677820001621495,3,5,2,1,521,Standard,2011-11-24 13:40:00,2011-11-29 13:21:00,4,2,United Kingdom,37.92,2.0
14786,549,1,90.96,12.994285714285713,5.265760018404614,7,1,1,1,111,Dormant,2010-06-07 13:42:00,2010-06-07 13:42:00,0,7,United Kingdom,20.4,0.0
14787,470,1,110.65,7.376666666666667,4.627783589622678,15,1,1,1,111,Dormant,2010-08-25 14:38:00,2010-08-25 14:38:00,0,14,United Kingdom,16.5,0.0
14788,6,3,1156.32,19.93655172413793,13.183714641952605,58,5,3,3,533,Loyal,2010-04-22 18:16:00,2011-12-02 17:06:00,588,53,United Kingdom,74.25,196.0
14789,28,1,197.64,32.94,13.975492835674887,6,4,1,1,411,Standard,2011-11-11 08:59:00,2011-11-11 08:59:00,0,6,United Kingdom,59.400000000000006,0.0
14790,16,10,2526.62,17.42496551724138,10.086101143827822,145,5,5,4,554,Champions,2009-12-11 14:37:00,2011-11-23 09:28:00,711,65,United Kingdom,85.0,71.1
14791,606,1,303.63,15.980526315789474,2.953328581042472,19,1,1,2,112,Dormant,2010-04-12 10:24:00,2010-04-12 10:24:00,0,19,United Kingdom,23.8,0.0
14792,63,1,6.2,3.1,1.6263455967290594,2,3,1,1,311,Standard,2011-10-07 09:19:00,2011-10-07 09:19:00,0,2,United Kingdom,4.25,0.0
14793,20,2,625.9,16.048717948717947,4.814752100240949,39,4,2,3,423,Standard,2010-06-22 16:54:00,2011-11-18 14:50:00,513,39,United Kingdom,25.200000000000003,256.5
14794,2,10,1953.9,18.7875,19.613927474396192,104,5,5,4,554,Champions,2010-08-09 15:44:00,2011-12-07 10:11:00,484,85,United Kingdom,159.9,48.4
14795,165,1,131.45000000000002,21.908333333333335,9.216746533710618,6,3,1,1,311,Standard,2011-06-26 13:04:00,2011-06-26 13:04:00,0,6,United Kingdom,31.8,0.0
14796,0,27,10889.64,7.012002575660013,8.568641005457383,1553,5,5,5,555,Champions,2009-12-14 15:06:00,2011-12-08 15:31:00,724,487,United Kingdom,100.8,26.814814814814813
14797,506,1,300.31,18.769375,5.918683940145254,16,1,1,2,112,Dormant,2010-07-20 14:07:00,2010-07-20 14:07:00,0,16,United Kingdom,35.400000000000006,0.0
14798,52,8,724.31,14.781836734693876,6.656738964347015,49,4,4,3,443,Loyal,2010-03-01 08:38:00,2011-10-18 10:58:00,596,30,United Kingdom,30.0,74.5
14799,50,2,338.15000000000003,14.70217391304348,9.572064922338877,23,4,2,2,422,Standard,2009-12-02 11:18:00,2011-10-19 16:16:00,686,20,United Kingdom,30.0,343.0
14800,47,17,7774.32,11.85109756097561,12.082694002830651,656,4,5,5,455,Champions,2010-09-30 14:38:00,2011-10-23 12:46:00,387,337,United Kingdom,106.0,22.764705882352942
14801,60,1,193.14,3.273559322033898,2.047275534167185,59,3,1,1,311,Standard,2011-10-09 15:24:00,2011-10-09 15:24:00,0,56,United Kingdom,8.5,0.0
14802,437,2,1502.98,751.49,837.1437182467537,2,1,2,4,124,Dormant,2010-09-27 16:32:00,2010-09-27 16:34:00,0,1,United Kingdom,1343.44,0.0
14803,161,3,845.5500000000001,19.217045454545456,38.86422301555167,44,3,3,3,333,Standard,2011-02-20 13:21:00,2011-06-30 13:58:00,130,35,United Kingdom,175.2,43.333333333333336
14804,8,1,353.27,29.439166666666665,18.155616440466385,12,5,1,2,512,Standard,2011-12-01 11:20:00,2011-12-01 11:20:00,0,12,United Kingdom,63.75,0.0
14805,14,7,1104.64,8.368484848484849,9.008114449265529,132,5,4,3,543,Loyal,2010-03-28 12:34:00,2011-11-24 16:20:00,606,88,United Kingdom,70.8,86.57142857142857
14806,74,2,303.43,15.1715,5.024552637850092,20,3,2,2,322,Standard,2010-09-26 15:50:00,2011-09-25 15:32:00,363,17,United Kingdom,25.200000000000003,181.5
14807,390,2,519.29,12.982249999999999,16.37137471907316,40,2,2,2,222,Dormant,2010-02-28 11:33:00,2010-11-14 12:47:00,259,37,United Kingdom,101.15,129.5
14808,39,8,2741.17,11.664553191489363,16.938191134930566,235,4,4,4,444,Champions,2011-06-20 12:53:00,2011-10-31 12:21:00,132,176,United Kingdom,125.0,16.5
14809,620,2,686.76,38.153333333333336,41.24151064158538,18,1,2,3,123,Dormant,2010-03-28 15:42:00,2010-03-28 15:44:00,0,18,United Kingdom,162.0,0.0
14810,40,13,2537.02,7.806215384615385,5.269178738958844,325,4,5,4,454,Champions,2010-10-06 13:12:00,2011-10-30 11:19:00,388,125,United Kingdom,35.400000000000006,29.846153846153847
14811,386,1,170.5,6.089285714285714,4.106506967107139,28,2,1,1,211,Dormant,2010-11-17 13:09:00,2010-11-17 13:09:00,0,28,United Kingdom,15.3,0.0
14812,598,1,185.8,5.021621621621622,2.7057690563287524,37,1,1,1,111,Dormant,2010-04-20 12:13:00,2010-04-20 12:13:00,0,36,United Kingdom,11.9,0.0
14813,369,4,1090.87,6.163107344632768,5.690891941075895,177,2,3,3,233,Standard,2010-04-08 11:49:00,2010-12-05 11:57:00,241,110,United Kingdom,43.9,60.25
14814,580,1,160.46,5.014375,4.871851299110551,32,1,1,1,111,Dormant,2010-05-07 14:10:00,2010-05-07 14:10:00,0,28,United Kingdom,22.5,0.0
14815,36,2,778.5,14.68867924528302,5.0797425880178695,53,4,2,3,423,Standard,2011-10-03 11:36:00,2011-11-03 11:36:00,31,53,United Kingdom,30.0,15.5
14816,196,1,271.85,67.9625,65.8660430343284,4,2,1,1,211,Dormant,2011-05-26 13:16:00,2011-05-26 13:16:00,0,4,United Kingdom,125.0,0.0
14817,199,7,3959.86,17.216782608695652,9.7774759915206,230,2,4,5,245,At_Risk_HighValue,2010-03-22 12:10:00,2011-05-23 13:35:00,427,142,United Kingdom,88.0,61.0
14818,73,6,1170.41,10.938411214953272,12.358758268633405,107,3,4,3,343,Standard,2010-03-02 12:48:00,2011-09-27 11:01:00,573,87,United Kingdom,75.0,95.5
14819,63,4,470.16,8.24842105263158,9.944160488424796,57,3,3,2,332,Standard,2009-12-21 15:54:00,2011-10-06 13:41:00,653,52,United Kingdom,51.0,163.25
14820,20,9,1274.76,19.918125,12.804693940300252,64,4,5,4,454,Champions,2010-01-31 12:49:00,2011-11-18 15:41:00,656,51,United Kingdom,79.95,72.88888888888889
14821,366,7,1286.45,17.867361111111112,16.274935710312484,72,2,4,4,244,Standard,2010-02-01 13:33:00,2010-12-08 08:43:00,309,65,United Kingdom,76.7,44.142857142857146
14822,484,1,157.7,17.522222222222222,5.563447172791744,9,1,1,1,111,Dormant,2010-08-11 12:52:00,2010-08-11 12:52:00,0,9,United Kingdom,30.0,0.0
14823,179,3,321.43,4.591857142857143,2.953316138035366,70,3,3,2,332,HighEngagement_LowValue,2011-05-29 12:48:00,2011-06-12 13:12:00,14,56,United Kingdom,12.75,4.666666666666667
14824,9,10,4022.9100000000003,25.461455696202535,19.524665824911263,158,5,5,5,555,Champions,2010-03-12 13:07:00,2011-11-29 14:20:00,627,84,United Kingdom,166.4,62.7
14825,3,24,4925.08,15.887354838709678,11.726574504721416,310,5,5,5,555,Champions,2010-04-06 14:14:00,2011-12-06 11:38:00,608,187,United Kingdom,85.0,25.333333333333332
14826,581,2,385.2,38.519999999999996,32.63378617322851,10,1,2,2,122,Dormant,2010-01-13 13:08:00,2010-05-07 09:00:00,113,10,United Kingdom,102.0,56.5
14828,196,13,9839.460000000001,97.42039603960397,67.45573345418151,101,2,5,5,255,At_Risk_HighValue,2009-12-07 11:19:00,2011-05-27 10:16:00,535,72,United Kingdom,432.0,41.15384615384615
14829,28,7,1692.84,15.389454545454544,6.90127469097559,110,4,4,4,444,Champions,2010-09-29 13:14:00,2011-11-10 16:16:00,407,77,United Kingdom,34.8,58.142857142857146
14830,52,1,197.13,4.92825,4.755697736561742,40,4,1,1,411,Standard,2011-10-17 14:29:00,2011-10-17 14:29:00,0,39,United Kingdom,22.880000000000003,0.0
14831,679,3,1676.57,20.445975609756097,11.974509537599625,82,1,3,4,134,Standard,2009-12-02 09:21:00,2010-01-28 14:31:00,57,67,United Kingdom,86.0,19.0
14832,629,1,322.69,322.69,0.0,1,1,1,2,112,Dormant,2010-03-19 15:14:00,2010-03-19 15:14:00,0,1,United Kingdom,322.69,0.0
14833,498,1,94.8,13.542857142857143,3.2051298168494116,7,1,1,1,111,Dormant,2010-07-29 10:06:00,2010-07-29 10:06:00,0,7,United Kingdom,15.3,0.0
14834,17,7,2206.16,25.35816091954023,16.972141094235607,87,5,4,4,544,Champions,2010-10-28 17:37:00,2011-11-22 10:30:00,389,55,United Kingdom,128.88,55.57142857142857
14835,528,2,297.0,148.5,42.00214280248092,2,1,2,2,122,Dormant,2010-04-01 19:34:00,2010-06-29 10:08:00,88,1,United Kingdom,178.2,44.0
14836,9,3,102.45,17.075,7.621663204314396,6,5,3,1,531,HighEngagement_LowValue,2011-11-09 13:26:00,2011-11-29 16:45:00,20,5,United Kingdom,23.4,6.666666666666667
14837,89,9,3460.32,16.556555023923444,8.20175787900692,209,3,5,5,355,Standard,2010-01-24 10:20:00,2011-09-11 10:58:00,595,171,United Kingdom,75.60000000000001,66.11111111111111
14838,422,2,773.6700000000001,10.896760563380283,12.344875255360925,71,1,2,3,123,Dormant,2009-12-03 09:52:00,2010-10-12 15:46:00,313,69,United Kingdom,83.4,156.5
14839,417,3,915.28,12.368648648648648,6.144198360347714,74,1,3,3,133,Standard,2010-01-04 16:29:00,2010-10-17 13:01:00,285,61,United Kingdom,25.5,95.0
14840,267,2,362.71000000000004,16.486818181818183,3.2572810548262296,22,2,2,2,222,Dormant,2010-06-18 15:42:00,2011-03-17 12:00:00,271,20,United Kingdom,25.5,135.5
14841,52,14,7163.0,23.876666666666665,11.272370558831346,300,4,5,5,455,Champions,2009-12-02 16:49:00,2011-10-17 15:03:00,683,196,United Kingdom,81.36,48.785714285714285
14842,43,4,2824.69,19.480620689655172,23.919164510117582,145,4,3,4,434,Loyal,2011-02-04 15:32:00,2011-10-27 12:37:00,264,128,United Kingdom,295.0,66.0
14843,436,1,211.8,23.533333333333335,14.028898745090439,9,1,1,1,111,Dormant,2010-09-29 12:39:00,2010-09-29 12:39:00,0,9,United Kingdom,50.400000000000006,0.0
14844,63,10,6702.43,24.19649819494585,34.14290816421945,277,3,5,5,355,Standard,2010-04-12 12:50:00,2011-10-07 10:41:00,542,158,United Kingdom,358.0,54.2
14845,599,1,150.0,150.0,0.0,1,1,1,1,111,Dormant,2010-04-19 10:19:00,2010-04-19 10:19:00,0,1,United Kingdom,150.0,0.0
14846,426,1,437.4,36.449999999999996,42.95298698471494,12,1,1,2,112,Dormant,2010-10-08 17:07:00,2010-10-08 17:07:00,0,12,United Kingdom,131.39999999999998,0.0
14847,148,3,1348.95,21.75725806451613,14.065892495778671,62,3,3,4,334,Standard,2010-05-24 12:29:00,2011-07-14 10:52:00,415,56,United Kingdom,81.6,138.33333333333334
14848,404,1,310.56,28.232727272727274,18.24411197669489,11,2,1,2,212,Dormant,2010-10-31 12:22:00,2010-10-31 12:22:00,0,11,United Kingdom,61.2,0.0
14849,21,43,15763.45,20.878741721854304,13.804385566966747,755,4,5,5,455,Champions,2010-01-10 11:40:00,2011-11-18 10:58:00,676,279,United Kingdom,175.2,15.720930232558139
14850,311,7,1794.01,8.92542288557214,11.212465872646996,201,2,4,4,244,Standard,2010-05-20 13:28:00,2011-02-01 11:21:00,256,129,United Kingdom,89.69999999999999,36.57142857142857
14851,22,3,829.41,19.747857142857143,15.08505406923611,42,4,3,3,433,Loyal,2010-03-19 11:52:00,2011-11-16 14:20:00,607,38,United Kingdom,81.36,202.33333333333334
14852,57,18,6147.18,19.829612903225808,10.901265677763258,310,4,5,5,455,Champions,2010-03-05 14:51:00,2011-10-12 13:20:00,585,152,United Kingdom,81.6,32.5
14853,23,5,1376.87,44.41516129032258,52.36687762768674,31,4,4,4,444,Champions,2010-04-13 09:26:00,2011-11-15 16:56:00,581,26,United Kingdom,175.2,116.2
14854,77,11,4322.86,20.106325581395346,17.40140753212535,215,3,5,5,355,Standard,2010-01-22 09:48:00,2011-09-22 17:00:00,608,170,United Kingdom,102.0,55.27272727272727
14855,118,7,6520.3,31.499033816425122,35.0809515988574,207,3,4,5,345,Standard,2010-04-08 10:30:00,2011-08-12 14:02:00,491,168,United Kingdom,175.2,70.14285714285714
14856,35,3,1311.38,19.86939393939394,16.087491832886613,66,4,3,4,434,Loyal,2011-10-14 09:35:00,2011-11-03 14:53:00,20,65,United Kingdom,89.69999999999999,6.666666666666667
14857,59,7,3651.851,17.144840375586856,6.142601943376865,213,3,4,5,345,Standard,2010-03-15 11:00:00,2011-10-11 09:23:00,574,170,United Kingdom,38.25,82.0
14858,505,1,180.75,16.431818181818183,3.9030931789590118,11,1,1,1,111,Dormant,2010-07-22 10:51:00,2010-07-22 10:51:00,0,11,United Kingdom,23.4,0.0
14859,12,5,1705.64,25.843030303030304,20.72470038530367,66,5,4,4,544,Champions,2010-06-03 10:26:00,2011-11-27 11:18:00,542,51,United Kingdom,165.0,108.4
14860,18,1,170.32,15.483636363636363,10.8619770509123,11,5,1,1,511,Standard,2011-11-20 14:17:00,2011-11-20 14:17:00,0,11,United Kingdom,40.56,0.0
14861,51,10,1380.73,16.055,7.726854279642106,86,4,5,4,454,Champions,2009-12-08 12:12:00,2011-10-18 12:54:00,679,62,United Kingdom,44.55,67.9
14862,25,2,841.2,17.525000000000002,6.728608341460065,48,4,2,3,423,Standard,2011-07-14 11:20:00,2011-11-14 10:01:00,122,47,United Kingdom,34.8,61.0
14863,28,1,266.76,24.25090909090909,15.359011331817847,11,4,1,1,411,Standard,2011-11-10 15:04:00,2011-11-10 15:04:00,0,11,United Kingdom,64.67999999999999,0.0
14865,6,4,129.72,14.413333333333334,7.326991196937527,9,5,3,1,531,HighEngagement_LowValue,2009-12-01 16:05:00,2011-12-02 16:25:00,731,4,United Kingdom,31.200000000000003,182.75
14866,10,19,20850.22,152.19138686131387,135.53488404977523,137,5,5,5,555,Champions,2010-08-26 11:54:00,2011-11-29 11:45:00,459,40,United Kingdom,816.0,24.157894736842106
14867,185,16,2952.06,21.547883211678833,12.101718304746509,137,3,5,4,354,Standard,2009-12-05 15:47:00,2011-06-07 11:39:00,548,67,United Kingdom,119.7,34.25
14868,2,12,4184.01,19.829431279620856,9.110881283951354,211,5,5,5,555,Champions,2010-10-15 14:52:00,2011-12-06 14:49:00,416,132,United Kingdom,59.400000000000006,34.666666666666664
14869,8,6,2804.2400000000002,11.21696,6.822045969004668,250,5,4,4,544,Champions,2009-12-16 11:43:00,2011-12-01 12:36:00,715,187,United Kingdom,45.0,119.16666666666667
14870,261,6,1838.95,28.29153846153846,18.57776428209686,65,2,4,4,244,Standard,2010-01-25 09:05:00,2011-03-23 10:51:00,422,43,United Kingdom,88.0,70.33333333333333
14871,2,9,1258.97,6.263532338308458,5.385989598968698,201,5,5,4,554,Champions,2009-12-01 11:57:00,2011-12-06 13:42:00,735,123,United Kingdom,39.0,81.66666666666667
14872,483,3,816.6,18.990697674418605,16.954664254353478,43,1,3,3,133,Standard,2010-03-16 14:41:00,2010-08-13 12:34:00,149,34,United Kingdom,118.8,49.666666666666664
14873,209,2,854.13,17.43122448979592,4.767522781213296,49,2,2,3,223,Dormant,2010-03-16 10:51:00,2011-05-13 13:52:00,423,48,United Kingdom,39.8,211.5
14874,534,1,116.18,19.363333333333333,15.087639532632886,6,1,1,1,111,Dormant,2010-06-22 14:58:00,2010-06-22 14:58:00,0,6,United Kingdom,41.6,0.0
14875,107,3,2862.4,32.16179775280899,35.335086656241344,89,3,3,4,334,Standard,2010-09-24 10:28:00,2011-08-24 12:20:00,334,88,United Kingdom,237.6,111.33333333333333
14876,520,2,256.7,19.746153846153845,10.907371772079603,13,1,2,1,121,Dormant,2010-05-27 13:49:00,2010-07-06 14:57:00,40,12,United Kingdom,53.1,20.0
14877,417,2,437.0,6.621212121212121,5.296777399122114,66,1,2,2,122,Dormant,2010-03-07 12:25:00,2010-10-17 13:09:00,224,57,United Kingdom,23.6,112.0
14878,12,25,4105.24,10.88923076923077,13.63119635374569,377,5,5,5,555,Champions,2010-02-21 11:14:00,2011-11-27 11:15:00,644,159,United Kingdom,127.2,25.76
14879,684,1,185.06,6.854074074074074,3.219107926189465,27,1,1,1,111,Dormant,2010-01-24 11:35:00,2010-01-24 11:35:00,0,27,United Kingdom,15.9,0.0
14880,76,3,706.19,15.025319148936171,4.430480811606867,47,3,3,3,333,Standard,2011-02-24 12:27:00,2011-09-23 13:42:00,211,45,United Kingdom,25.5,70.33333333333333
14881,19,1,255.4,15.023529411764706,6.84336260654847,17,4,1,1,411,Standard,2011-11-20 11:06:00,2011-11-20 11:06:00,0,17,United Kingdom,30.0,0.0
14882,26,14,3628.15,53.35514705882353,56.1555788882686,68,4,5,5,455,Champions,2010-03-30 15:02:00,2011-11-13 12:47:00,592,32,United Kingdom,250.2,42.285714285714285
14883,18,6,761.59,14.369622641509434,7.389817829092258,53,5,4,3,543,Loyal,2011-05-12 09:49:00,2011-11-21 10:23:00,193,39,United Kingdom,40.56,32.166666666666664
14884,668,1,120.6,15.075,5.8156807733181894,8,1,1,1,111,Dormant,2010-02-08 12:56:00,2010-02-08 12:56:00,0,8,United Kingdom,27.0,0.0
14885,131,3,1598.12,51.552258064516124,25.483898015502184,31,3,3,4,334,Standard,2010-08-31 10:11:00,2011-07-31 12:05:00,334,24,United Kingdom,102.0,111.33333333333333
14886,252,1,364.8,20.266666666666666,7.189371239790682,18,2,1,2,212,Dormant,2011-04-01 08:56:00,2011-04-01 08:56:00,0,18,United Kingdom,39.8,0.0
14887,78,1,1862.0,310.3333333333333,116.75901107266482,6,3,1,4,314,Standard,2011-09-21 15:32:00,2011-09-21 15:32:00,0,6,United Kingdom,358.0,0.0
14888,206,1,369.2,18.46,6.250002105262802,20,2,1,2,212,Dormant,2011-05-16 14:58:00,2011-05-16 14:58:00,0,20,United Kingdom,40.5,0.0
14889,335,1,135.9,13.59,2.444585854495604,10,2,1,1,211,Dormant,2011-01-07 15:19:00,2011-01-07 15:19:00,0,10,United Kingdom,17.700000000000003,0.0
14890,253,3,817.25,14.337719298245615,4.926139468453634,57,2,3,3,233,Standard,2010-02-18 09:00:00,2011-03-31 11:57:00,406,55,United Kingdom,30.0,135.33333333333334
14891,147,4,1106.73,17.56714285714286,4.906082277945647,63,3,3,3,333,Standard,2010-09-29 12:41:00,2011-07-14 18:08:00,288,55,United Kingdom,30.6,72.0
14892,690,1,202.35000000000002,15.565384615384618,2.465460117248623,13,1,1,1,111,Dormant,2010-01-18 08:58:00,2010-01-18 08:58:00,0,13,United Kingdom,19.9,0.0
14893,9,3,1809.6100000000001,17.07179245283019,5.901404481286808,106,5,3,4,534,Loyal,2010-04-01 09:03:00,2011-11-30 12:31:00,608,98,United Kingdom,35.7,202.66666666666666
14894,84,3,1492.81,32.45239130434783,27.482668088555393,46,3,3,4,334,Standard,2009-12-02 10:42:00,2011-09-15 13:51:00,652,39,United Kingdom,130.8,217.33333333333334
14895,7,38,25119.54,27.910600000000002,22.68867240941812,900,5,5,5,555,Champions,2009-12-10 14:22:00,2011-12-02 09:23:00,721,441,United Kingdom,295.0,18.973684210526315
14896,204,8,2092.42,7.290662020905923,6.32287040193269,287,2,4,4,244,Standard,2009-12-06 12:42:00,2011-05-19 10:20:00,528,150,United Kingdom,39.0,66.0
14897,7,8,3140.54,24.728661417322833,14.663875890448734,127,5,4,5,545,Champions,2009-12-15 17:05:00,2011-12-02 10:32:00,716,94,United Kingdom,83.2,89.5
14898,22,14,3507.81,11.538848684210526,12.859520429113871,304,4,5,5,455,Champions,2009-12-03 16:40:00,2011-11-16 14:54:00,712,185,United Kingdom,100.8,50.857142857142854
14899,394,1,1384.88,10.108613138686133,8.540304287739348,137,2,1,4,214,Dormant,2010-11-09 15:20:00,2010-11-09 15:20:00,0,126,United Kingdom,79.9,0.0
14900,521,1,13.919999999999998,13.919999999999998,0.0,1,1,1,1,111,Dormant,2010-07-05 15:09:00,2010-07-05 15:09:00,0,1,United Kingdom,13.919999999999998,0.0
14901,10,12,2289.65,13.710479041916168,12.203411769062004,167,5,5,4,554,Champions,2010-07-29 11:11:00,2011-11-28 17:09:00,487,103,United Kingdom,75.0,40.583333333333336
14902,25,3,1035.6200000000001,17.552881355932204,7.288730093934924,59,4,3,3,433,Loyal,2010-06-04 12:35:00,2011-11-14 10:34:00,527,51,United Kingdom,40.8,175.66666666666666
14903,20,5,2810.63,7.917267605633803,6.0993778624988355,355,4,4,4,444,Champions,2011-03-06 11:50:00,2011-11-18 16:07:00,257,227,United Kingdom,45.0,51.4
14904,1,4,1640.64,11.393333333333334,13.973098879908218,144,5,3,4,534,Loyal,2010-10-08 12:48:00,2011-12-07 12:55:00,425,127,United Kingdom,112.32,106.25
14905,157,8,1971.39,25.27423076923077,21.376691488885477,78,3,4,4,344,Standard,2009-12-03 14:36:00,2011-07-05 12:41:00,578,45,United Kingdom,81.6,72.25
14906,444,1,68.44,68.44,0.0,1,1,1,1,111,Dormant,2010-09-20 16:30:00,2010-09-20 16:30:00,0,1,United Kingdom,68.44,0.0
14907,2,16,6165.79,20.830371621621623,11.732917515296498,296,5,5,5,555,Champions,2010-04-16 13:40:00,2011-12-06 14:14:00,599,153,United Kingdom,95.7,37.4375
14908,73,2,381.9,27.27857142857143,19.33077174516673,14,3,2,2,322,Standard,2010-09-02 16:39:00,2011-09-26 12:56:00,388,14,United Kingdom,79.6,194.0
14909,436,3,1404.68,17.558500000000002,6.344341264146292,80,1,3,4,134,Standard,2010-02-14 15:47:00,2010-09-28 16:56:00,226,61,United Kingdom,39.8,75.33333333333333
14910,2,4,434.35,14.478333333333333,4.705945676762927,30,5,3,2,532,Loyal,2011-10-16 11:06:00,2011-12-07 10:06:00,51,25,United Kingdom,24.96,12.75
14911,0,398,295972.63,26.320376167185415,42.640078442544365,11245,5,5,5,555,Champions,2009-12-01 11:41:00,2011-12-08 15:54:00,737,2550,EIRE,1687.17,1.8517587939698492
14912,16,6,1889.25,29.988095238095237,19.71942720305511,63,5,4,4,544,Champions,2010-01-26 16:29:00,2011-11-23 09:20:00,665,44,Italy,81.6,110.83333333333333
14913,35,8,4073.13,16.490404858299595,11.36049301137234,247,4,4,5,445,Champions,2010-08-11 08:40:00,2011-11-04 08:29:00,449,176,United Kingdom,75.60000000000001,56.125
14915,90,11,1811.25,20.125,11.221692100369962,90,3,5,4,354,Standard,2009-12-03 10:17:00,2011-09-09 13:34:00,645,65,United Kingdom,83.4,58.63636363636363
14916,70,8,3042.95,22.708582089552237,29.507204935188224,134,3,4,5,345,Standard,2010-04-01 10:57:00,2011-09-30 09:20:00,546,113,United Kingdom,175.2,68.25
14917,596,2,1123.75,38.75,26.60258150738651,29,1,2,3,123,Dormant,2010-04-22 09:44:00,2010-04-22 11:28:00,0,29,United Kingdom,101.76,0.0
14918,115,9,5955.81,42.23978723404256,24.51015752901773,141,3,5,5,355,Standard,2010-04-08 11:18:00,2011-08-16 11:50:00,495,79,United Kingdom,121.68,55.0
14919,538,1,359.35,27.642307692307693,15.47153092718265,13,1,1,2,112,Dormant,2010-06-18 13:06:00,2010-06-18 13:06:00,0,13,United Kingdom,53.1,0.0
14920,212,3,1607.17,16.568762886597938,4.399238394723369,97,2,3,4,234,Standard,2010-05-23 15:25:00,2011-05-11 10:32:00,352,90,United Kingdom,30.0,117.33333333333333
14921,29,2,1316.07,16.872692307692308,6.947456167749257,78,4,2,4,424,Standard,2011-05-22 12:51:00,2011-11-09 13:17:00,171,78,United Kingdom,49.5,85.5
14922,393,2,843.74,16.8748,5.202485763791093,50,2,2,3,223,Dormant,2010-07-20 09:45:00,2010-11-11 11:14:00,114,49,United Kingdom,31.8,57.0
14923,50,1,749.1,17.025000000000002,7.53182318334122,44,4,1,3,413,Standard,2011-10-20 11:51:00,2011-10-20 11:51:00,0,44,United Kingdom,46.8,0.0
14924,245,3,931.01,30.03258064516129,27.47038890244572,31,2,3,3,233,Standard,2010-03-10 12:51:00,2011-04-08 09:25:00,393,30,United Kingdom,125.0,131.0
14926,381,2,359.4,119.8,33.601785666836214,3,2,2,2,222,Dormant,2010-04-20 09:59:00,2010-11-23 07:13:00,216,2,United Kingdom,139.2,108.0
14927,396,1,308.2,15.41,4.791758275249395,20,2,1,2,212,Dormant,2010-11-08 12:30:00,2010-11-08 12:30:00,0,20,United Kingdom,30.6,0.0
14928,627,1,223.91000000000003,10.662380952380953,4.376100895502644,21,1,1,1,111,Dormant,2010-03-22 09:14:00,2010-03-22 09:14:00,0,21,United Kingdom,17.700000000000003,0.0
14929,31,2,836.69,24.608529411764707,16.317603458238615,34,4,2,3,423,Standard,2010-10-14 12:22:00,2011-11-07 17:21:00,389,34,United Kingdom,70.80000000000001,194.5
14930,108,6,5246.63,18.805125448028676,9.881912073339521,279,3,4,5,345,Standard,2010-04-12 11:22:00,2011-08-23 10:31:00,497,213,Channel Islands,79.9,82.83333333333333
14931,4,5,1257.68,30.675121951219513,45.07728575025071,41,5,4,4,544,Champions,2011-04-13 09:32:00,2011-12-05 10:19:00,236,30,Channel Islands,293.0,47.2
14932,365,2,1029.66,21.013469387755105,9.831606038482134,49,2,2,3,223,Dormant,2010-11-19 09:16:00,2010-12-09 11:48:00,20,29,Channel Islands,50.0,10.0
14933,443,4,1770.0,442.5,295.0,4,1,3,4,134,Standard,2010-09-21 17:29:00,2010-09-22 10:47:00,0,1,Channel Islands,885.0,0.0
14934,81,5,3503.5,18.937837837837836,10.772896025577726,185,3,4,5,345,Standard,2010-09-24 12:08:00,2011-09-19 10:10:00,359,115,Channel Islands,81.6,71.8
14935,296,2,2849.83,109.60884615384614,87.5216664524584,26,2,2,4,224,At_Risk_HighValue,2010-03-30 11:48:00,2011-02-15 14:44:00,322,25,Channel Islands,408.0,161.0
14936,33,12,12410.81,23.549924098671728,19.902559678173994,527,4,5,5,455,Champions,2010-05-05 12:26:00,2011-11-06 10:30:00,549,267,Channel Islands,262.79999999999995,45.75
14937,56,3,1621.88,47.70235294117647,39.34449582688356,34,4,3,4,434,Loyal,2011-08-01 14:16:00,2011-10-14 12:29:00,73,33,Channel Islands,212.4,24.333333333333332
14938,561,2,2322.43,32.710281690140846,30.264062279109243,71,1,2,4,124,At_Risk_HighValue,2010-05-26 13:35:00,2010-05-26 13:38:00,0,71,Channel Islands,152.64,0.0
14940,417,2,531.49,16.6090625,4.5791106048502055,32,1,2,2,122,Dormant,2009-12-06 15:46:00,2010-10-18 10:47:00,315,32,United Kingdom,25.200000000000003,157.5
14941,578,1,182.1,26.014285714285712,24.620548908816563,7,1,1,1,111,Dormant,2010-05-10 11:30:00,2010-05-10 11:30:00,0,7,United Kingdom,81.6,0.0
14942,401,4,746.56,39.292631578947365,38.52010324234827,19,2,3,3,233,Standard,2009-12-10 10:32:00,2010-11-03 10:51:00,328,12,United Kingdom,163.2,82.0
14943,662,1,107.62,21.524,11.923459229602793,5,1,1,1,111,Dormant,2010-02-14 16:04:00,2010-02-14 16:04:00,0,5,United Kingdom,39.6,0.0
14944,29,19,9784.67,32.2926402640264,23.457266562737598,303,4,5,5,455,Champions,2010-02-17 08:47:00,2011-11-10 09:10:00,631,184,United Kingdom,118.8,33.21052631578947
14945,413,1,179.4,16.30909090909091,4.4603709588899765,11,1,1,1,111,Dormant,2010-10-22 11:26:00,2010-10-22 11:26:00,0,11,United Kingdom,23.4,0.0
14946,13,1,100.9,33.63333333333333,0.750555349946513,3,5,1,1,511,Standard,2011-11-25 13:33:00,2011-11-25 13:33:00,0,3,United Kingdom,34.5,0.0
14947,71,6,1049.79,19.440555555555555,9.961623042847926,54,3,4,3,343,Standard,2010-03-25 11:29:00,2011-09-28 15:48:00,552,47,United Kingdom,51.0,92.0
14948,22,6,1101.97,17.491587301587302,8.837260596994465,63,4,4,3,443,Loyal,2011-05-04 14:52:00,2011-11-16 17:16:00,196,56,United Kingdom,59.7,32.666666666666664
14949,468,4,515.0,19.074074074074073,6.780086940252236,27,1,3,2,132,Standard,2009-12-18 15:28:00,2010-08-27 15:38:00,252,16,United Kingdom,39.6,63.0
14950,18,1,371.2,19.53684210526316,10.068227832935964,19,5,1,2,512,Standard,2011-11-20 13:48:00,2011-11-20 13:48:00,0,19,United Kingdom,49.8,0.0
14951,78,1,311.69,15.5845,8.977058758155056,20,3,1,2,312,Standard,2011-09-21 15:15:00,2011-09-21 15:15:00,0,20,United Kingdom,38.25,0.0
14952,59,32,17629.35,57.42459283387622,50.00872269091474,307,3,5,5,355,Standard,2009-12-03 15:34:00,2011-10-11 10:33:00,676,240,United Kingdom,350.4,21.125
14953,24,4,1013.77,3.914169884169884,3.87021817811623,259,4,3,3,433,Loyal,2010-09-30 12:16:00,2011-11-14 14:59:00,410,202,United Kingdom,19.95,102.5
14954,11,2,503.44,3.9955555555555557,4.397299454084164,126,5,2,2,522,Standard,2010-01-05 16:38:00,2011-11-27 14:30:00,690,111,United Kingdom,25.5,345.0
14955,732,1,163.77,5.282903225806452,9.431668001489587,31,1,1,1,111,Dormant,2009-12-07 11:35:00,2009-12-07 11:35:00,0,30,United Kingdom,54.24,0.0
14956,420,1,1325.0,331.25,0.0,4,1,1,4,114,Dormant,2010-10-14 16:40:00,2010-10-14 16:40:00,0,4,United Kingdom,331.25,0.0
14957,252,2,333.29,11.492758620689656,18.339315280984987,29,2,2,2,222,Dormant,2010-03-05 10:50:00,2011-03-31 17:59:00,391,27,United Kingdom,71.6,195.5
14958,146,6,957.94,13.304722222222223,8.154777390459529,72,3,4,3,343,Standard,2009-12-03 16:02:00,2011-07-15 14:20:00,588,52,United Kingdom,35.400000000000006,98.0
14959,63,4,695.42,11.786779661016949,9.603926539070102,59,3,3,3,333,Standard,2011-02-16 13:00:00,2011-10-06 18:23:00,232,37,United Kingdom,54.08,58.0
14960,7,2,221.27,8.195185185185185,12.898630926268098,27,5,2,1,521,Standard,2011-06-21 13:38:00,2011-12-01 12:54:00,162,23,United Kingdom,67.5,81.0
14961,10,22,16410.15,24.492761194029853,23.91604642326708,670,5,5,5,555,Champions,2009-12-04 11:32:00,2011-11-29 09:42:00,724,328,United Kingdom,407.95,32.90909090909091
14962,270,4,366.91,26.207857142857144,19.55579047772785,14,2,3,2,232,Standard,2010-05-04 14:57:00,2011-03-14 09:42:00,313,14,United Kingdom,70.2,78.25
14963,9,12,3164.48,6.418823529411765,8.118191370830637,493,5,5,5,555,Champions,2010-07-02 12:43:00,2011-11-30 12:16:00,515,304,United Kingdom,72.0,42.916666666666664
14964,246,1,206.21,15.862307692307693,26.92584512875011,13,2,1,1,211,Dormant,2011-04-06 14:13:00,2011-04-06 14:13:00,0,13,United Kingdom,101.76,0.0
14965,95,2,599.0,7.216867469879518,9.747539893225698,83,3,2,2,322,Standard,2011-09-04 13:15:00,2011-09-04 13:20:00,0,80,United Kingdom,75.0,0.0
14966,14,6,1115.84,6.973999999999999,8.121603088649419,160,5,4,3,543,Loyal,2009-12-15 13:48:00,2011-11-25 12:20:00,709,125,United Kingdom,42.5,118.16666666666667
14967,49,6,1982.6100000000001,68.36586206896553,68.03524357258004,29,4,4,4,444,Champions,2009-12-03 14:07:00,2011-10-21 11:06:00,686,22,United Kingdom,255.0,114.33333333333333
14968,29,2,504.99,5.941058823529412,4.392000581015611,85,4,2,2,422,Standard,2010-09-07 13:28:00,2011-11-09 13:58:00,428,83,United Kingdom,17.0,214.0
14969,703,1,906.23,69.71000000000001,37.00883182881261,13,1,1,3,113,Dormant,2010-01-05 12:43:00,2010-01-05 12:43:00,0,13,United Kingdom,131.39999999999998,0.0
14970,67,12,4919.35,43.53407079646018,46.814459850967,113,3,5,5,355,Standard,2010-02-14 13:37:00,2011-10-02 13:44:00,595,71,United Kingdom,340.0,49.583333333333336
14971,34,3,1116.57,6.9785625,5.660341884342454,160,4,3,3,433,Loyal,2011-10-27 13:33:00,2011-11-04 17:07:00,8,144,United Kingdom,28.9,2.6666666666666665
14972,127,2,145.07,7.2535,5.641275774895344,20,3,2,1,321,Standard,2010-11-23 16:17:00,2011-08-03 14:54:00,252,20,United Kingdom,19.9,126.0
14973,106,3,1314.45,41.0765625,71.41399233137471,32,3,3,4,334,Standard,2011-04-28 12:22:00,2011-08-24 15:51:00,118,29,United Kingdom,295.0,39.333333333333336
14974,36,1,114.39,5.4471428571428575,3.3873723486755085,21,4,1,1,411,Standard,2011-11-02 13:01:00,2011-11-02 13:01:00,0,17,United Kingdom,12.5,0.0
14975,56,2,472.39,18.168846153846154,15.47831291243928,26,4,2,2,422,Standard,2010-10-14 14:11:00,2011-10-13 14:08:00,363,25,United Kingdom,53.55,181.5
14976,56,7,790.86,10.984166666666667,10.520852633738631,72,4,4,3,443,Loyal,2011-01-17 11:09:00,2011-10-13 16:37:00,269,47,United Kingdom,51.0,38.42857142857143
14977,725,1,31.93,7.9825,8.39872361334348,4,1,1,1,111,Dormant,2009-12-14 10:37:00,2009-12-14 10:37:00,0,4,United Kingdom,19.8,0.0
14978,71,10,3142.14,10.724027303754266,7.806711690840741,293,3,5,5,355,Standard,2010-04-28 10:50:00,2011-09-28 13:07:00,518,175,United Kingdom,47.7,51.8
14979,734,1,439.46000000000004,8.291698113207548,7.289264956044572,53,1,1,2,112,Dormant,2009-12-04 12:54:00,2009-12-04 12:54:00,0,42,United Kingdom,34.65,0.0
14980,736,1,150.68,6.278333333333333,5.578219029065808,24,1,1,1,111,Dormant,2009-12-02 14:09:00,2009-12-02 14:09:00,0,24,United Kingdom,23.6,0.0
14981,245,2,372.92,16.950909090909093,5.790099027930934,22,2,2,2,222,Dormant,2010-10-12 11:04:00,2011-04-07 13:45:00,177,20,United Kingdom,29.700000000000003,88.5
14982,571,1,237.78,6.096923076923077,3.594757259827848,39,1,1,1,111,Dormant,2010-05-16 15:52:00,2010-05-16 15:52:00,0,39,United Kingdom,19.9,0.0
14983,688,1,183.20000000000002,6.106666666666667,6.562507580729065,30,1,1,1,111,Dormant,2010-01-19 17:32:00,2010-01-19 17:32:00,0,30,United Kingdom,29.7,0.0
14984,18,6,1271.41,22.703750000000003,55.008697446610455,56,5,4,4,544,Champions,2010-01-11 13:22:00,2011-11-20 14:28:00,678,48,United Kingdom,365.76,113.0
14985,197,2,296.75,3.410919540229885,3.3139745097979385,87,2,2,2,222,Dormant,2010-12-16 19:51:00,2011-05-25 14:29:00,159,78,United Kingdom,19.0,79.5
14986,375,2,566.9,5.669,4.274501920302138,100,2,2,2,222,Dormant,2010-01-24 15:54:00,2010-11-28 15:25:00,307,87,United Kingdom,29.85,153.5
14987,15,8,1713.85,100.81470588235294,75.95456858524435,17,5,4,4,544,Champions,2009-12-02 14:56:00,2011-11-24 09:59:00,721,4,United Kingdom,326.4,90.125
14988,211,7,2066.6,8.46967213114754,8.673321512828815,244,2,4,4,244,Standard,2010-04-16 13:34:00,2011-05-12 12:05:00,390,171,United Kingdom,67.5,55.714285714285715
14989,661,1,342.4,19.022222222222222,7.51183815176423,18,1,1,2,112,Dormant,2010-02-16 10:40:00,2010-02-16 10:40:00,0,18,United Kingdom,39.8,0.0
14990,611,2,305.42,7.102790697674419,16.067335738723575,43,1,2,2,122,Dormant,2009-12-09 13:31:00,2010-04-06 13:54:00,118,41,United Kingdom,104.65,59.0
14991,429,1,314.67,14.984285714285715,8.402504728608353,21,1,1,2,112,Dormant,2010-10-05 13:01:00,2010-10-05 13:01:00,0,21,United Kingdom,30.0,0.0
14992,441,1,210.5,7.796296296296297,6.9433887471066535,27,1,1,1,111,Dormant,2010-09-23 17:48:00,2010-09-23 17:48:00,0,27,United Kingdom,26.1,0.0
14993,563,1,36.13,3.6130000000000004,3.5098941104635433,10,1,1,1,111,Dormant,2010-05-25 12:47:00,2010-05-25 12:47:00,0,9,United Kingdom,11.9,0.0
14994,381,5,960.63,3.0988064516129032,2.5792370227211996,310,2,4,3,243,Standard,2010-03-26 14:16:00,2010-11-22 12:59:00,240,233,United Kingdom,18.95,48.0
14995,38,2,233.23000000000002,3.82344262295082,2.6938707499593106,61,4,2,1,421,Standard,2011-03-04 13:14:00,2011-11-01 11:39:00,241,53,United Kingdom,10.65,120.5
14996,480,2,442.28999999999996,10.787560975609756,6.108440382162947,41,1,2,2,122,Dormant,2010-08-15 13:41:00,2010-08-15 13:44:00,0,37,United Kingdom,30.6,0.0
14997,45,4,776.6,20.436842105263157,11.47673795477197,38,4,3,3,433,Loyal,2010-02-22 12:11:00,2011-10-24 13:28:00,609,36,United Kingdom,46.8,152.25
14998,169,4,770.73,6.068740157480315,6.455788837261569,127,3,3,3,333,Standard,2010-04-13 16:07:00,2011-06-22 17:30:00,435,111,United Kingdom,43.8,108.75
14999,592,1,129.48000000000002,14.386666666666668,3.959889518660843,9,1,1,1,111,Dormant,2010-04-26 10:47:00,2010-04-26 10:47:00,0,9,United Kingdom,22.5,0.0
15000,47,1,490.52,6.37038961038961,4.433145622395494,77,4,1,2,412,Standard,2011-10-23 11:42:00,2011-10-23 11:42:00,0,76,United Kingdom,30.6,0.0
15001,393,2,230.85999999999999,4.275185185185185,3.717841603871055,54,2,2,1,221,Dormant,2010-11-10 13:31:00,2010-11-10 13:51:00,0,44,United Kingdom,16.95,0.0
15002,115,9,4817.28,13.019675675675675,10.788202273577026,370,3,5,5,355,Standard,2010-01-12 11:40:00,2011-08-16 10:44:00,580,220,United Kingdom,76.5,64.44444444444444
15003,472,6,1060.7,3.0392550143266477,4.912118724434674,349,1,4,3,143,Standard,2010-01-26 13:04:00,2010-08-23 15:44:00,209,253,United Kingdom,81.36,34.833333333333336
15004,146,1,1246.32,7.888101265822784,10.796379857521526,158,3,1,3,313,Standard,2011-07-15 14:05:00,2011-07-15 14:05:00,0,154,United Kingdom,112.5,0.0
15005,15,56,14106.2,5.748247758761207,3.8412267596303695,2454,5,5,5,555,Champions,2009-12-01 14:19:00,2011-11-24 12:25:00,722,591,United Kingdom,38.16,12.892857142857142
15006,50,2,825.14,3.986183574879227,4.790762898600043,207,4,2,3,423,Standard,2010-09-12 13:03:00,2011-10-19 15:08:00,402,165,United Kingdom,38.25,201.0
15007,158,1,156.91,13.075833333333334,9.253618907151292,12,3,1,1,311,Standard,2011-07-03 16:00:00,2011-07-03 16:00:00,0,12,United Kingdom,29.700000000000003,0.0
15008,479,2,360.0,30.0,11.705476573731708,12,1,2,2,122,Dormant,2010-03-12 11:13:00,2010-08-16 13:09:00,157,6,United Kingdom,43.2,78.5
15009,11,3,1261.78,6.932857142857142,6.7678100272624695,182,5,3,4,534,Loyal,2011-11-14 17:40:00,2011-11-27 13:35:00,12,148,United Kingdom,45.0,4.0
15010,35,1,308.94,15.447,5.758146723053394,20,4,1,2,412,Standard,2011-11-04 12:42:00,2011-11-04 12:42:00,0,20,United Kingdom,30.0,0.0
15011,395,2,416.6,20.830000000000002,12.228971209472418,20,2,2,2,222,Dormant,2010-10-19 12:05:00,2010-11-09 11:10:00,20,17,United Kingdom,49.5,10.0
15012,53,3,860.62,3.374980392156863,2.717327872622396,255,4,3,3,433,Loyal,2010-05-12 11:49:00,2011-10-17 12:22:00,523,165,United Kingdom,12.75,174.33333333333334
15013,487,10,1641.3,4.623380281690141,5.228168258929498,355,1,5,4,154,Standard,2010-01-31 12:15:00,2010-08-09 12:05:00,189,177,United Kingdom,42.5,18.9
15014,42,2,260.17,7.433428571428572,14.447805643043504,35,4,2,1,421,Standard,2011-06-16 19:40:00,2011-10-27 20:07:00,133,29,United Kingdom,82.5,66.5
15015,500,13,2365.02,7.989932432432433,8.165874090165492,296,1,5,4,154,At_Risk_HighValue,2009-12-14 14:46:00,2010-07-26 13:50:00,223,158,United Kingdom,63.75,17.153846153846153
15016,172,5,630.3,5.83611111111111,4.678584503832497,108,3,4,3,343,Standard,2010-06-14 13:06:00,2011-06-20 12:06:00,370,93,United Kingdom,25.5,74.0
15017,33,1,125.58,6.279,2.9837593736761017,20,4,1,1,411,Standard,2011-11-06 10:33:00,2011-11-06 10:33:00,0,20,United Kingdom,12.48,0.0
15018,38,3,607.46,16.87388888888889,10.347394779854433,36,4,3,2,432,Loyal,2010-12-07 10:47:00,2011-11-01 12:47:00,329,30,United Kingdom,51.0,109.66666666666667
15019,266,1,266.0,3.8,3.3552260771795255,70,2,1,1,211,Dormant,2011-03-18 12:35:00,2011-03-18 12:35:00,0,64,United Kingdom,17.85,0.0
15020,378,1,203.42,7.265,4.721837762127354,28,2,1,1,211,Dormant,2010-11-25 13:29:00,2010-11-25 13:29:00,0,27,United Kingdom,20.4,0.0
15021,8,12,2783.83,3.877200557103064,4.1170246722832955,718,5,5,4,554,Champions,2010-07-29 16:35:00,2011-12-01 11:53:00,489,355,United Kingdom,41.5,40.75
15022,11,5,1186.09,7.701883116883116,10.228927758927627,154,5,4,3,543,Loyal,2010-01-31 16:02:00,2011-11-28 12:35:00,665,115,United Kingdom,81.6,133.0
15023,2,20,12170.68,11.990817733990148,13.798549391402817,1015,5,5,5,555,Champions,2010-02-03 15:45:00,2011-12-06 17:23:00,671,486,United Kingdom,250.0,33.55
15024,9,16,4075.51,10.985202156334232,9.888533088795908,371,5,5,5,555,Champions,2010-10-11 16:14:00,2011-11-30 12:06:00,414,168,United Kingdom,88.5,25.875
15025,32,2,1013.09,6.938972602739726,5.759566282695378,146,4,2,3,423,Standard,2010-05-20 13:28:00,2011-11-06 15:20:00,535,132,United Kingdom,40.56,267.5
15026,79,5,1061.6100000000001,7.582928571428572,8.145870251430148,140,3,4,3,343,Standard,2010-09-17 13:52:00,2011-09-20 13:52:00,368,109,United Kingdom,76.5,73.6
15027,30,10,3195.6,35.11648351648351,39.506023742479975,91,4,5,5,455,Champions,2010-03-25 14:39:00,2011-11-09 10:16:00,593,69,United Kingdom,254.4,59.3
15028,7,6,1157.71,9.728655462184875,11.893961929495473,119,5,4,3,543,Loyal,2010-11-10 14:32:00,2011-12-01 14:06:00,385,65,United Kingdom,59.0,64.16666666666667
15029,619,1,365.1,36.510000000000005,26.927699493272723,10,1,1,2,112,Dormant,2010-03-30 12:16:00,2010-03-30 12:16:00,0,10,United Kingdom,106.5,0.0
15030,71,8,1979.91,59.99727272727273,49.18191424908699,33,3,4,4,344,Standard,2010-03-04 17:10:00,2011-09-29 10:50:00,573,25,United Kingdom,203.52,71.625
15031,3,14,3156.58,7.7940246913580244,9.301383978219587,405,5,5,5,555,Champions,2009-12-08 13:38:00,2011-12-05 14:19:00,727,237,United Kingdom,72.0,51.92857142857143
15032,255,8,13780.65,110.2452,110.6688493237603,125,2,4,5,245,At_Risk_HighValue,2009-12-10 15:27:00,2011-03-28 15:03:00,472,39,United Kingdom,330.0,59.0
15033,4,10,2586.67,5.071901960784314,5.425706812093853,510,5,5,4,554,Champions,2011-01-14 13:28:00,2011-12-05 12:40:00,324,315,United Kingdom,52.02,32.4
15034,15,14,8313.4,10.881413612565444,16.14656268673681,764,5,5,5,555,Champions,2010-05-11 13:30:00,2011-11-24 12:11:00,561,416,United Kingdom,212.5,40.07142857142857
15035,89,1,252.73000000000002,9.36037037037037,9.59699451410199,27,3,1,1,311,Standard,2011-09-11 11:08:00,2011-09-11 11:08:00,0,26,United Kingdom,35.400000000000006,0.0
15036,71,3,465.55,3.665748031496063,3.851825689508445,127,3,3,2,332,Standard,2011-06-13 12:19:00,2011-09-28 15:42:00,107,107,United Kingdom,23.4,35.666666666666664
15037,375,2,402.51,8.385625,12.21317685791727,48,2,2,2,222,Dormant,2010-11-28 12:14:00,2010-11-28 13:05:00,0,40,United Kingdom,61.2,0.0
15038,58,9,1309.86,4.612183098591549,4.321736353739403,284,4,5,4,454,Champions,2010-10-10 14:35:00,2011-10-12 11:33:00,366,190,United Kingdom,49.5,40.666666666666664
15039,9,93,40031.43,14.337904727793696,24.726171808092104,2792,5,5,5,555,Champions,2009-12-10 11:39:00,2011-11-30 11:31:00,719,562,United Kingdom,375.0,7.731182795698925
15040,541,1,7.49,7.49,0.0,1,1,1,1,111,Dormant,2010-06-16 11:40:00,2010-06-16 11:40:00,0,1,United Kingdom,7.49,0.0
15041,169,2,294.02,2.7478504672897195,2.9474478976742744,107,3,2,2,322,Standard,2010-09-21 13:16:00,2011-06-22 16:16:00,274,98,United Kingdom,16.5,137.0
15042,198,2,315.45,35.05,31.288004890053312,9,2,2,2,222,Dormant,2010-04-23 14:01:00,2011-05-24 16:25:00,396,9,United Kingdom,76.5,198.0
15043,30,6,2873.8,55.26538461538462,83.45518751628674,52,4,4,4,444,Champions,2010-06-24 15:50:00,2011-11-08 14:26:00,501,39,United Kingdom,350.4,83.5
15044,18,35,16204.33,17.709650273224042,12.473182501496238,915,5,5,5,555,Champions,2009-12-16 15:13:00,2011-11-20 13:20:00,703,344,United Kingdom,98.88,20.085714285714285
15045,151,2,735.66,61.305,49.67810428603879,12,3,2,3,323,Standard,2011-03-27 11:44:00,2011-07-11 11:33:00,105,11,United Kingdom,175.2,52.5
15046,8,25,7812.39,19.242339901477834,27.13900603532517,406,5,5,5,555,Champions,2010-01-14 14:29:00,2011-11-30 15:50:00,685,248,United Kingdom,232.0,27.4
15047,269,1,343.62,15.61909090909091,3.996572232600033,22,2,1,2,212,Dormant,2011-03-15 10:49:00,2011-03-15 10:49:00,0,22,United Kingdom,23.4,0.0
15048,64,4,482.75,4.022916666666666,4.824133378145765,120,3,3,2,332,Standard,2010-12-06 12:15:00,2011-10-05 14:55:00,303,86,United Kingdom,30.0,75.75
15049,273,1,121.17000000000002,40.39000000000001,39.74928049663289,3,2,1,1,211,Dormant,2011-03-11 12:13:00,2011-03-11 12:13:00,0,3,United Kingdom,81.12,0.0
15050,24,5,4193.79,26.88326923076923,23.665397120185393,156,4,4,5,445,Champions,2010-08-16 12:00:00,2011-11-14 16:17:00,455,116,United Kingdom,122.4,91.0
15051,22,9,3935.16,13.56951724137931,14.864362682834065,290,4,5,5,455,Champions,2009-12-01 13:29:00,2011-11-16 15:38:00,715,226,United Kingdom,85.80000000000001,79.44444444444444
15052,318,1,215.78,7.192666666666667,14.05494364697135,30,2,1,1,211,Dormant,2011-01-24 15:52:00,2011-01-24 15:52:00,0,27,United Kingdom,79.9,0.0
15053,4,3,697.79,9.828028169014084,10.145603498168668,71,5,3,3,533,Loyal,2011-03-03 12:06:00,2011-12-05 12:08:00,277,49,United Kingdom,50.0,92.33333333333333
15054,11,2,302.1,2.6500000000000004,2.596744387869011,114,5,2,2,522,Standard,2011-10-30 14:33:00,2011-11-27 15:02:00,28,105,United Kingdom,15.9,14.0
15055,474,3,560.07,6.589058823529412,7.746776383873276,85,1,3,2,132,Standard,2009-12-16 15:48:00,2010-08-22 11:06:00,248,77,United Kingdom,45.0,82.66666666666667
15056,519,1,133.45,19.064285714285713,8.332052282486904,7,1,1,1,111,Dormant,2010-07-07 15:58:00,2010-07-07 15:58:00,0,6,United Kingdom,30.0,0.0
15057,274,5,3255.96,46.513714285714286,36.51799691997933,70,2,4,5,245,At_Risk_HighValue,2009-12-05 15:27:00,2011-03-09 15:17:00,458,62,United Kingdom,269.1,91.6
15058,24,16,3410.03,9.551904761904762,11.25373649619253,357,4,5,5,455,Champions,2010-02-24 14:07:00,2011-11-14 14:57:00,628,232,United Kingdom,91.44,39.25
15059,40,19,3523.57,5.921966386554622,5.189482856904005,595,4,5,5,455,Champions,2009-12-06 12:17:00,2011-10-30 11:35:00,692,308,United Kingdom,54.45,36.421052631578945
15060,7,4,303.09000000000003,2.5048760330578514,2.614836551839803,121,5,3,2,532,HighEngagement_LowValue,2011-11-30 14:03:00,2011-12-01 13:47:00,0,81,United Kingdom,14.85,0.0
15061,3,127,137818.52,139.6337588652482,224.35774451190488,987,5,5,5,555,Champions,2009-12-01 12:18:00,2011-12-06 12:06:00,734,131,United Kingdom,2978.4,5.7795275590551185
15062,70,8,2585.62,16.26176100628931,5.899637570351915,159,3,4,4,344,Standard,2010-04-08 15:41:00,2011-09-29 16:51:00,539,98,United Kingdom,39.0,67.375
15063,212,1,370.79999999999995,74.16,101.46340719688058,5,2,1,2,212,Dormant,2011-05-10 13:25:00,2011-05-10 13:25:00,0,5,United Kingdom,255.2,0.0
15064,409,4,1254.41,15.486543209876544,7.283495582564362,81,2,3,4,234,Standard,2009-12-22 16:17:00,2010-10-25 14:32:00,306,75,United Kingdom,50.0,76.5
15065,37,5,3326.86,20.04132530120482,19.84989860418859,166,4,4,5,445,Champions,2010-10-25 09:13:00,2011-11-02 09:45:00,373,156,United Kingdom,250.0,74.6
15066,52,1,893.59,21.275952380952383,12.046816816583178,42,4,1,3,413,Standard,2011-10-17 13:25:00,2011-10-17 13:25:00,0,42,United Kingdom,66.4,0.0
15067,77,5,3877.88,21.785842696629214,15.340047680668151,178,3,4,5,345,Standard,2010-04-11 15:54:00,2011-09-22 13:20:00,528,170,United Kingdom,102.0,105.6
15068,45,4,1176.85,5.325113122171945,4.633524145817357,221,4,3,3,433,Loyal,2010-03-28 13:18:00,2011-10-24 14:47:00,575,178,United Kingdom,45.0,143.75
15069,178,1,1109.53,15.850428571428571,4.430248933272944,70,3,1,3,313,Standard,2011-06-13 14:16:00,2011-06-13 14:16:00,0,70,United Kingdom,29.700000000000003,0.0
15070,372,3,843.25,25.553030303030305,22.70528896051101,33,2,3,3,233,Standard,2009-12-15 13:49:00,2010-12-02 11:23:00,351,26,United Kingdom,106.2,117.0
15071,93,4,1455.5600000000002,26.954814814814817,29.412171703304775,54,3,3,4,334,Standard,2010-05-18 12:45:00,2011-09-07 11:43:00,476,41,United Kingdom,142.8,119.0
15072,478,1,187.52,14.424615384615386,5.849690327109371,13,1,1,1,111,Dormant,2010-08-17 15:46:00,2010-08-17 15:46:00,0,13,United Kingdom,29.700000000000003,0.0
15073,9,8,2788.02,17.534716981132075,8.463961188573103,159,5,4,4,544,Champions,2010-01-27 08:48:00,2011-11-30 10:44:00,672,115,United Kingdom,64.67999999999999,84.0
15074,104,3,1566.33,21.45657534246575,18.504346352739976,73,3,3,4,334,Standard,2010-08-29 11:47:00,2011-08-26 14:45:00,362,63,United Kingdom,122.4,120.66666666666667
15075,77,1,773.03,28.63074074074074,21.776542235577526,27,3,1,3,313,Standard,2011-09-23 12:27:00,2011-09-23 12:27:00,0,27,United Kingdom,102.0,0.0
15076,172,3,1447.74,18.09675,8.421205267926734,80,3,3,4,334,Standard,2010-07-05 14:11:00,2011-06-20 08:23:00,349,68,United Kingdom,50.400000000000006,116.33333333333333
15077,494,2,2428.08,75.8775,87.88831002306095,32,1,2,4,124,At_Risk_HighValue,2009-12-09 17:10:00,2010-08-02 11:13:00,235,28,United Kingdom,297.0,117.5
15078,6,53,17761.88,22.398335435056747,9.5524633637944,793,5,5,5,555,Champions,2009-12-04 12:03:00,2011-12-02 15:41:00,728,118,United Kingdom,76.5,13.735849056603774
15079,212,11,3767.35,25.981724137931035,38.01489158768405,145,2,5,5,255,At_Risk_HighValue,2009-12-08 11:22:00,2011-05-11 12:45:00,519,119,United Kingdom,326.4,47.18181818181818
15080,427,2,546.25,17.620967741935484,6.248050018386383,31,1,2,2,122,Dormant,2010-07-26 10:03:00,2010-10-08 11:52:00,74,31,United Kingdom,35.400000000000006,37.0
15081,21,12,1965.72,18.034128440366974,9.275709038587589,109,4,5,4,454,Champions,2010-06-22 10:25:00,2011-11-17 17:08:00,513,75,United Kingdom,53.1,42.75
15082,668,1,93.35000000000001,15.558333333333335,4.773511984552535,6,1,1,1,111,Dormant,2010-02-09 10:23:00,2010-02-09 10:23:00,0,6,United Kingdom,22.95,0.0
15083,256,1,88.2,17.64,9.632523033971939,5,2,1,1,211,Dormant,2011-03-28 12:18:00,2011-03-28 12:18:00,0,5,United Kingdom,34.8,0.0
15084,379,2,965.1999999999999,31.13548387096774,21.264844044997474,31,2,2,3,223,Dormant,2010-03-04 10:45:00,2010-11-25 11:58:00,266,31,United Kingdom,79.19999999999999,133.0
15085,729,1,347.54,38.61555555555556,15.901640725968432,9,1,1,2,112,Dormant,2009-12-10 11:47:00,2009-12-10 11:47:00,0,9,United Kingdom,61.2,0.0
15086,564,2,218.53,19.866363636363637,7.768554914174545,11,1,2,1,121,Dormant,2010-03-24 13:56:00,2010-05-24 12:27:00,60,10,United Kingdom,34.0,30.0
15087,281,1,306.94,20.462666666666667,11.71626187744847,15,2,1,2,212,Dormant,2011-03-03 10:34:00,2011-03-03 10:34:00,0,15,United Kingdom,60.48,0.0
15088,20,2,1160.07,20.352105263157895,13.310464161816732,57,4,2,3,423,Standard,2011-10-03 14:05:00,2011-11-18 13:14:00,45,53,United Kingdom,85.0,22.5
15089,9,6,2420.84,16.69544827586207,10.095612150508089,145,5,4,4,544,Champions,2011-08-03 14:14:00,2011-11-29 16:31:00,118,139,United Kingdom,68.0,19.666666666666668
15090,307,1,381.32,16.57913043478261,4.97084400465123,23,2,1,2,212,Dormant,2011-02-04 14:03:00,2011-02-04 14:03:00,0,23,United Kingdom,31.8,0.0
15091,67,3,1046.6100000000001,18.36157894736842,14.514614284215366,57,3,3,3,333,Standard,2010-02-03 11:46:00,2011-10-03 12:47:00,607,55,United Kingdom,83.4,202.33333333333334
15092,214,3,776.46,17.25466666666667,4.489473344290054,45,2,3,3,233,Standard,2010-09-03 12:33:00,2011-05-08 14:10:00,247,39,United Kingdom,38.25,82.33333333333333
15093,17,23,14326.11,43.15093373493976,48.80297695375214,332,5,5,5,555,Champions,2009-12-08 12:46:00,2011-11-21 13:09:00,713,104,United Kingdom,243.36,31.0
15094,462,2,83.0,16.6,1.2206555615733712,5,1,2,1,121,Dormant,2010-03-05 12:56:00,2010-09-02 16:55:00,181,4,United Kingdom,17.700000000000003,90.5
15095,103,10,3141.64,25.335806451612903,16.75632937552542,124,3,5,5,355,Standard,2010-01-21 09:37:00,2011-08-28 12:01:00,584,90,United Kingdom,122.4,58.4
15096,42,1,219.39000000000001,19.944545454545455,11.028455343914995,11,4,1,1,411,Standard,2011-10-28 10:27:00,2011-10-28 10:27:00,0,11,United Kingdom,46.8,0.0
15097,3,3,908.35,13.762878787878789,38.89976704558095,66,5,3,3,533,Loyal,2010-05-05 14:22:00,2011-12-05 14:03:00,578,59,United Kingdom,321.29999999999995,192.66666666666666
15098,181,3,39916.5,13305.5,22226.80778362021,3,3,3,5,335,Standard,2011-06-10 15:22:00,2011-06-10 15:33:00,0,1,United Kingdom,38970.0,0.0
15099,83,1,410.48,17.84695652173913,15.474018528071968,23,3,1,2,312,Standard,2011-09-16 13:13:00,2011-09-16 13:13:00,0,23,United Kingdom,79.67999999999999,0.0
15100,333,7,2894.7,160.81666666666666,160.05712307504098,18,2,4,4,244,At_Risk_HighValue,2010-01-07 14:33:00,2011-01-10 10:35:00,367,11,United Kingdom,350.4,52.42857142857143
15101,8,6,1477.94,25.481724137931035,25.151072464171452,58,5,4,4,544,Champions,2010-04-28 15:00:00,2011-12-01 10:18:00,581,52,United Kingdom,139.8,96.83333333333333
15102,530,2,554.67,20.543333333333333,13.649083654787399,27,1,2,2,122,Dormant,2010-06-11 10:16:00,2010-06-27 12:16:00,16,26,United Kingdom,76.19999999999999,8.0
15103,30,2,703.36,20.096,12.891941440979599,35,4,2,3,423,Standard,2011-09-14 13:54:00,2011-11-08 14:53:00,55,35,United Kingdom,85.0,27.5
15104,196,2,1027.44,14.890434782608697,5.962079294513492,69,2,2,3,223,Dormant,2011-03-02 14:16:00,2011-05-27 12:29:00,85,66,United Kingdom,33.9,42.5
15105,17,9,3094.91,20.496092715231786,18.866595982441556,151,5,5,5,555,Champions,2010-03-23 12:18:00,2011-11-21 16:54:00,608,129,United Kingdom,162.72,67.55555555555556
15106,17,5,1422.52,14.2252,5.194676078020222,100,5,4,4,544,Champions,2011-03-15 12:52:00,2011-11-22 09:16:00,251,90,United Kingdom,39.6,50.2
15107,310,9,940.35,20.00744680851064,11.232590290927925,47,2,5,3,253,Standard,2010-09-14 10:47:00,2011-02-01 14:46:00,140,32,United Kingdom,51.0,15.555555555555555
15108,141,4,1300.25,21.670833333333334,10.938438256770256,60,3,3,4,334,Standard,2011-04-26 10:54:00,2011-07-21 10:24:00,85,50,European Community,60.0,21.25
15109,245,3,983.1,20.48125,7.874761901162472,48,2,3,3,233,Standard,2009-12-04 12:33:00,2011-04-08 09:58:00,489,46,United Kingdom,51.0,163.0
15110,23,6,1505.8500000000001,28.4122641509434,24.138317180646577,53,4,4,4,444,Champions,2010-08-11 15:49:00,2011-11-16 11:16:00,461,23,United Kingdom,119.85,76.83333333333333
15111,28,5,2730.87,18.08523178807947,6.251668986165436,151,4,4,4,444,Champions,2010-04-26 13:12:00,2011-11-10 16:58:00,563,109,United Kingdom,39.6,112.6
15112,610,1,209.4,29.914285714285715,18.970475180433105,7,1,1,1,111,Dormant,2010-04-07 14:17:00,2010-04-07 14:17:00,0,7,United Kingdom,59.4,0.0
15113,9,3,3609.33,36.0933,35.14228837788376,100,5,3,5,535,Loyal,2011-10-16 15:27:00,2011-11-30 08:23:00,44,77,United Kingdom,244.8,14.666666666666666
15114,29,12,3400.12,14.7191341991342,6.13398630115701,231,4,5,5,455,Champions,2010-10-14 16:44:00,2011-11-09 15:05:00,390,151,United Kingdom,51.0,32.5
15115,17,2,531.85,15.195714285714287,7.516889721981891,35,5,2,2,522,Standard,2009-12-07 11:20:00,2011-11-21 14:59:00,714,35,United Kingdom,34.0,357.0
15116,17,4,1352.75,30.06111111111111,28.533694613260803,45,5,3,4,534,Loyal,2011-05-19 08:50:00,2011-11-22 12:25:00,187,37,United Kingdom,157.92000000000002,46.75
15117,14,8,2485.97,18.97687022900763,23.94459541023722,131,5,4,4,544,Champions,2010-03-15 13:39:00,2011-11-25 08:12:00,619,89,United Kingdom,192.0,77.375
15118,133,1,244.8,244.8,0.0,1,3,1,1,311,Standard,2011-07-28 14:54:00,2011-07-28 14:54:00,0,1,United Kingdom,244.8,0.0
15119,245,1,266.4,19.02857142857143,8.29317871426953,14,2,1,1,211,Dormant,2011-04-08 09:08:00,2011-04-08 09:08:00,0,14,United Kingdom,39.95,0.0
15120,133,1,358.82,17.086666666666666,8.278181160939482,21,3,1,2,312,Standard,2011-07-29 09:48:00,2011-07-29 09:48:00,0,21,United Kingdom,39.95,0.0
15121,49,2,457.72,16.34714285714286,4.678321048270184,28,4,2,2,422,Standard,2011-02-24 12:41:00,2011-10-20 14:51:00,238,28,United Kingdom,25.5,119.0
15122,113,11,4497.47,19.725745614035088,11.131098432097646,228,3,5,5,355,Standard,2010-03-30 14:05:00,2011-08-17 16:48:00,505,155,United Kingdom,70.80000000000001,45.90909090909091
15123,6,5,4656.17,25.443551912568307,20.360966695791372,183,5,4,5,545,Champions,2010-03-16 09:49:00,2011-12-02 13:12:00,626,149,United Kingdom,141.60000000000002,125.2
15124,22,4,450.82,14.54258064516129,6.322359774505052,31,4,3,2,432,Loyal,2010-02-26 10:49:00,2011-11-17 10:09:00,628,30,United Kingdom,34.8,157.0
15125,24,24,17024.87,70.93695833333332,58.684611822590526,240,4,5,5,455,Champions,2010-03-31 13:29:00,2011-11-14 13:57:00,593,151,United Kingdom,439.2000000000001,24.708333333333332
15126,536,2,449.49,17.9796,8.876384624383961,25,1,2,2,122,Dormant,2010-01-21 17:09:00,2010-06-21 12:31:00,150,25,United Kingdom,46.5,75.0
15127,65,2,711.5,25.410714285714285,14.027377709209423,28,3,2,3,323,Standard,2010-07-08 10:07:00,2011-10-05 10:30:00,454,27,United Kingdom,60.0,227.0
15128,59,5,1783.68,14.501463414634147,7.207705653790485,123,3,4,4,344,Standard,2010-10-05 16:46:00,2011-10-10 13:54:00,369,87,United Kingdom,49.8,73.8
15129,49,23,6860.18,33.14096618357488,43.38866189012235,207,4,5,5,455,Champions,2010-04-08 17:15:00,2011-10-20 14:40:00,559,86,United Kingdom,408.0,24.304347826086957
15130,169,1,330.11,15.005,5.603096720309482,22,3,1,2,312,Standard,2011-06-23 10:15:00,2011-06-23 10:15:00,0,22,United Kingdom,35.400000000000006,0.0
15131,394,1,80.28,11.468571428571428,4.327013706824561,7,2,1,1,211,Dormant,2010-11-10 12:07:00,2010-11-10 12:07:00,0,7,United Kingdom,17.700000000000003,0.0
15132,17,5,977.9300000000001,18.806346153846157,15.273162548430149,52,5,4,3,543,Loyal,2011-03-22 12:02:00,2011-11-21 17:10:00,244,49,United Kingdom,102.0,48.8
15133,127,5,1806.9,36.875510204081635,27.279774945707228,49,3,4,4,344,Standard,2010-07-07 12:31:00,2011-08-04 10:44:00,392,45,United Kingdom,102.0,78.4
15134,14,10,1596.29,18.779882352941176,9.20730681554157,85,5,5,4,554,Champions,2010-10-13 12:44:00,2011-11-25 08:55:00,407,47,United Kingdom,53.1,40.7
15135,238,2,305.68,15.284,1.7615376058552101,20,2,2,2,222,Dormant,2010-06-01 13:33:00,2011-04-14 19:16:00,317,17,United Kingdom,19.5,158.5
15136,2,4,1286.7,18.92205882352941,7.249032577518258,68,5,3,4,534,Loyal,2011-09-04 16:05:00,2011-12-07 12:26:00,93,61,United Kingdom,52.2,23.25
15137,520,2,823.4,24.21764705882353,13.05768810082108,34,1,2,3,123,Dormant,2010-01-28 15:45:00,2010-07-07 09:41:00,159,34,United Kingdom,63.900000000000006,79.5
15138,393,1,502.52,16.210322580645162,6.860951092412271,31,2,1,2,212,Dormant,2010-11-11 09:16:00,2010-11-11 09:16:00,0,31,United Kingdom,39.95,0.0
15139,239,2,178.96,13.766153846153847,5.860519798421665,13,2,2,1,221,Dormant,2011-01-07 12:44:00,2011-04-14 11:39:00,96,13,United Kingdom,23.4,48.0
15140,51,8,3243.69,28.96151785714286,18.182519385081577,112,4,4,5,445,Champions,2010-09-23 13:07:00,2011-10-18 14:07:00,390,103,United Kingdom,95.2,48.75
15141,457,7,1388.47,17.355875,6.485534184249074,80,1,4,4,144,Standard,2010-03-28 15:58:00,2010-09-08 11:33:00,163,44,United Kingdom,40.32,23.285714285714285
15142,45,6,2619.92,18.450140845070422,10.532708459734016,142,4,4,4,444,Champions,2010-07-27 09:05:00,2011-10-24 12:51:00,454,115,United Kingdom,53.1,75.66666666666667
15143,225,2,563.63,18.181612903225805,7.136828939510036,31,2,2,2,222,Dormant,2010-10-03 13:58:00,2011-04-28 12:03:00,206,27,United Kingdom,39.8,103.0
15144,7,29,12160.31,34.84329512893983,23.47362579128085,349,5,5,5,555,Champions,2009-12-13 11:35:00,2011-12-01 15:12:00,718,199,United Kingdom,130.8,24.75862068965517
15145,3,4,1194.73,17.83179104477612,9.588394014320542,67,5,3,3,533,Loyal,2011-04-05 15:20:00,2011-12-05 17:21:00,244,54,United Kingdom,68.0,61.0
15146,164,2,1327.16,14.584175824175825,9.478628834961551,91,3,2,4,324,Standard,2011-02-21 13:07:00,2011-06-28 12:09:00,126,90,United Kingdom,81.6,63.0
15147,239,1,623.5,22.267857142857142,15.243506293729935,28,2,1,3,213,Dormant,2011-04-13 15:57:00,2011-04-13 15:57:00,0,28,United Kingdom,87.6,0.0
15148,10,1,301.29,15.0645,4.953336435384262,20,5,1,2,512,Standard,2011-11-29 08:21:00,2011-11-29 08:21:00,0,20,United Kingdom,23.4,0.0
15149,133,5,1554.6100000000001,22.53057971014493,26.479792677572632,69,3,4,4,344,Standard,2010-02-28 11:13:00,2011-07-29 10:58:00,515,62,United Kingdom,220.0,103.0
15150,16,13,9001.08,15.654052173913044,6.291512763590012,575,5,5,5,555,Champions,2010-06-14 12:01:00,2011-11-22 12:52:00,526,495,United Kingdom,51.0,40.46153846153846
15151,422,2,2085.61,36.58964912280702,52.29347084227465,57,1,2,4,124,Dormant,2010-07-18 12:19:00,2010-10-12 16:37:00,86,56,United Kingdom,295.0,43.0
15152,9,14,5263.83,17.5461,7.173207101690698,300,5,5,5,555,Champions,2010-01-07 15:15:00,2011-11-30 12:32:00,691,214,United Kingdom,45.0,49.357142857142854
15153,30,1,329.25,14.965909090909092,4.850521483099385,22,4,1,2,412,Standard,2011-11-08 17:09:00,2011-11-08 17:09:00,0,22,United Kingdom,28.08,0.0
15154,74,3,1388.41,7.385159574468085,7.290510825912137,188,3,3,4,334,Standard,2010-08-18 17:41:00,2011-09-25 16:05:00,402,166,United Kingdom,39.8,134.0
15155,382,1,383.96999999999997,15.99875,5.558817760217036,24,2,1,2,212,Dormant,2010-11-21 12:59:00,2010-11-21 12:59:00,0,24,United Kingdom,31.8,0.0
15156,0,3,961.49,17.481636363636365,9.828021307887102,55,5,3,3,533,Loyal,2011-11-06 12:41:00,2011-12-08 18:22:00,32,51,United Kingdom,47.8,10.666666666666666
15157,3,5,2654.11,17.46125,13.285910144244056,152,5,4,4,544,Champions,2009-12-10 14:44:00,2011-12-06 11:28:00,725,152,United Kingdom,90.0,145.0
15158,44,2,606.02,55.092727272727274,57.075708509121306,11,4,2,2,422,Standard,2010-11-03 13:46:00,2011-10-25 13:53:00,356,11,United Kingdom,165.0,178.0
15159,1,34,22116.73,27.304604938271606,25.237702575756064,810,5,5,5,555,Champions,2010-10-04 09:31:00,2011-12-08 12:05:00,430,413,United Kingdom,250.0,12.647058823529411
15160,356,4,589.27,25.620434782608694,20.347453822901254,23,2,3,2,232,Standard,2010-10-14 15:26:00,2010-12-17 14:15:00,63,17,United Kingdom,106.2,15.75
15161,387,1,119.92,3.633939393939394,2.236322231077651,33,2,1,1,211,Dormant,2010-11-16 16:08:00,2010-11-16 16:08:00,0,33,United Kingdom,9.0,0.0
15162,730,1,312.9,26.075,14.235686591354582,12,1,1,2,112,Dormant,2009-12-08 13:14:00,2009-12-08 13:14:00,0,12,United Kingdom,65.69999999999999,0.0
15163,17,2,304.47,10.49896551724138,12.992951755478698,29,5,2,2,522,Standard,2011-05-31 15:22:00,2011-11-21 13:10:00,173,29,United Kingdom,69.3,86.5
15164,68,9,2068.92,5.731080332409973,4.686989699236708,361,3,5,4,354,Standard,2010-01-18 13:34:00,2011-10-02 12:05:00,621,243,United Kingdom,29.700000000000003,69.0
15165,372,1,975.5,18.064814814814813,4.086028075865058,54,2,1,3,213,Dormant,2010-12-01 14:03:00,2010-12-01 14:03:00,0,27,United Kingdom,26.1,0.0
15166,467,1,167.16,13.93,4.662420362468793,12,1,1,1,111,Dormant,2010-08-29 12:31:00,2010-08-29 12:31:00,0,12,United Kingdom,19.8,0.0
15167,320,5,1659.67,5.3024600638977635,6.474431220873123,313,2,4,4,244,Standard,2010-02-04 14:13:00,2011-01-23 12:41:00,352,262,United Kingdom,79.19999999999999,70.4
15168,25,1,106.56,21.312,15.497861788001599,5,4,1,1,411,Standard,2011-11-14 11:26:00,2011-11-14 11:26:00,0,5,United Kingdom,47.7,0.0
15169,381,2,569.22,9.647796610169491,7.4992496332211545,59,2,2,2,222,Dormant,2009-12-13 11:16:00,2010-11-22 13:04:00,344,58,United Kingdom,40.8,172.0
15170,406,1,81.15,20.2875,6.998615934597354,4,2,1,1,211,Dormant,2010-10-29 10:34:00,2010-10-29 10:34:00,0,4,United Kingdom,30.6,0.0
15171,330,1,1289.5,257.9,274.1056821738652,5,2,1,4,214,Dormant,2011-01-12 15:36:00,2011-01-12 15:36:00,0,5,United Kingdom,745.0,0.0
15172,8,5,1624.05,14.764090909090909,6.194760777671495,110,5,4,4,544,Champions,2011-04-17 11:56:00,2011-12-01 11:51:00,227,106,United Kingdom,40.8,45.4
15173,380,7,1494.6,17.37906976744186,11.089414096643695,86,2,4,4,244,Standard,2010-04-01 12:26:00,2010-11-24 10:21:00,236,68,United Kingdom,101.88,33.714285714285715
15174,322,2,481.46,14.160588235294117,6.783442828917387,34,2,2,2,222,Dormant,2010-10-25 09:40:00,2011-01-21 09:06:00,87,34,United Kingdom,37.8,43.5
15175,71,1,224.14,9.745217391304347,4.598980983539344,23,3,1,1,311,Standard,2011-09-29 11:31:00,2011-09-29 11:31:00,0,23,United Kingdom,19.5,0.0
15176,667,1,988.0400000000001,19.000769230769233,7.024453323549171,52,1,1,3,113,Dormant,2010-02-10 10:36:00,2010-02-10 10:36:00,0,52,United Kingdom,49.95,0.0
15177,425,1,948.9300000000001,36.49730769230769,36.994868136831336,26,1,1,3,113,Dormant,2010-10-10 12:48:00,2010-10-10 12:48:00,0,26,United Kingdom,204.0,0.0
15178,259,1,40.5,13.5,5.5677643628300215,3,2,1,1,211,Dormant,2011-03-24 15:12:00,2011-03-24 15:12:00,0,3,United Kingdom,19.5,0.0
15179,17,13,7491.92,23.859617834394903,17.550686828731013,314,5,5,5,555,Champions,2009-12-03 12:27:00,2011-11-21 12:53:00,718,225,United Kingdom,114.48,55.23076923076923
15180,366,3,904.4300000000001,15.593620689655173,5.100712264771018,58,2,3,3,233,Standard,2010-04-29 15:27:00,2010-12-07 14:57:00,221,46,United Kingdom,35.400000000000006,73.66666666666667
15181,65,5,1200.2,60.010000000000005,66.11880964955195,20,3,4,3,343,Standard,2009-12-08 19:02:00,2011-10-04 13:58:00,664,15,United Kingdom,238.8,132.8
15182,153,11,2998.952,23.991616,22.379797722349743,125,3,5,5,355,Standard,2010-02-21 12:03:00,2011-07-08 13:37:00,502,78,United Kingdom,166.8,45.63636363636363
15183,547,3,639.93,16.840263157894736,13.919332363385458,38,1,3,3,133,Standard,2010-05-04 11:31:00,2010-06-10 10:43:00,36,33,United Kingdom,95.4,12.0
15184,28,4,689.95,8.117058823529412,7.375614231649975,85,4,3,3,433,Loyal,2009-12-16 12:06:00,2011-11-10 13:41:00,694,72,United Kingdom,39.6,173.5
15185,69,1,310.62,14.791428571428572,15.745971639030182,21,3,1,2,312,Standard,2011-09-30 14:06:00,2011-09-30 14:06:00,0,21,United Kingdom,79.9,0.0
15186,13,5,1403.2,26.984615384615385,13.40648386614074,52,5,4,4,544,Champions,2010-01-12 10:14:00,2011-11-25 14:58:00,682,29,United Kingdom,60.0,136.4
15187,1,16,4777.18,52.49648351648352,68.37554413959597,91,5,5,5,555,Champions,2011-05-11 13:49:00,2011-12-08 11:56:00,210,61,United Kingdom,306.0,13.125
15188,724,1,310.43,13.496956521739131,10.121151764669783,23,1,1,2,112,Dormant,2009-12-14 13:30:00,2009-12-14 13:30:00,0,23,United Kingdom,39.0,0.0
15189,0,46,17524.38,72.71526970954358,71.73847203579905,241,5,5,5,555,Champions,2010-07-18 13:37:00,2011-12-08 13:22:00,507,90,United Kingdom,350.4,11.021739130434783
15190,433,1,834.4399999999999,20.860999999999997,10.453455519955703,40,1,1,3,113,Dormant,2010-10-01 13:09:00,2010-10-01 13:09:00,0,40,United Kingdom,51.0,0.0
15191,462,3,588.05,16.80142857142857,5.315314800514776,35,1,3,2,132,Standard,2010-01-20 12:35:00,2010-09-02 15:37:00,225,33,United Kingdom,30.0,75.0
15192,119,5,1981.39,18.69235849056604,12.243654103784444,106,3,4,4,344,Standard,2010-01-29 10:13:00,2011-08-12 11:41:00,560,56,United Kingdom,69.6,112.0
15193,60,1,499.32,26.28,16.647016416029498,19,3,1,2,312,Standard,2011-10-10 08:23:00,2011-10-10 08:23:00,0,19,United Kingdom,70.8,0.0
15194,2,28,12427.69,25.259532520325205,21.948070743309515,492,5,5,5,555,Champions,2009-12-03 10:37:00,2011-12-06 15:10:00,733,274,United Kingdom,232.0,26.178571428571427
15195,2,1,3861.0,3861.0,0.0,1,5,1,5,515,Standard,2011-12-07 12:20:00,2011-12-07 12:20:00,0,1,United Kingdom,3861.0,0.0
15196,432,2,316.25,7.354651162790698,5.983547024505023,43,1,2,2,122,Dormant,2009-12-13 11:14:00,2010-10-03 10:50:00,293,34,United Kingdom,35.400000000000006,146.5
15197,10,6,1877.51,31.82220338983051,57.35092089775008,59,5,4,4,544,Champions,2009-12-11 12:56:00,2011-11-29 10:00:00,717,44,United Kingdom,419.4,119.5
15198,91,5,571.35,18.43064516129032,16.02013544168377,31,3,4,2,342,Standard,2010-01-19 10:01:00,2011-09-08 14:42:00,597,28,United Kingdom,91.8,119.4
15199,58,10,3122.4,61.22352941176471,56.159646858702,51,4,5,5,455,Champions,2010-05-13 10:14:00,2011-10-11 15:12:00,516,17,United Kingdom,255.0,51.6
15200,494,1,549.0500000000001,18.30166666666667,6.177189453159899,30,1,1,2,112,Dormant,2010-08-02 09:38:00,2010-08-02 09:38:00,0,30,United Kingdom,45.9,0.0
15201,86,7,1842.95,18.4295,14.11531766120648,100,3,4,4,344,Standard,2010-04-07 14:50:00,2011-09-13 14:53:00,524,44,United Kingdom,120.0,74.85714285714286
15202,419,3,6001.49,2000.4966666666667,803.630424034166,3,1,3,5,135,At_Risk_HighValue,2010-10-15 12:39:00,2010-10-15 13:05:00,0,1,United Kingdom,2667.88,0.0
15203,25,15,4400.18,12.828513119533529,5.942949811422326,343,4,5,5,455,Champions,2009-12-08 18:06:00,2011-11-14 08:16:00,705,150,United Kingdom,33.0,47.0
15204,356,1,316.58,35.175555555555555,19.571984513017014,9,2,1,2,212,Dormant,2010-12-17 13:49:00,2010-12-17 13:49:00,0,9,United Kingdom,68.0,0.0
15205,84,2,653.24,17.655135135135136,13.446665555615063,37,3,2,3,323,Standard,2011-08-04 16:07:00,2011-09-15 19:36:00,42,37,United Kingdom,87.6,21.0
15206,9,4,420.3,46.7,21.75,9,5,3,2,532,Loyal,2011-03-09 08:59:00,2011-11-29 13:41:00,265,3,United Kingdom,61.2,66.25
15207,415,3,683.92,28.496666666666666,23.034235138284863,24,1,3,3,133,Standard,2010-06-10 17:29:00,2010-10-19 13:29:00,130,19,United Kingdom,100.8,43.333333333333336
15208,0,6,970.52,20.219166666666666,11.347082075635377,48,5,4,3,543,Loyal,2010-10-12 12:17:00,2011-12-08 17:24:00,422,27,United Kingdom,66.0,70.33333333333333
15209,729,1,178.98000000000002,13.76769230769231,7.544681519505593,13,1,1,1,111,Dormant,2009-12-09 17:26:00,2009-12-09 17:26:00,0,13,United Kingdom,34.0,0.0
15210,224,3,1176.19,17.55507462686567,12.764703865232196,67,2,3,3,233,Standard,2010-05-13 14:42:00,2011-04-28 16:11:00,350,66,United Kingdom,93.6,116.66666666666667
15211,59,2,1277.48,17.033066666666667,5.520109912079781,75,3,2,4,324,Standard,2010-12-09 16:08:00,2011-10-10 13:31:00,304,52,United Kingdom,38.25,152.0
15212,240,2,208.28,20.828,10.402235657139606,10,2,2,1,221,Dormant,2010-11-28 10:45:00,2011-04-12 13:45:00,135,7,United Kingdom,39.8,67.5
15213,318,2,328.35,13.68125,4.269070067254745,24,2,2,2,222,Dormant,2011-01-14 11:05:00,2011-01-25 12:21:00,11,22,United Kingdom,19.5,5.5
15214,1,8,1661.44,15.104000000000001,6.26980329791098,110,5,4,4,544,Champions,2011-04-11 09:46:00,2011-12-08 12:07:00,241,109,United Kingdom,30.0,30.125
15215,46,7,2422.4300000000003,21.437433628318587,19.71759610179451,113,4,4,4,444,Champions,2010-04-06 11:21:00,2011-10-24 11:41:00,566,85,United Kingdom,175.2,80.85714285714286
15216,87,2,486.09000000000003,20.25375,11.427761701225661,24,3,2,2,322,Standard,2010-03-31 09:52:00,2011-09-13 11:41:00,531,24,United Kingdom,63.6,265.5
15217,562,1,426.24,15.222857142857142,2.9077837521394807,28,1,1,2,112,Dormant,2010-05-25 13:51:00,2010-05-25 13:51:00,0,28,United Kingdom,19.8,0.0
15218,10,22,11516.57,28.719625935162092,35.540990202999765,401,5,5,5,555,Champions,2010-01-26 11:33:00,2011-11-29 11:48:00,672,139,United Kingdom,255.2,30.545454545454547
15219,175,2,685.45,26.36346153846154,19.751514563153417,26,3,2,3,323,Standard,2010-03-01 11:33:00,2011-06-16 16:57:00,472,26,United Kingdom,89.2,236.0
15220,51,6,1778.96,15.204786324786324,7.583805522555895,117,4,4,4,444,Champions,2011-03-04 10:24:00,2011-10-19 12:39:00,229,110,United Kingdom,46.8,38.166666666666664
15221,365,4,2465.45,72.51323529411764,33.37334335650901,34,2,3,4,234,At_Risk_HighValue,2010-03-12 10:40:00,2010-12-08 13:08:00,271,21,United Kingdom,175.6,67.75
15222,318,11,3550.91,25.73123188405797,27.082768795392198,138,2,5,5,255,At_Risk_HighValue,2009-12-16 13:49:00,2011-01-25 08:03:00,404,98,United Kingdom,165.0,36.72727272727273
15223,225,5,1417.95,41.70441176470588,38.245281680955294,34,2,4,4,244,Standard,2009-12-05 11:19:00,2011-04-28 11:31:00,509,26,United Kingdom,175.2,101.8
15224,357,5,871.36,24.896,19.703814381395055,35,2,4,3,243,Standard,2010-01-15 16:14:00,2010-12-16 15:02:00,334,24,United Kingdom,94.5,66.8
15225,233,1,409.40000000000003,17.8,5.382125298362418,23,2,1,2,212,Dormant,2011-04-19 14:51:00,2011-04-19 14:51:00,0,23,United Kingdom,35.400000000000006,0.0
15226,310,1,154.41,19.30125,8.568197739314845,8,2,1,1,211,Dormant,2011-02-02 11:41:00,2011-02-02 11:41:00,0,8,United Kingdom,30.6,0.0
15227,36,9,2488.4900000000002,20.737416666666668,10.170251601610259,120,4,5,4,454,Champions,2010-03-16 08:23:00,2011-11-03 11:59:00,597,86,United Kingdom,71.4,66.33333333333333
15228,65,6,5580.27,23.847307692307695,15.047541256650014,234,3,4,5,345,Standard,2010-07-28 10:21:00,2011-10-04 13:56:00,433,184,United Kingdom,102.0,72.16666666666667
15229,585,1,160.5,17.833333333333332,7.291776189653658,9,1,1,1,111,Dormant,2010-05-02 13:50:00,2010-05-02 13:50:00,0,9,United Kingdom,30.0,0.0
15230,238,2,429.6,18.678260869565218,14.000193392227226,23,2,2,2,222,Dormant,2011-04-13 11:04:00,2011-04-14 14:39:00,1,23,United Kingdom,59.400000000000006,0.5
15231,620,1,250.26000000000002,17.875714285714288,4.817590706959259,14,1,1,1,111,Dormant,2010-03-28 15:12:00,2010-03-28 15:12:00,0,14,United Kingdom,30.0,0.0
15232,112,2,612.06,19.743870967741934,10.872788565165598,31,3,2,2,322,Standard,2011-07-22 12:21:00,2011-08-18 16:27:00,27,26,United Kingdom,50.0,13.5
15233,400,1,59.400000000000006,59.400000000000006,0.0,1,2,1,1,211,Dormant,2010-11-03 13:36:00,2010-11-03 13:36:00,0,1,United Kingdom,59.400000000000006,0.0
15234,276,1,197.0,14.071428571428571,5.162520042267457,14,2,1,1,211,Dormant,2011-03-08 08:53:00,2011-03-08 08:53:00,0,14,United Kingdom,19.8,0.0
15235,217,16,2937.81,15.710213903743314,5.783618965759758,187,2,5,4,254,At_Risk_HighValue,2010-11-16 12:48:00,2011-05-06 09:44:00,170,161,United Kingdom,35.400000000000006,10.625
15236,298,1,321.05,21.403333333333332,20.52779010674716,15,2,1,2,212,Dormant,2011-02-14 10:52:00,2011-02-14 10:52:00,0,15,United Kingdom,90.0,0.0
15237,1,4,1412.32,14.265858585858584,4.7588555497160545,99,5,3,4,534,Loyal,2011-04-26 15:04:00,2011-12-08 09:46:00,225,94,United Kingdom,30.0,56.25
15238,28,3,1071.99,21.4398,25.11740379554725,50,4,3,3,433,Loyal,2011-06-08 16:00:00,2011-11-10 14:28:00,154,49,United Kingdom,135.2,51.333333333333336
15239,9,2,780.59,15.930408163265307,6.087407753984064,49,5,2,3,523,Standard,2011-09-22 09:53:00,2011-11-29 14:14:00,68,48,United Kingdom,35.400000000000006,34.0
15240,44,12,4459.9800000000005,19.910625000000003,12.135636938890189,224,4,5,5,455,Champions,2009-12-05 14:57:00,2011-10-26 09:50:00,689,134,United Kingdom,101.76,57.416666666666664
15241,66,11,3050.16,16.57695652173913,11.429126461380605,184,3,5,5,355,Standard,2010-02-23 13:59:00,2011-10-04 09:05:00,587,120,United Kingdom,85.0,53.36363636363637
15242,421,1,302.04,75.51,22.309970865063896,4,1,1,2,112,Dormant,2010-10-13 15:33:00,2010-10-13 15:33:00,0,4,United Kingdom,102.0,0.0
15243,73,2,927.28,15.201311475409836,4.824314277839506,61,3,2,3,323,Standard,2010-09-30 17:28:00,2011-09-26 14:12:00,360,56,United Kingdom,35.400000000000006,180.0
15244,64,3,912.08,19.00166666666667,13.553632838488998,48,3,3,3,333,Standard,2010-02-11 14:48:00,2011-10-05 13:19:00,600,44,United Kingdom,79.9,200.0
15245,133,8,4610.84,31.154324324324325,39.055261078473194,148,3,4,5,345,Standard,2010-04-23 14:23:00,2011-07-28 18:56:00,461,72,United Kingdom,244.8,57.625
15246,237,3,780.4,15.301960784313724,3.466741420762641,51,2,3,3,233,Standard,2010-06-02 11:28:00,2011-04-15 14:45:00,317,45,United Kingdom,23.4,105.66666666666667
15247,121,3,976.06,57.41529411764706,38.40490497931987,17,3,3,3,333,Standard,2010-06-20 14:08:00,2011-08-09 12:52:00,414,13,United Kingdom,163.2,138.0
15248,410,3,1893.93,17.867264150943395,10.421683122726007,106,1,3,4,134,Standard,2010-06-23 14:34:00,2010-10-24 13:09:00,122,103,United Kingdom,102.0,40.666666666666664
15249,31,18,9266.0,18.45816733067729,8.438687985584748,502,4,5,5,455,Champions,2010-03-26 14:51:00,2011-11-08 11:45:00,591,304,United Kingdom,59.400000000000006,32.833333333333336
15250,640,1,60.0,20.0,0.0,3,1,1,1,111,Dormant,2010-03-09 07:35:00,2010-03-09 07:35:00,0,3,United Kingdom,20.0,0.0
15251,8,21,20324.54,88.3675652173913,43.90456650491849,230,5,5,5,555,Champions,2010-01-29 12:42:00,2011-11-30 15:02:00,670,183,United Kingdom,348.0,31.904761904761905
15252,35,5,2103.41,17.82550847457627,12.375864959667574,118,4,4,4,444,Champions,2010-04-07 10:24:00,2011-11-03 13:30:00,575,106,United Kingdom,81.6,115.0
15253,15,8,2055.09,17.716293103448276,7.010255410613723,116,5,4,4,544,Champions,2010-05-02 11:17:00,2011-11-23 16:22:00,570,102,United Kingdom,53.1,71.25
15254,126,3,1088.35,16.244029850746266,10.567083692139056,67,3,3,3,333,Standard,2010-05-28 10:08:00,2011-08-04 15:04:00,433,64,United Kingdom,79.0,144.33333333333334
15255,66,9,3729.42,19.732380952380954,16.17642877845157,189,3,5,5,355,Standard,2009-12-03 09:10:00,2011-10-04 12:43:00,670,137,United Kingdom,165.20000000000002,74.44444444444444
15256,148,2,170.4,17.04,7.720096430025269,10,3,2,1,321,Standard,2010-05-27 11:41:00,2011-07-14 11:47:00,413,6,United Kingdom,25.200000000000003,206.5
15257,282,2,685.9,57.15833333333333,84.43567975181769,12,2,2,3,223,Dormant,2010-10-21 14:03:00,2011-03-01 12:58:00,130,11,United Kingdom,290.0,65.0
15258,168,2,623.16,18.328235294117647,5.97422112108056,34,3,2,3,323,Standard,2011-05-06 14:16:00,2011-06-24 12:30:00,48,32,United Kingdom,38.25,24.0
15259,512,4,1182.3799999999999,20.74350877192982,37.34211919589059,57,1,3,3,133,Standard,2010-01-26 09:41:00,2010-07-15 08:47:00,169,50,United Kingdom,295.0,42.25
15260,99,25,9188.23,23.086005025125626,22.33679963658654,398,3,5,5,355,Standard,2009-12-06 11:45:00,2011-08-31 13:55:00,633,186,United Kingdom,244.8,25.32
15261,134,4,1508.0,16.391304347826086,8.756437157119002,92,3,3,4,334,Standard,2010-10-01 11:59:00,2011-07-27 15:20:00,299,87,United Kingdom,70.80000000000001,74.75
15262,323,3,418.82,16.108461538461537,3.828522108916383,26,2,3,2,232,Standard,2010-08-08 15:55:00,2011-01-20 12:16:00,164,22,United Kingdom,23.6,54.666666666666664
15263,106,1,156.51,13.042499999999999,4.250249457919554,12,3,1,1,311,Standard,2011-08-25 10:26:00,2011-08-25 10:26:00,0,12,United Kingdom,17.4,0.0
15264,63,2,848.4,15.425454545454546,4.689006772418283,55,3,2,3,323,Standard,2010-06-27 13:29:00,2011-10-06 13:49:00,466,52,United Kingdom,29.700000000000003,233.0
15265,150,4,3345.64,17.334922279792746,5.748376593219148,193,3,3,5,335,Standard,2009-12-01 17:08:00,2011-07-11 14:46:00,586,179,United Kingdom,63.75,146.5
15266,337,5,852.21,18.938000000000002,21.761921038197137,45,2,4,3,243,Standard,2010-01-07 12:19:00,2011-01-05 13:40:00,363,38,United Kingdom,158.0,72.6
15267,21,5,1717.36,156.12363636363636,83.16646526968997,11,4,4,4,444,Champions,2011-06-10 10:24:00,2011-11-17 15:59:00,160,8,United Kingdom,306.0,32.0
15268,478,3,961.9000000000001,43.722727272727276,58.54622863554824,22,1,3,3,133,Standard,2010-04-13 11:27:00,2010-08-18 10:33:00,126,21,United Kingdom,266.40000000000003,42.0
15269,23,3,1225.3600000000001,35.010285714285715,48.292836850742546,35,4,3,3,433,Loyal,2010-11-14 12:58:00,2011-11-16 09:32:00,366,33,United Kingdom,290.0,122.0
15270,15,21,8524.86,50.74321428571429,51.71955901606357,168,5,5,5,555,Champions,2009-12-17 15:02:00,2011-11-24 09:24:00,706,66,United Kingdom,290.0,33.61904761904762
15271,6,24,4709.54,7.547339743589744,7.156937253958686,624,5,5,5,555,Champions,2010-08-05 14:57:00,2011-12-02 14:11:00,483,369,United Kingdom,43.35,20.125
15272,56,6,2085.48,6.793094462540717,9.524917470052385,307,4,4,4,444,Champions,2010-02-14 13:39:00,2011-10-13 12:59:00,605,257,United Kingdom,125.0,100.83333333333333
15273,599,1,228.96,228.96,0.0,1,1,1,1,111,Dormant,2010-04-19 11:31:00,2010-04-19 11:31:00,0,1,United Kingdom,228.96,0.0
15274,3,2,716.57,15.246170212765959,6.934590221174945,47,5,2,3,523,Standard,2011-11-21 14:17:00,2011-12-05 16:57:00,14,44,United Kingdom,35.400000000000006,7.0
15275,37,1,615.14,15.003414634146342,5.163671954024625,41,4,1,2,412,Standard,2011-11-02 11:20:00,2011-11-02 11:20:00,0,41,United Kingdom,24.9,0.0
15276,65,4,649.53,3.4185789473684207,3.1764581422888556,190,3,3,3,333,Standard,2010-10-01 12:24:00,2011-10-04 16:39:00,368,160,United Kingdom,19.8,92.0
15277,46,2,476.34000000000003,18.320769230769233,10.985260278419233,26,4,2,2,422,Standard,2010-10-10 16:02:00,2011-10-24 10:08:00,378,23,United Kingdom,45.0,189.0
15278,561,4,496.16,17.10896551724138,11.803271442645404,29,1,3,2,132,Standard,2010-02-12 14:53:00,2010-05-27 10:03:00,103,29,United Kingdom,61.2,25.75
15279,354,5,1580.54,16.814255319148934,6.760348258726947,94,2,4,4,244,Standard,2010-02-02 10:15:00,2010-12-20 10:48:00,321,74,United Kingdom,43.0,64.2
15280,171,3,406.21999999999997,6.659344262295082,5.671384859935727,61,3,3,2,332,Standard,2010-05-17 14:17:00,2011-06-20 17:14:00,399,48,United Kingdom,25.5,133.0
15281,58,16,8543.57,16.36699233716475,8.546047944304545,522,4,5,5,455,Champions,2010-10-08 12:14:00,2011-10-12 09:10:00,368,427,United Kingdom,139.8,23.0
15282,569,1,348.59,12.91074074074074,11.313204988972274,27,1,1,2,112,Dormant,2010-05-18 16:27:00,2010-05-18 16:27:00,0,27,United Kingdom,39.6,0.0
15283,389,3,148.32999999999998,16.481111111111108,6.969708466723059,9,2,3,1,231,Standard,2010-07-09 15:46:00,2010-11-14 14:54:00,127,9,United Kingdom,33.9,42.333333333333336
15284,499,1,24.75,24.75,0.0,1,1,1,1,111,Dormant,2010-07-27 13:25:00,2010-07-27 13:25:00,0,1,United Kingdom,24.75,0.0
15285,407,1,94.92,15.82,5.491447896502342,6,2,1,1,211,Dormant,2010-10-28 09:46:00,2010-10-28 09:46:00,0,6,United Kingdom,23.4,0.0
15286,49,1,240.55,80.18333333333334,30.139522778792188,3,4,1,1,411,Standard,2011-10-21 11:08:00,2011-10-21 11:08:00,0,3,United Kingdom,114.75,0.0
15287,21,5,856.03,23.77861111111111,21.591079527405064,36,4,4,3,443,Loyal,2009-12-02 12:13:00,2011-11-17 15:34:00,715,23,United Kingdom,90.0,143.0
15288,42,10,3883.13,21.45375690607735,25.569558250790664,181,4,5,5,455,Champions,2010-02-12 15:27:00,2011-10-27 16:58:00,622,128,United Kingdom,135.0,62.2
15289,28,5,1593.09,16.42360824742268,13.210766930295831,97,4,4,4,444,Champions,2010-03-28 11:45:00,2011-11-10 13:49:00,592,67,United Kingdom,99.84,118.4
15290,4,26,10496.28,35.946164383561644,23.58162528785646,292,5,5,5,555,Champions,2010-02-24 10:15:00,2011-12-05 11:39:00,649,106,United Kingdom,149.76,24.96153846153846
15291,25,40,13846.56,56.28682926829268,60.99199137547682,246,4,5,5,455,Champions,2009-12-03 11:09:00,2011-11-14 11:02:00,710,116,United Kingdom,408.0,17.75
15292,200,1,180.94,7.2376,4.803185817767203,25,2,1,1,211,Dormant,2011-05-22 15:00:00,2011-05-22 15:00:00,0,24,United Kingdom,15.95,0.0
15293,665,1,247.5,13.026315789473685,4.540293933860226,19,1,1,1,111,Dormant,2010-02-12 11:54:00,2010-02-12 11:54:00,0,19,United Kingdom,23.6,0.0
15294,410,1,233.35,15.556666666666667,2.4433485999652986,15,1,1,1,111,Dormant,2010-10-25 11:45:00,2010-10-25 11:45:00,0,15,United Kingdom,19.8,0.0
15295,653,1,217.23999999999998,4.098867924528301,2.899746448051939,53,1,1,1,111,Dormant,2010-02-23 13:03:00,2010-02-23 13:03:00,0,50,United Kingdom,13.9,0.0
15296,50,12,10342.83,19.332392523364486,16.069088380527923,535,4,5,5,455,Champions,2010-01-21 13:48:00,2011-10-20 11:47:00,636,342,United Kingdom,238.8,53.0
15297,9,3,641.94,16.46,4.593172851320236,39,5,3,3,533,Loyal,2011-10-07 09:42:00,2011-11-29 16:32:00,53,30,United Kingdom,27.04,17.666666666666668
15298,1,23,9459.37,21.401289592760183,47.5419737966656,442,5,5,5,555,Champions,2009-12-08 17:04:00,2011-12-07 17:17:00,729,199,United Kingdom,990.0,31.695652173913043
15299,66,10,7991.54,614.7338461538461,235.68172000031672,13,3,5,5,355,Standard,2010-01-12 11:34:00,2011-10-03 14:19:00,629,9,United Kingdom,1003.2,62.9
15300,63,1,496.44,17.73,5.107254825427437,28,3,1,2,312,Standard,2011-10-06 17:08:00,2011-10-06 17:08:00,0,28,United Kingdom,34.8,0.0
15301,50,17,7603.4400000000005,20.00905263157895,32.91762007650584,380,4,5,5,455,Champions,2010-09-15 15:41:00,2011-10-20 09:57:00,399,231,United Kingdom,622.5,23.470588235294116
15302,729,1,308.0,20.533333333333335,9.251730854792731,15,1,1,2,112,Dormant,2009-12-09 13:11:00,2009-12-09 13:11:00,0,15,United Kingdom,41.7,0.0
15303,289,3,1224.18,17.741739130434784,6.4325246522290564,69,2,3,3,233,Standard,2010-01-25 09:42:00,2011-02-22 13:59:00,393,63,United Kingdom,35.400000000000006,131.0
15304,60,9,919.55,31.70862068965517,21.77859806653868,29,3,5,3,353,Standard,2010-10-14 10:24:00,2011-10-10 10:23:00,360,8,United Kingdom,102.0,40.0
15305,554,1,93.6,18.72,6.4013279872226505,5,1,1,1,111,Dormant,2010-06-02 13:50:00,2010-06-02 13:50:00,0,5,United Kingdom,30.0,0.0
15306,63,9,3484.73,21.51067901234568,27.719000302986174,162,3,5,5,355,Standard,2010-02-18 17:12:00,2011-10-06 12:56:00,594,123,United Kingdom,207.36,66.0
15307,95,1,205.3,17.108333333333334,2.7706114629785024,12,3,1,1,311,Standard,2011-09-05 11:38:00,2011-09-05 11:38:00,0,12,United Kingdom,22.5,0.0
15308,273,1,310.47,16.340526315789475,3.363989816479848,19,2,1,2,212,Dormant,2011-03-10 13:08:00,2011-03-10 13:08:00,0,19,United Kingdom,25.5,0.0
15309,610,4,797.96,14.777037037037038,4.15557167678125,54,1,3,3,133,Standard,2009-12-04 13:01:00,2010-04-08 11:11:00,124,49,United Kingdom,29.5,31.0
15310,478,1,1634.64,36.32533333333333,29.15101102254197,45,1,1,4,114,Dormant,2010-08-18 11:38:00,2010-08-18 11:38:00,0,45,United Kingdom,201.6,0.0
15311,0,208,116771.16,26.335399188092016,44.745245306282364,4434,5,5,5,555,Champions,2009-12-01 11:21:00,2011-12-09 12:00:00,738,864,United Kingdom,408.0,3.548076923076923
15312,74,12,2930.19,17.976625766871166,9.394573113046118,163,3,5,4,354,Standard,2009-12-16 09:23:00,2011-09-25 13:10:00,648,118,United Kingdom,81.6,54.0
15313,109,1,52.0,52.0,0.0,1,3,1,1,311,Standard,2011-08-21 16:02:00,2011-08-21 16:02:00,0,1,United Kingdom,52.0,0.0
15314,198,3,820.45,16.409000000000002,16.852980993502214,50,2,3,3,233,Standard,2010-10-07 15:41:00,2011-05-24 14:39:00,228,49,United Kingdom,127.5,76.0
15315,63,2,570.5,15.41891891891892,6.05738474177676,37,3,2,2,322,Standard,2011-08-15 15:17:00,2011-10-06 12:51:00,51,35,United Kingdom,34.8,25.5
15316,326,1,165.0,165.0,0.0,1,2,1,1,211,Dormant,2011-01-17 11:34:00,2011-01-17 11:34:00,0,1,United Kingdom,165.0,0.0
15317,676,1,129.75,25.95,18.776980587943314,5,1,1,1,111,Dormant,2010-01-31 15:55:00,2010-01-31 15:55:00,0,5,United Kingdom,59.400000000000006,0.0
15318,3,1,312.62,9.473333333333333,7.662399537133696,33,5,1,2,512,Standard,2011-12-06 11:30:00,2011-12-06 11:30:00,0,33,United Kingdom,47.400000000000006,0.0
15319,283,1,204.5,12.78125,6.010126870541088,16,2,1,1,211,Dormant,2011-03-01 12:48:00,2011-03-01 12:48:00,0,16,United Kingdom,25.5,0.0
15320,43,1,267.13,7.420277777777778,11.075888996531702,36,4,1,1,411,Standard,2011-10-26 13:27:00,2011-10-26 13:27:00,0,36,United Kingdom,69.6,0.0
15321,70,12,6709.7300000000005,21.714336569579288,12.023220254530422,309,3,5,5,355,Standard,2010-02-03 09:47:00,2011-09-30 09:40:00,603,242,United Kingdom,92.5,50.25
15322,85,2,1390.86,16.75734939759036,9.468964077105042,83,3,2,4,324,Standard,2010-08-20 13:10:00,2011-09-15 09:34:00,390,76,United Kingdom,79.95,195.0
15323,562,3,434.6,14.986206896551725,3.9185432914660527,29,1,3,2,132,Standard,2010-02-16 09:21:00,2010-05-26 10:01:00,99,29,United Kingdom,23.25,33.0
15324,700,1,140.22000000000003,17.527500000000003,8.066530055907384,8,1,1,1,111,Dormant,2010-01-07 14:37:00,2010-01-07 14:37:00,0,8,United Kingdom,35.400000000000006,0.0
15325,103,8,1602.01,7.120044444444445,5.826004549935834,225,3,4,4,344,Standard,2010-02-16 13:30:00,2011-08-28 11:55:00,557,164,United Kingdom,23.8,69.625
15326,333,5,1700.52,13.182325581395348,5.874948339085086,129,2,4,4,244,Standard,2009-12-01 13:19:00,2011-01-10 11:38:00,404,94,United Kingdom,33.9,80.8
15327,52,1,208.75,20.875,9.357327788067133,10,4,1,1,411,Standard,2011-10-18 11:55:00,2011-10-18 11:55:00,0,10,United Kingdom,38.25,0.0
15328,407,1,107.24,13.405,5.713010214789199,8,2,1,1,211,Dormant,2010-10-28 09:05:00,2010-10-28 09:05:00,0,8,United Kingdom,23.700000000000003,0.0
15329,38,11,2984.33,19.25374193548387,10.257531673695498,155,4,5,5,455,Champions,2009-12-14 12:18:00,2011-10-31 15:36:00,686,98,United Kingdom,76.5,62.36363636363637
15330,31,2,714.9599999999999,54.99692307692307,65.47506489555336,13,4,2,3,423,Standard,2011-10-10 12:30:00,2011-11-07 17:50:00,28,10,United Kingdom,254.4,14.0
15331,499,3,767.91,17.4525,9.21747887767936,44,1,3,3,133,Standard,2010-04-09 14:26:00,2010-07-28 09:42:00,109,41,United Kingdom,60.0,36.333333333333336
15332,365,6,6553.74,34.675873015873016,21.718351194832607,189,2,4,5,245,At_Risk_HighValue,2010-07-14 13:01:00,2010-12-08 14:43:00,147,113,Lithuania,122.4,24.5
15333,207,1,1028.56,64.285,67.12463065075293,16,2,1,3,213,Dormant,2011-05-15 13:27:00,2011-05-15 13:27:00,0,16,United Kingdom,180.0,0.0
15334,156,3,351.67,3.5522222222222224,3.4431868708602495,99,3,3,2,332,Standard,2011-06-19 13:51:00,2011-07-06 11:22:00,16,67,United Kingdom,20.65,5.333333333333333
15335,53,1,173.97,4.8325,3.6468470726681934,36,4,1,1,411,Standard,2011-10-17 12:50:00,2011-10-17 12:50:00,0,34,United Kingdom,15.0,0.0
15336,401,1,240.5,16.033333333333335,3.128479015812789,15,2,1,1,211,Dormant,2010-11-03 12:39:00,2010-11-03 12:39:00,0,15,United Kingdom,19.8,0.0
15337,410,1,373.02,17.762857142857143,6.1850716591298625,21,1,1,2,112,Dormant,2010-10-24 15:29:00,2010-10-24 15:29:00,0,21,United Kingdom,30.0,0.0
15338,676,1,283.43,4.723833333333333,4.051515762248916,60,1,1,1,111,Dormant,2010-01-31 14:25:00,2010-01-31 14:25:00,0,56,United Kingdom,19.8,0.0
15339,65,7,1827.84,8.16,10.34282108431074,224,3,4,4,344,Standard,2010-02-08 13:38:00,2011-10-04 12:51:00,602,162,United Kingdom,90.0,86.0
15340,561,1,105.5,15.071428571428571,4.149182363516249,7,1,1,1,111,Dormant,2010-05-27 10:27:00,2010-05-27 10:27:00,0,7,United Kingdom,19.8,0.0
15341,80,2,2402.72,100.11333333333333,46.180504701581086,24,3,2,4,324,Standard,2010-09-16 16:41:00,2011-09-20 09:40:00,368,22,United Kingdom,180.0,184.0
15342,129,1,406.09000000000003,16.920416666666668,6.496440817640184,24,3,1,2,312,Standard,2011-08-02 10:19:00,2011-08-02 10:19:00,0,24,United Kingdom,30.6,0.0
15343,86,1,364.5,17.357142857142858,6.026323209766585,21,3,1,2,312,Standard,2011-09-13 13:55:00,2011-09-13 13:55:00,0,21,United Kingdom,31.8,0.0
15344,0,3,563.94,21.69,9.346134174085023,26,5,3,2,532,Loyal,2011-09-26 14:48:00,2011-12-09 10:45:00,73,21,United Kingdom,51.0,24.333333333333332
15345,45,1,393.54,19.677,6.042744322521715,20,4,1,2,412,Standard,2011-10-25 11:28:00,2011-10-25 11:28:00,0,20,United Kingdom,30.0,0.0
15346,332,3,596.12,16.111351351351352,3.6675341111510416,37,2,3,2,232,Standard,2010-10-04 15:11:00,2011-01-11 11:18:00,98,36,United Kingdom,25.5,32.666666666666664
15347,365,4,1363.6,33.25853658536585,29.225269251195584,41,2,3,4,234,Standard,2010-09-28 12:50:00,2010-12-08 15:25:00,71,29,United Kingdom,120.0,17.75
15348,71,1,158.04,17.56,9.86521160442086,9,3,1,1,311,Standard,2011-09-28 13:17:00,2011-09-28 13:17:00,0,9,United Kingdom,30.0,0.0
15349,157,2,473.81,6.580694444444444,6.253201844956831,72,3,2,2,322,Standard,2011-06-05 15:46:00,2011-07-04 16:06:00,29,65,United Kingdom,38.25,14.5
15350,372,2,663.25,18.95,5.218096339831674,35,2,2,3,223,Dormant,2010-11-21 15:14:00,2010-12-01 13:33:00,9,26,United Kingdom,25.200000000000003,4.5
15351,11,10,3738.29,10.049166666666666,12.410230416081465,372,5,5,5,555,Champions,2010-10-03 12:18:00,2011-11-27 12:52:00,420,201,United Kingdom,90.0,42.0
15352,548,1,114.95,3.1067567567567567,3.0128696675484705,37,1,1,1,111,Dormant,2010-06-09 11:28:00,2010-06-09 11:28:00,0,34,United Kingdom,12.75,0.0
15353,254,7,3175.95,8.206589147286822,9.052377596488975,387,2,4,5,245,At_Risk_HighValue,2009-12-02 11:33:00,2011-03-30 12:15:00,483,274,United Kingdom,76.5,69.0
15354,602,3,284.4,94.8,0.0,3,1,3,1,131,Standard,2010-04-15 16:17:00,2010-04-15 16:24:00,0,1,United Kingdom,94.8,0.0
15355,28,2,277.05,19.789285714285715,11.133338337061017,14,4,2,1,421,Standard,2011-10-17 15:22:00,2011-11-10 13:44:00,23,9,United Kingdom,47.7,11.5
15356,30,13,3464.95,4.589337748344371,3.54681111096465,755,4,5,5,455,Champions,2010-10-13 13:12:00,2011-11-08 13:11:00,390,290,United Kingdom,35.400000000000006,30.0
15358,4,42,17050.41,15.088858407079647,8.20103993423778,1130,5,5,5,555,Champions,2009-12-07 12:19:00,2011-12-05 09:04:00,727,359,United Kingdom,79.0,17.30952380952381
15359,662,8,181.35,11.334375,7.622766749459585,16,1,4,1,141,Standard,2010-01-15 11:30:00,2010-02-15 10:47:00,30,10,United Kingdom,24.75,3.75
15360,39,1,427.93,32.917692307692306,13.086159453054561,13,4,1,2,412,Standard,2011-10-31 09:35:00,2011-10-31 09:35:00,0,13,United Kingdom,50.400000000000006,0.0
15361,361,4,689.07,68.90700000000001,57.37750857261058,10,2,3,3,233,Standard,2010-06-14 13:27:00,2010-12-13 09:52:00,181,10,United Kingdom,203.52,45.25
15362,448,2,613.08,15.327000000000002,6.153973158945823,40,1,2,2,122,Dormant,2009-12-01 09:08:00,2010-09-17 10:37:00,290,38,United Kingdom,35.8,145.0
15363,372,2,1004.11,19.68843137254902,7.619152806591826,51,2,2,3,223,Dormant,2010-08-04 08:41:00,2010-12-02 12:28:00,120,32,United Kingdom,39.6,60.0
15364,95,2,913.19,31.489310344827587,44.02862185402277,29,3,2,3,323,Standard,2011-03-30 13:39:00,2011-09-05 09:46:00,158,29,United Kingdom,237.6,79.0
15365,25,13,4557.13,20.904266055045873,14.445380288203705,218,4,5,5,455,Champions,2010-02-04 16:43:00,2011-11-14 08:29:00,647,126,United Kingdom,99.6,49.76923076923077
15366,74,7,2389.08,17.312173913043477,13.6602188555386,138,3,4,4,344,Standard,2010-02-26 10:10:00,2011-09-25 15:01:00,576,86,United Kingdom,104.4,82.28571428571429
15367,56,11,5081.33,18.212652329749105,8.581136044693586,279,4,5,5,455,Champions,2009-12-10 14:20:00,2011-10-13 14:13:00,671,214,United Kingdom,71.4,61.0
15368,20,2,722.74,90.3425,100.10382406710117,8,4,2,3,423,Standard,2010-11-10 15:52:00,2011-11-18 14:42:00,372,8,United Kingdom,279.24,186.0
15369,491,11,6251.26,105.9535593220339,102.03105196311076,59,1,5,5,155,At_Risk_HighValue,2009-12-08 07:43:00,2010-08-04 13:54:00,239,44,United Kingdom,534.6,21.727272727272727
15370,40,8,3739.01,25.965347222222224,26.723974096061855,144,4,4,5,445,Champions,2010-10-25 12:08:00,2011-10-30 10:58:00,369,90,United Kingdom,262.79999999999995,46.125
15371,661,1,59.400000000000006,59.400000000000006,0.0,1,1,1,1,111,Dormant,2010-02-15 13:14:00,2010-02-15 13:14:00,0,1,United Kingdom,59.400000000000006,0.0
15372,136,8,6017.0599999999995,105.56245614035087,66.91971395103404,57,3,4,5,345,Standard,2010-02-14 11:24:00,2011-07-25 16:39:00,526,45,United Kingdom,360.0,65.75
15373,7,17,3421.39,17.0218407960199,17.276196574898286,201,5,5,5,555,Champions,2010-05-02 11:57:00,2011-12-01 15:05:00,578,107,United Kingdom,102.0,34.0
15374,128,2,307.32,30.732,25.90414329793595,10,3,2,2,322,Standard,2010-03-25 12:03:00,2011-08-03 09:59:00,495,8,United Kingdom,91.8,247.5
15375,689,1,60.959999999999994,10.159999999999998,5.943292017055867,6,1,1,1,111,Dormant,2010-01-18 15:38:00,2010-01-18 15:38:00,0,6,United Kingdom,15.0,0.0
15376,39,3,1233.3600000000001,10.541538461538462,6.1265788416037905,117,4,3,3,433,Loyal,2011-05-01 13:45:00,2011-10-30 15:04:00,182,100,United Kingdom,34.8,60.666666666666664
15377,382,4,1211.75,57.70238095238095,56.756963176755846,21,2,3,3,233,Standard,2010-10-20 11:42:00,2010-11-22 08:55:00,32,15,United Kingdom,250.2,8.0
15378,462,2,246.5,20.541666666666668,6.151342548705538,12,1,2,1,121,Dormant,2010-07-26 08:47:00,2010-09-03 11:30:00,39,8,United Kingdom,39.0,19.5
15379,168,8,4877.84,18.546920152091257,9.903538076492223,263,3,4,5,345,Standard,2010-11-04 11:59:00,2011-06-23 13:13:00,231,177,United Kingdom,70.80000000000001,28.875
15380,8,11,3479.06,65.64264150943396,69.87617322947742,53,5,5,5,555,Champions,2009-12-01 13:50:00,2011-12-01 12:13:00,729,27,United Kingdom,265.5,66.27272727272727
15381,213,5,1890.57,78.77374999999999,87.50822410108714,24,2,4,4,244,Standard,2010-05-05 14:35:00,2011-05-10 11:55:00,369,20,United Kingdom,349.5,73.8
15382,14,12,13733.550000000001,21.730300632911394,14.431574691868267,632,5,5,5,555,Champions,2009-12-04 14:13:00,2011-11-25 10:58:00,720,315,United Kingdom,130.8,60.0
15384,169,4,2027.79,17.184661016949153,11.845051884969207,118,3,3,4,334,Standard,2010-04-26 12:38:00,2011-06-23 10:57:00,422,83,United Kingdom,102.0,105.5
15385,39,3,942.08,44.860952380952384,68.20792548558869,21,4,3,3,433,Loyal,2010-01-31 13:02:00,2011-10-30 15:11:00,637,18,United Kingdom,244.8,212.33333333333334
15386,185,1,394.14,12.714193548387096,4.167736215416028,31,3,1,2,312,Standard,2011-06-06 13:47:00,2011-06-06 13:47:00,0,31,United Kingdom,23.4,0.0
15387,491,1,468.65,23.432499999999997,15.037079389926335,20,1,1,2,112,Dormant,2010-08-04 16:05:00,2010-08-04 16:05:00,0,20,United Kingdom,83.4,0.0
15388,269,1,140.54,14.053999999999998,4.6193029777229375,10,2,1,1,211,Dormant,2011-03-14 13:53:00,2011-03-14 13:53:00,0,10,Canada,23.4,0.0
15389,171,5,2733.8,455.6333333333334,124.34921256954811,6,3,4,4,344,Standard,2010-01-27 12:44:00,2011-06-20 16:18:00,509,2,United Kingdom,604.8,101.8
15390,395,2,1216.66,15.800779220779221,6.0077103454937,77,2,2,3,223,Dormant,2010-10-26 17:23:00,2010-11-08 15:19:00,12,77,Canada,33.0,6.0
15391,583,1,289.87,24.155833333333334,18.11702737925309,12,1,1,1,111,Dormant,2010-05-04 15:04:00,2010-05-04 15:04:00,0,12,United Kingdom,76.32000000000001,0.0
15392,4,7,2911.62,20.219583333333333,18.920216733002192,144,5,4,4,544,Champions,2010-10-04 12:50:00,2011-12-05 11:01:00,426,100,United Kingdom,152.64,60.857142857142854
15393,15,5,891.34,20.257727272727273,14.162311246080808,44,5,4,3,543,Loyal,2009-12-15 17:56:00,2011-11-23 16:48:00,707,37,United Kingdom,79.5,141.4
15394,9,11,5286.8,23.28986784140969,11.371120712825219,227,5,5,5,555,Champions,2009-12-15 19:05:00,2011-11-30 11:49:00,714,129,United Kingdom,76.5,64.9090909090909
15395,325,1,107.45,15.35,1.6643316977093245,7,2,1,1,211,Dormant,2011-01-18 12:40:00,2011-01-18 12:40:00,0,7,United Kingdom,17.85,0.0
15396,112,2,796.38,49.77375,82.19250337875509,16,3,2,3,323,Standard,2010-05-05 09:04:00,2011-08-19 10:56:00,471,16,United Kingdom,283.20000000000005,235.5
15397,289,1,94.0,15.666666666666666,1.5727894540168648,6,2,1,1,211,Dormant,2011-02-23 09:25:00,2011-02-23 09:25:00,0,6,United Kingdom,17.85,0.0
15398,15,2,1345.53,18.43191780821918,6.5296785392915035,73,5,2,4,524,Standard,2011-09-22 14:56:00,2011-11-23 16:47:00,62,60,United Kingdom,35.7,31.0
15399,0,3,815.77,16.3154,7.5165111343397255,50,5,3,3,533,Loyal,2011-09-21 15:57:00,2011-12-08 13:04:00,77,45,United Kingdom,49.92,25.666666666666668
15400,91,8,1302.3,48.233333333333334,35.75249049958726,27,3,4,4,344,Standard,2010-05-28 08:33:00,2011-09-08 13:57:00,468,16,United Kingdom,139.5,58.5
15401,451,2,216.95,15.49642857142857,3.821571579947096,14,1,2,1,121,Dormant,2010-05-20 10:56:00,2010-09-13 13:42:00,116,14,United Kingdom,25.5,58.0
15402,148,6,1830.54,13.973587786259541,10.075446550035334,131,3,4,4,344,Standard,2010-04-27 12:12:00,2011-07-14 12:17:00,443,79,United Kingdom,45.36,73.83333333333333
15403,491,2,170.88,21.36,6.780948100587199,8,1,2,1,121,Dormant,2009-12-09 12:45:00,2010-08-05 12:21:00,238,6,United Kingdom,27.36,119.0
15404,375,1,257.06,16.06625,4.826000241746091,16,2,1,1,211,Dormant,2010-11-29 11:03:00,2010-11-29 11:03:00,0,16,United Kingdom,20.88,0.0
15405,188,2,659.84,21.994666666666667,24.18081181908261,30,3,2,3,323,Standard,2010-05-12 15:56:00,2011-06-03 14:44:00,386,29,United Kingdom,102.0,193.0
15406,30,4,975.87,7.998934426229508,8.664072945918305,122,4,3,3,433,Loyal,2010-09-12 13:06:00,2011-11-08 13:22:00,422,108,United Kingdom,48.75,105.5
15407,33,4,1056.44,6.90483660130719,17.27466543603877,153,4,3,3,433,Loyal,2011-02-07 13:18:00,2011-11-06 11:55:00,271,142,United Kingdom,195.0,67.75
15408,263,1,267.18,7.858235294117647,6.135656083853025,34,2,1,1,211,Dormant,2011-03-20 15:02:00,2011-03-20 15:02:00,0,34,United Kingdom,22.5,0.0
15409,720,1,131.25,14.583333333333334,5.296107060851395,9,1,1,1,111,Dormant,2009-12-18 15:35:00,2009-12-18 15:35:00,0,9,United Kingdom,22.95,0.0
15410,83,10,4685.72,28.9241975308642,21.81771417533274,162,3,5,5,355,Standard,2010-04-19 08:57:00,2011-09-16 14:47:00,515,80,United Kingdom,118.8,51.5
15411,25,4,1358.88,13.726060606060607,8.520271244386652,99,4,3,4,434,Loyal,2011-06-10 12:30:00,2011-11-13 15:19:00,156,86,United Kingdom,51.0,39.0
15412,170,1,190.53,19.053,30.226878417873202,10,3,1,1,311,Standard,2011-06-21 15:24:00,2011-06-21 15:24:00,0,10,United Kingdom,102.0,0.0
15413,691,5,6798.72,271.9488,196.35975464522596,25,1,4,5,145,At_Risk_HighValue,2009-12-01 10:18:00,2010-01-17 11:33:00,47,20,United Kingdom,784.8000000000001,9.4
15414,9,3,774.9000000000001,19.86923076923077,12.992168366612127,39,5,3,3,533,Loyal,2011-04-11 13:45:00,2011-11-30 09:50:00,232,37,United Kingdom,59.400000000000006,77.33333333333333
15415,312,1,572.8100000000001,11.933541666666668,6.295356441189903,48,2,1,2,212,Dormant,2011-01-30 14:13:00,2011-01-30 14:13:00,0,46,United Kingdom,31.200000000000003,0.0
15416,64,7,4572.82,20.056228070175436,14.065628515415082,228,3,4,5,345,Standard,2010-02-01 11:55:00,2011-10-06 09:38:00,611,189,United Kingdom,153.0,87.28571428571429
15417,84,1,508.8,18.17142857142857,2.422251346846895,28,3,1,2,312,Standard,2011-09-15 15:26:00,2011-09-15 15:26:00,0,28,United Kingdom,20.8,0.0
15418,424,2,452.32,6.555362318840579,7.528894063717253,69,1,2,2,122,Dormant,2010-05-02 11:31:00,2010-10-10 13:38:00,161,64,United Kingdom,45.9,80.5
15419,24,1,135.86,16.9825,8.244460911077553,8,4,1,1,411,Standard,2011-11-15 09:23:00,2011-11-15 09:23:00,0,8,United Kingdom,36.0,0.0
15420,433,6,743.0,13.267857142857142,5.635178052937785,56,1,4,3,143,Standard,2009-12-05 13:29:00,2010-10-01 15:46:00,300,52,United Kingdom,30.0,50.0
15421,58,10,3805.34,12.042215189873419,8.12245745309607,316,4,5,5,455,Champions,2009-12-07 15:10:00,2011-10-12 09:20:00,673,170,United Kingdom,45.0,67.3
15422,322,7,1619.97,13.49975,10.14246132778993,120,2,4,4,244,Standard,2010-02-07 11:52:00,2011-01-20 16:17:00,347,80,United Kingdom,65.69999999999999,49.57142857142857
15423,37,3,266.89,19.06357142857143,10.896920953358167,14,4,3,1,431,HighEngagement_LowValue,2010-03-28 13:42:00,2011-11-01 14:01:00,583,13,United Kingdom,45.0,194.33333333333334
15424,253,3,597.78,18.114545454545453,11.9949593816812,33,2,3,2,232,Standard,2010-09-02 17:17:00,2011-03-30 13:02:00,208,33,United Kingdom,60.48,69.33333333333333
15425,399,4,1944.57,13.503958333333333,11.351728571661909,144,2,3,4,234,Standard,2010-02-14 12:36:00,2010-11-04 18:13:00,263,114,United Kingdom,72.0,65.75
15426,18,9,2615.39,4.897734082397004,8.056966356110044,534,5,5,4,554,Champions,2010-05-02 15:10:00,2011-11-20 15:36:00,567,327,United Kingdom,81.36,63.0
15427,32,3,1483.14,4.84686274509804,4.619437403909735,306,4,3,4,434,Loyal,2011-10-23 14:47:00,2011-11-06 14:29:00,13,233,United Kingdom,34.68,4.333333333333333
15428,14,4,762.75,17.335227272727273,6.862266046721236,44,5,3,3,533,Loyal,2009-12-17 17:46:00,2011-11-24 16:54:00,706,39,United Kingdom,39.95,176.5
15429,26,2,397.35,4.845731707317073,5.579753308960782,82,4,2,2,422,Standard,2011-09-25 13:42:00,2011-11-13 12:28:00,48,77,United Kingdom,35.400000000000006,24.0
15430,467,2,954.75,26.520833333333332,18.530998643200146,36,1,2,3,123,Dormant,2010-06-29 15:04:00,2010-08-29 10:42:00,60,36,United Kingdom,76.5,30.0
15431,502,1,153.24,76.62,64.23358000298597,2,1,1,1,111,Dormant,2010-07-25 12:44:00,2010-07-25 12:44:00,0,2,United Kingdom,122.04,0.0
15432,22,2,320.76,20.0475,9.101186369552781,16,4,2,2,422,Standard,2010-06-16 14:34:00,2011-11-16 16:30:00,518,16,United Kingdom,38.25,259.0
15433,213,2,533.3,13.00731707317073,3.2831037330476205,41,2,2,2,222,Dormant,2011-03-17 14:12:00,2011-05-10 10:45:00,53,40,United Kingdom,16.5,26.5
15434,7,11,2567.06,19.157164179104477,10.24815388560633,134,5,5,4,554,Champions,2010-01-24 15:35:00,2011-12-01 13:33:00,675,82,United Kingdom,60.0,61.36363636363637
15435,21,1,149.29,5.147931034482759,2.8488084969363507,29,4,1,1,411,Standard,2011-11-17 16:39:00,2011-11-17 16:39:00,0,29,United Kingdom,12.5,0.0
15436,11,3,1122.53,3.4119452887537993,3.323091124081429,329,5,3,3,533,Loyal,2011-04-19 16:52:00,2011-11-27 16:05:00,221,243,United Kingdom,22.5,73.66666666666667
15437,261,2,393.45,6.902631578947368,6.659118755059484,57,2,2,2,222,Dormant,2010-03-09 10:45:00,2011-03-22 13:11:00,378,56,United Kingdom,35.7,189.0
15438,130,1,156.57999999999998,6.263199999999999,3.9685458293939355,25,3,1,1,311,Standard,2011-07-31 14:19:00,2011-07-31 14:19:00,0,25,United Kingdom,17.4,0.0
15439,404,4,1269.05,22.264035087719297,17.414284352184755,57,2,3,4,234,Standard,2010-02-24 12:05:00,2010-10-31 10:38:00,248,49,United Kingdom,81.6,62.0
15440,54,3,383.68,6.188387096774194,7.131408752730367,62,4,3,2,432,Loyal,2011-05-15 11:30:00,2011-10-16 12:16:00,154,50,United Kingdom,42.5,51.333333333333336
15441,395,3,1254.21,22.003684210526316,12.580013006974163,57,2,3,4,234,Standard,2009-12-09 14:55:00,2010-11-08 15:50:00,334,45,United Kingdom,76.5,111.33333333333333
15442,248,1,594.0,297.0,0.0,2,2,1,2,212,Dormant,2011-04-05 12:24:00,2011-04-05 12:24:00,0,2,United Kingdom,297.0,0.0
15443,1,14,5175.93,8.012275541795667,7.414691989186176,646,5,5,5,555,Champions,2010-03-07 12:10:00,2011-12-08 10:40:00,640,408,United Kingdom,50.150000000000006,45.714285714285715
15444,8,2,1418.26,6.476073059360731,4.364715709412887,219,5,2,4,524,Standard,2011-10-30 16:12:00,2011-11-30 17:37:00,31,191,United Kingdom,27.04,15.5
15445,263,2,284.5,20.321428571428573,7.025549917860641,14,2,2,1,221,Dormant,2010-04-28 15:00:00,2011-03-20 15:06:00,326,12,United Kingdom,38.25,163.0
15446,376,3,406.95,3.569736842105263,2.427585369579255,114,2,3,2,232,Standard,2009-12-13 13:53:00,2010-11-28 11:59:00,349,90,United Kingdom,11.9,116.33333333333333
15447,330,5,492.88,16.99586206896552,4.649234589264114,29,2,4,2,242,Standard,2010-03-24 14:40:00,2011-01-13 11:26:00,294,27,United Kingdom,29.0,58.8
15448,312,2,788.8100000000001,16.098163265306123,5.316175267312874,49,2,2,3,223,Dormant,2010-02-03 13:29:00,2011-01-31 10:42:00,361,49,United Kingdom,34.8,180.5
15449,25,3,974.52,16.242,5.580071623378496,60,4,3,3,433,Loyal,2011-03-23 10:43:00,2011-11-13 15:02:00,235,47,United Kingdom,31.200000000000003,78.33333333333333
15450,29,1,429.84,14.328,6.297293562070658,30,4,1,2,412,Standard,2011-11-09 17:11:00,2011-11-09 17:11:00,0,30,United Kingdom,27.0,0.0
15451,433,2,233.21,3.701746031746032,3.5604569023953427,63,1,2,1,121,Dormant,2010-04-19 14:08:00,2010-10-01 13:40:00,164,56,United Kingdom,19.9,82.0
15452,29,6,1799.1100000000001,8.906485148514852,6.6981951992786115,202,4,4,4,444,Champions,2010-07-16 14:23:00,2011-11-10 12:13:00,481,158,United Kingdom,35.400000000000006,80.16666666666667
15453,1,7,1388.37,4.854440559440559,4.695705937059053,286,5,4,4,544,Champions,2011-06-05 12:37:00,2011-12-08 10:59:00,185,169,United Kingdom,30.0,26.428571428571427
15454,361,2,307.69,7.504634146341464,5.541365399231933,41,2,2,2,222,Dormant,2010-03-31 13:15:00,2010-12-12 14:21:00,256,35,United Kingdom,21.9,128.0
15455,597,1,38.25,19.125,9.015611460128481,2,1,1,1,111,Dormant,2010-04-21 12:43:00,2010-04-21 12:43:00,0,2,United Kingdom,25.5,0.0
15456,282,10,2119.27,9.214217391304349,8.160043242331918,230,2,5,4,254,Standard,2009-12-08 12:54:00,2011-03-01 13:51:00,448,128,United Kingdom,69.0,44.8
15457,261,1,237.07,4.087413793103448,3.121386084567115,58,2,1,1,211,Dormant,2011-03-22 15:31:00,2011-03-22 15:31:00,0,56,United Kingdom,19.9,0.0
15458,24,2,370.44,28.495384615384616,9.199341113529648,13,4,2,2,422,Standard,2010-11-02 19:50:00,2011-11-14 13:08:00,376,13,United Kingdom,39.6,188.0
15459,416,2,202.83,28.975714285714286,20.500344596406872,7,1,2,1,121,Dormant,2010-07-30 14:31:00,2010-10-18 15:25:00,80,6,United Kingdom,69.6,40.0
15460,353,1,216.76,3.7372413793103445,3.005863155423897,58,2,1,1,211,Dormant,2010-12-20 16:08:00,2010-12-20 16:08:00,0,53,United Kingdom,13.2,0.0
15461,460,2,429.7,214.85,6.858935777509503,2,1,2,2,122,Dormant,2010-03-18 12:40:00,2010-09-05 12:31:00,170,1,United Kingdom,219.7,85.0
15462,93,4,737.05,17.976829268292683,8.22034897039791,41,3,3,3,333,Standard,2010-09-20 10:23:00,2011-09-06 13:11:00,351,32,United Kingdom,45.0,87.75
15463,28,1,126.14,18.02,9.147611710167851,7,4,1,1,411,Standard,2011-11-10 12:57:00,2011-11-10 12:57:00,0,7,United Kingdom,30.6,0.0
15464,337,1,1048.85,6.680573248407643,7.625892149744591,157,2,1,3,213,Dormant,2011-01-05 15:56:00,2011-01-05 15:56:00,0,155,United Kingdom,59.9,0.0
15465,19,32,12655.65,48.12034220532319,76.00774859729114,263,4,5,5,455,Champions,2009-12-10 09:42:00,2011-11-20 10:11:00,710,94,United Kingdom,525.5999999999999,22.1875
15466,84,4,1571.01,5.928339622641509,5.660835904863815,265,3,3,4,334,Standard,2009-12-03 12:28:00,2011-09-15 14:08:00,651,211,United Kingdom,35.400000000000006,162.75
15467,8,3,524.88,10.093846153846155,8.778847160422794,52,5,3,2,532,Loyal,2011-07-10 14:42:00,2011-11-30 14:17:00,142,41,United Kingdom,46.8,47.333333333333336
15468,50,3,1430.48,17.881,8.582502452923062,80,4,3,4,434,Loyal,2010-11-12 09:39:00,2011-10-19 13:49:00,341,80,United Kingdom,60.48,113.66666666666667
15469,49,3,874.25,20.33139534883721,11.436782052698662,43,4,3,3,433,Loyal,2010-09-27 10:09:00,2011-10-20 16:21:00,388,38,United Kingdom,83.2,129.33333333333334
15470,575,1,63.419999999999995,15.854999999999999,5.533543168712069,4,1,1,1,111,Dormant,2010-05-13 09:35:00,2010-05-13 09:35:00,0,4,United Kingdom,21.0,0.0
15471,1,3,1316.56,8.126913580246914,16.884643259260333,162,5,3,4,534,Loyal,2010-06-07 12:17:00,2011-12-07 14:12:00,548,122,United Kingdom,163.2,182.66666666666666
15472,112,1,371.56,4.888947368421053,3.1386606820733234,76,3,1,2,312,Standard,2011-08-18 15:17:00,2011-08-18 15:17:00,0,76,United Kingdom,16.6,0.0
15473,13,8,2046.0,146.14285714285714,65.83814319147449,14,5,4,4,544,Champions,2010-09-21 09:14:00,2011-11-25 15:15:00,430,5,United Kingdom,306.0,53.75
15474,595,1,163.1,8.155,7.692973896252416,20,1,1,1,111,Dormant,2010-04-23 11:14:00,2010-04-23 11:14:00,0,19,United Kingdom,35.400000000000006,0.0
15475,76,1,454.11,15.65896551724138,8.019238628282608,29,3,1,2,312,Standard,2011-09-23 15:20:00,2011-09-23 15:20:00,0,29,United Kingdom,47.8,0.0
15476,379,4,2209.98,27.974430379746835,23.838574629715197,79,2,3,4,234,Standard,2010-09-23 14:00:00,2010-11-24 15:17:00,62,67,United Kingdom,111.2,15.5
15477,649,1,368.4,184.2,172.25121189704296,2,1,1,2,112,Dormant,2010-02-28 10:37:00,2010-02-28 10:37:00,0,2,United Kingdom,306.0,0.0
15478,39,3,2024.98,28.520845070422535,23.77194737779799,71,4,3,4,434,Loyal,2010-05-13 18:49:00,2011-10-30 14:19:00,534,53,United Kingdom,118.8,178.0
15479,732,1,147.4,16.37777777777778,2.310318039674289,9,1,1,1,111,Dormant,2009-12-06 15:08:00,2009-12-06 15:08:00,0,9,United Kingdom,17.85,0.0
15480,115,5,6279.0,29.204651162790697,138.0456307186453,215,3,4,5,345,Standard,2010-02-01 14:52:00,2011-08-15 14:32:00,559,199,Malta,1868.56,111.8
15481,400,1,1993.34,52.456315789473685,51.09060988569402,38,2,1,4,214,Dormant,2010-11-03 14:52:00,2010-11-03 14:52:00,0,38,Norway,306.0,0.0
15482,15,19,14592.56,97.93664429530202,93.04084801566442,149,5,5,5,555,Champions,2009-12-02 16:59:00,2011-11-24 10:46:00,721,74,United Kingdom,716.4,37.94736842105263
15483,160,10,862.2,2.9731034482758623,3.3881411378341757,290,3,5,3,353,Standard,2010-01-24 15:42:00,2011-07-01 13:07:00,522,216,United Kingdom,30.0,52.2
15484,0,6,4656.0,19.319502074688796,18.029110735632635,241,5,4,5,545,Champions,2009-12-05 15:18:00,2011-12-08 15:03:00,732,180,United Kingdom,118.8,122.0
15485,29,7,5771.51,35.847888198757765,34.03246561024372,161,4,4,5,445,Champions,2009-12-01 17:31:00,2011-11-09 14:31:00,707,80,United Kingdom,204.0,101.0
15486,526,1,102.0,102.0,0.0,1,1,1,1,111,Dormant,2010-06-30 13:15:00,2010-06-30 13:15:00,0,1,United Kingdom,102.0,0.0
15487,679,1,231.32,16.52285714285714,6.210234020824545,14,1,1,1,111,Dormant,2010-01-29 12:07:00,2010-01-29 12:07:00,0,14,United Kingdom,30.0,0.0
15488,92,5,431.92,39.265454545454546,41.272998525340114,11,3,4,2,342,Standard,2010-05-05 13:03:00,2011-09-08 10:11:00,490,10,United Kingdom,148.72,98.0
15489,22,8,2419.61,21.22464912280702,12.76450229747891,114,4,4,4,444,Champions,2010-01-15 16:58:00,2011-11-17 08:53:00,670,75,United Kingdom,71.4,83.75
15490,429,1,217.6,7.771428571428571,7.8859700614143735,28,1,1,1,111,Dormant,2010-10-05 13:11:00,2010-10-05 13:11:00,0,22,United Kingdom,32.45,0.0
15491,94,6,3100.09,20.130454545454548,13.678223680727402,154,3,4,5,345,Standard,2011-04-18 10:04:00,2011-09-05 15:56:00,140,108,United Kingdom,88.80000000000001,23.333333333333332
15492,27,2,659.46,18.841714285714286,10.069666004658654,35,4,2,3,423,Standard,2011-09-26 14:02:00,2011-11-11 14:53:00,46,32,United Kingdom,50.0,23.0
15493,32,9,4314.9800000000005,6.63843076923077,5.588246966562798,650,4,5,5,455,Champions,2010-02-23 11:14:00,2011-11-07 12:04:00,622,289,United Kingdom,51.0,69.11111111111111
15494,20,5,3780.05,9.973746701846967,12.430878292841477,379,4,4,5,445,Champions,2009-12-10 20:16:00,2011-11-18 14:51:00,707,307,United Kingdom,151.20000000000002,141.4
15495,378,1,246.5,12.325,6.373186016428519,20,2,1,1,211,Dormant,2010-11-25 13:46:00,2010-11-25 13:46:00,0,20,United Kingdom,30.0,0.0
15496,630,1,146.14,6.642727272727272,4.707797161364763,22,1,1,1,111,Dormant,2010-03-18 13:16:00,2010-03-18 13:16:00,0,22,United Kingdom,15.8,0.0
15497,17,9,8657.39,71.54867768595041,37.206303205732695,121,5,5,5,555,Champions,2009-12-18 15:08:00,2011-11-22 11:51:00,703,66,United Kingdom,232.0,78.11111111111111
15498,2,44,26039.58,26.817281153450054,26.903790796060527,971,5,5,5,555,Champions,2009-12-16 17:27:00,2011-12-07 12:48:00,720,597,United Kingdom,178.5,16.363636363636363
15499,723,1,161.6,3.8476190476190473,2.885031858913418,42,1,1,1,111,Dormant,2009-12-16 12:17:00,2009-12-16 12:17:00,0,40,United Kingdom,11.8,0.0
15500,7,4,1131.56,16.640588235294118,6.8137205481672245,68,5,3,3,533,Loyal,2011-09-19 13:47:00,2011-12-01 13:47:00,73,64,United Kingdom,35.400000000000006,18.25
15501,404,2,402.5,5.75,4.113553419992311,70,2,2,2,222,Dormant,2010-10-20 12:47:00,2010-10-31 11:15:00,10,64,United Kingdom,19.9,5.0
15502,15,14,13993.47,38.76307479224376,171.34263537886577,361,5,5,5,555,Champions,2010-06-03 11:12:00,2011-11-24 12:48:00,539,231,United Kingdom,3155.95,38.5
15503,362,2,267.15,2.171951219512195,1.7215665085911138,123,2,2,1,221,Dormant,2009-12-13 11:34:00,2010-12-12 10:57:00,363,112,United Kingdom,9.95,181.5
15504,80,4,423.85,6.142753623188407,4.58279611669877,69,3,3,2,332,Standard,2010-02-12 12:34:00,2011-09-19 13:45:00,584,42,United Kingdom,29.85,146.0
15505,52,5,3610.96,37.22639175257732,38.00889594844781,97,4,4,5,445,Champions,2011-07-07 13:33:00,2011-10-18 07:56:00,102,90,United Kingdom,177.0,20.4
15506,22,6,2040.03,7.338237410071942,8.850287893567566,278,4,4,4,444,Champions,2010-08-19 12:38:00,2011-11-17 12:11:00,454,180,United Kingdom,60.0,75.66666666666667
15507,171,1,492.36,10.703478260869565,8.385643079399006,46,3,1,2,312,Standard,2011-06-21 11:19:00,2011-06-21 11:19:00,0,41,United Kingdom,29.85,0.0
15508,188,6,1000.27,10.8725,9.304486407518274,92,3,4,3,343,Standard,2011-04-18 15:31:00,2011-06-03 15:43:00,46,78,United Kingdom,45.0,7.666666666666667
15509,379,1,166.51,5.741724137931034,4.180763830557348,29,2,1,1,211,Dormant,2010-11-24 14:48:00,2010-11-24 14:48:00,0,26,United Kingdom,15.9,0.0
15510,330,1,250.0,250.0,0.0,1,2,1,1,211,Dormant,2011-01-13 12:10:00,2011-01-13 12:10:00,0,1,United Kingdom,250.0,0.0
15511,11,5,909.23,5.6826875,5.290645324725901,160,5,4,3,543,Loyal,2011-09-15 15:05:00,2011-11-28 09:43:00,73,117,United Kingdom,38.25,14.6
15512,155,4,331.58,10.361875,9.541557131831262,32,3,3,2,332,HighEngagement_LowValue,2010-02-01 13:23:00,2011-07-07 10:20:00,520,29,United Kingdom,39.0,130.0
15513,32,35,27750.55,49.378202846975086,47.4436774794241,562,4,5,5,455,Champions,2010-01-13 14:59:00,2011-11-06 14:36:00,661,278,United Kingdom,295.0,18.885714285714286
15514,11,18,6598.55,19.4075,49.08026573768732,340,5,5,5,555,Champions,2009-12-04 16:37:00,2011-11-27 14:40:00,722,171,United Kingdom,734.4000000000001,40.111111111111114
15515,386,1,171.81,24.544285714285714,17.619753930501656,7,2,1,1,211,Dormant,2010-11-17 13:39:00,2010-11-17 13:39:00,0,7,United Kingdom,60.0,0.0
15516,44,3,62.43,4.162,2.6623786357315895,15,4,3,1,431,HighEngagement_LowValue,2011-10-24 11:33:00,2011-10-26 10:51:00,1,15,United Kingdom,8.67,0.3333333333333333
15517,232,1,267.03,9.889999999999999,8.246409008681386,27,2,1,1,211,Dormant,2011-04-20 14:02:00,2011-04-20 14:02:00,0,27,United Kingdom,30.6,0.0
15518,63,15,4218.94,9.272395604395603,8.021086127360542,455,3,5,5,355,Standard,2009-12-20 12:21:00,2011-10-06 13:05:00,655,250,United Kingdom,59.400000000000006,43.666666666666664
15519,382,2,344.61,9.313783783783784,17.334602573938533,37,2,2,2,222,Dormant,2010-09-19 13:57:00,2010-11-21 14:35:00,63,34,United Kingdom,81.36,31.5
15520,1,1,343.5,19.083333333333332,7.451560436658653,18,5,1,2,512,Standard,2011-12-08 10:58:00,2011-12-08 10:58:00,0,18,United Kingdom,34.68,0.0
15521,39,16,7106.69,17.54738271604938,23.198850316430686,405,4,5,5,455,Champions,2010-01-05 10:19:00,2011-10-30 13:42:00,663,186,United Kingdom,250.0,41.4375
15522,32,2,398.84,6.99719298245614,7.926663807858071,57,4,2,2,422,Standard,2011-09-13 12:26:00,2011-11-07 11:26:00,54,47,United Kingdom,39.84,27.0
15523,83,16,17359.99,81.12144859813085,102.72337920804533,214,3,5,5,355,Standard,2009-12-02 15:16:00,2011-09-16 16:29:00,653,65,United Kingdom,697.5,40.8125
15524,24,2,591.4,65.71111111111111,140.47823847881605,9,4,2,2,422,Standard,2010-04-12 09:19:00,2011-11-15 12:09:00,582,9,United Kingdom,440.0,291.0
15525,1,4,1295.7,5.0027027027027025,4.823722672275398,259,5,3,4,534,Loyal,2010-11-22 12:10:00,2011-12-07 14:43:00,380,152,United Kingdom,29.85,95.0
15526,32,2,148.44,37.11,55.359736271048114,4,4,2,1,421,Standard,2011-11-06 15:01:00,2011-11-06 15:04:00,0,4,United Kingdom,119.4,0.0
15527,18,23,5575.64,16.844833836858008,16.9945616850287,331,5,5,5,555,Champions,2009-12-15 17:31:00,2011-11-21 12:17:00,705,226,United Kingdom,102.0,30.652173913043477
15528,253,1,229.33,8.820384615384615,13.313802606549109,26,2,1,1,211,Dormant,2011-03-30 16:14:00,2011-03-30 16:14:00,0,26,United Kingdom,58.0,0.0
15529,22,12,5111.95,6.311049382716049,6.40273348300698,810,4,5,5,455,Champions,2010-11-10 14:26:00,2011-11-17 11:29:00,371,451,United Kingdom,59.400000000000006,30.916666666666668
15530,21,5,1813.72,12.683356643356644,9.857948172653714,143,4,4,4,444,Champions,2010-07-15 11:10:00,2011-11-18 12:25:00,491,111,United Kingdom,51.0,98.2
15531,7,2,2007.44,8.804561403508773,7.577956280732211,228,5,2,4,524,Standard,2011-11-09 17:47:00,2011-12-01 18:43:00,22,196,United Kingdom,54.75,11.0
15532,24,10,3771.9,6.015789473684211,6.221970230807275,627,4,5,5,455,Champions,2010-06-08 14:52:00,2011-11-14 14:51:00,523,417,United Kingdom,47.7,52.3
15533,18,3,807.57,9.729759036144578,10.165473244403907,83,5,3,3,533,Loyal,2011-09-11 15:41:00,2011-11-20 15:35:00,69,73,United Kingdom,79.19999999999999,23.0
15534,725,1,162.25,20.28125,10.185982577612657,8,1,1,1,111,Dormant,2009-12-14 12:48:00,2009-12-14 12:48:00,0,8,United Kingdom,35.400000000000006,0.0
15535,172,6,1087.82,8.118059701492538,7.185122209770775,134,3,4,3,343,Standard,2010-09-16 20:04:00,2011-06-19 16:02:00,275,88,United Kingdom,38.25,45.833333333333336
15536,408,1,259.09,16.193125,7.7354325186120025,16,2,1,1,211,Dormant,2010-10-26 16:31:00,2010-10-26 16:31:00,0,16,United Kingdom,30.6,0.0
15537,162,1,110.92,4.621666666666667,4.641271065284731,24,3,1,1,311,Standard,2011-06-29 13:10:00,2011-06-29 13:10:00,0,24,United Kingdom,19.8,0.0
15538,537,6,3358.4,239.8857142857143,265.49254547594495,14,1,4,5,145,At_Risk_HighValue,2010-02-14 12:38:00,2010-06-20 10:49:00,125,3,United Kingdom,1020.0,20.833333333333332
15539,6,1,538.46,13.133170731707319,12.703494290750161,41,5,1,2,512,Standard,2011-12-02 13:36:00,2011-12-02 13:36:00,0,41,United Kingdom,61.2,0.0
15540,10,2,460.68,14.860645161290323,7.088750212124313,31,5,2,2,522,Standard,2010-11-29 11:10:00,2011-11-28 13:51:00,364,31,United Kingdom,30.0,182.0
15541,113,1,85.13000000000001,2.9355172413793107,2.687686985132246,29,3,1,1,311,Standard,2011-08-17 14:58:00,2011-08-17 14:58:00,0,29,United Kingdom,8.850000000000001,0.0
15542,511,3,918.45,3.6446428571428573,3.518462442543646,252,1,3,3,133,Standard,2009-12-02 11:53:00,2010-07-15 13:32:00,225,212,United Kingdom,29.9,75.0
15543,287,2,242.84,4.186896551724138,4.16516725592292,58,2,2,1,221,Dormant,2010-09-06 11:28:00,2011-02-24 15:26:00,171,50,United Kingdom,25.5,85.5
15544,8,20,8162.43,14.65427289048474,7.567207299518503,557,5,5,5,555,Champions,2010-01-28 14:39:00,2011-11-30 16:43:00,671,175,United Kingdom,60.0,33.55
15545,53,2,428.05,3.821875,3.7725916561501927,112,4,2,2,422,Standard,2010-12-03 17:28:00,2011-10-16 13:24:00,316,78,United Kingdom,23.25,158.0
15546,606,2,1079.1000000000001,89.92500000000001,43.07036262168728,12,1,2,3,123,Dormant,2010-04-12 11:45:00,2010-04-12 11:51:00,0,6,United Kingdom,130.8,0.0
15547,6,26,10154.39,7.477459499263623,9.415510860118914,1358,5,5,5,555,Champions,2009-12-06 13:40:00,2011-12-02 12:52:00,725,652,United Kingdom,201.6,27.884615384615383
15548,595,1,158.09,6.8734782608695655,10.657696582408779,23,1,1,1,111,Dormant,2010-04-23 12:20:00,2010-04-23 12:20:00,0,23,United Kingdom,50.85,0.0
15549,76,8,2345.96,14.481234567901234,14.081560506295537,162,3,4,4,344,Standard,2010-01-11 13:16:00,2011-09-23 16:22:00,620,139,United Kingdom,124.8,77.5
15550,3,12,2218.8,9.245000000000001,16.139246948052104,240,5,5,4,554,Champions,2009-12-03 15:15:00,2011-12-05 15:38:00,732,166,United Kingdom,209.7,61.0
15551,36,7,1710.08,11.325033112582782,8.904007702465387,151,4,4,4,444,Champions,2010-06-07 15:05:00,2011-11-03 12:37:00,513,117,United Kingdom,40.56,73.28571428571429
15552,216,2,252.52,8.417333333333334,7.502238715685237,30,2,2,1,221,Dormant,2010-03-26 16:17:00,2011-05-06 14:47:00,405,29,United Kingdom,31.200000000000003,202.5
15553,59,1,437.23,7.807678571428572,5.915102393971623,56,3,1,2,312,Standard,2011-10-10 14:02:00,2011-10-10 14:02:00,0,51,United Kingdom,26.55,0.0
15554,277,1,217.2,15.514285714285714,2.639597038843718,14,2,1,1,211,Dormant,2011-03-07 09:00:00,2011-03-07 09:00:00,0,14,United Kingdom,19.9,0.0
15555,11,36,12112.35,7.2054431885782275,9.467456228438316,1681,5,5,5,555,Champions,2009-12-06 11:58:00,2011-11-27 16:19:00,721,667,United Kingdom,132.5,20.02777777777778
15556,23,1,279.77,9.024838709677418,9.530499766877476,31,4,1,1,411,Standard,2011-11-15 16:08:00,2011-11-15 16:08:00,0,31,United Kingdom,50.0,0.0
15557,28,1,473.65000000000003,23.6825,20.78780636385313,20,4,1,2,412,Standard,2011-11-11 12:46:00,2011-11-11 12:46:00,0,16,United Kingdom,90.0,0.0
15558,638,1,214.13,8.565199999999999,13.696403761571867,25,1,1,1,111,Dormant,2010-03-10 15:25:00,2010-03-10 15:25:00,0,23,United Kingdom,70.80000000000001,0.0
15559,567,1,1109.4,17.893548387096775,6.062532635511062,62,1,1,3,113,Dormant,2010-05-20 14:06:00,2010-05-20 14:06:00,0,62,United Kingdom,30.6,0.0
15560,397,2,153.52,15.352,2.5475774985485944,10,2,2,1,221,Dormant,2010-11-07 10:14:00,2010-11-07 10:15:00,0,10,United Kingdom,19.8,0.0
15561,11,8,1934.3899999999999,21.025978260869564,19.715680157870136,92,5,4,4,544,Champions,2010-02-14 12:22:00,2011-11-28 11:07:00,651,65,United Kingdom,118.8,81.375
15562,351,3,673.3800000000001,19.805294117647062,36.27319138905808,34,2,3,3,233,Standard,2009-12-13 15:17:00,2010-12-23 09:55:00,374,32,United Kingdom,153.0,124.66666666666667
15563,21,7,2867.0,11.069498069498069,8.898409019618203,259,4,4,4,444,Champions,2010-01-28 11:36:00,2011-11-17 14:50:00,658,179,United Kingdom,59.400000000000006,94.0
15564,462,2,70.74000000000001,17.685000000000002,12.895150251160318,4,1,2,1,121,Dormant,2010-02-01 15:58:00,2010-09-02 15:52:00,212,4,United Kingdom,35.7,106.0
15565,49,2,173.16000000000003,21.645000000000003,5.495886773630933,8,4,2,1,421,Standard,2011-09-30 10:44:00,2011-10-20 14:33:00,20,8,United Kingdom,30.6,10.0
15566,392,2,227.87,18.989166666666666,10.4288432709336,12,2,2,1,221,Dormant,2009-12-15 14:53:00,2010-11-12 12:11:00,331,9,United Kingdom,35.400000000000006,165.5
15567,18,1,186.01,26.572857142857142,33.01894239891486,7,5,1,1,511,Standard,2011-11-21 10:48:00,2011-11-21 10:48:00,0,7,United Kingdom,99.84,0.0
15568,2,3,758.29,14.307358490566036,15.105624290175369,53,5,3,3,533,Loyal,2011-09-27 14:37:00,2011-12-07 11:27:00,70,27,United Kingdom,99.6,23.333333333333332
15569,103,10,3586.35,25.255985915492957,62.281956041150934,142,3,5,5,355,Standard,2010-02-28 10:55:00,2011-08-28 10:15:00,545,123,United Kingdom,356.40000000000003,54.5
15570,6,25,9311.04,11.84610687022901,9.3780276664875,786,5,5,5,555,Champions,2010-03-28 14:04:00,2011-12-02 14:47:00,614,442,United Kingdom,79.8,24.56
15571,11,14,4051.63,6.380519685039371,12.653104712985124,635,5,5,5,555,Champions,2009-12-06 12:10:00,2011-11-28 10:02:00,721,442,United Kingdom,254.4,51.5
15572,4,10,4068.67,11.428848314606741,14.027016189372803,356,5,5,5,555,Champions,2010-04-14 14:38:00,2011-12-05 10:09:00,599,259,United Kingdom,195.0,59.9
15573,31,5,1207.18,5.487181818181819,6.421935316460321,220,4,4,3,443,Loyal,2009-12-10 14:19:00,2011-11-08 11:38:00,697,181,United Kingdom,38.25,139.4
15574,177,6,1518.7,4.071581769436998,5.7358277816494825,373,3,4,4,344,Standard,2010-09-01 14:37:00,2011-06-15 12:01:00,286,191,United Kingdom,57.12,47.666666666666664
15575,619,1,30.1,10.033333333333333,4.495089913820782,3,1,1,1,111,Dormant,2010-03-30 12:50:00,2010-03-30 12:50:00,0,3,United Kingdom,14.85,0.0
15576,37,1,940.67,20.903777777777776,36.09667255433594,45,4,1,3,413,Standard,2011-11-02 12:03:00,2011-11-02 12:03:00,0,43,United Kingdom,239.04,0.0
15577,150,5,397.98,6.633,6.727858172793206,60,3,4,2,342,Standard,2009-12-13 16:17:00,2011-07-11 17:03:00,575,58,United Kingdom,24.9,115.0
15578,161,1,127.1,9.776923076923076,14.370711177377054,13,3,1,1,311,Standard,2011-06-30 13:03:00,2011-06-30 13:03:00,0,13,United Kingdom,39.6,0.0
15579,68,5,1302.5,7.616959064327485,6.529046240911571,171,3,4,4,344,Standard,2010-10-03 14:37:00,2011-10-02 12:45:00,363,140,United Kingdom,45.0,72.6
15580,376,8,1381.19,6.031397379912664,5.734975853372447,229,2,4,4,244,Standard,2010-02-07 11:21:00,2010-11-28 11:00:00,293,150,United Kingdom,50.85,36.625
15581,120,38,7794.59,10.871115760111577,94.17289794824846,717,3,5,5,355,Standard,2009-12-02 12:19:00,2011-08-11 09:38:00,616,542,United Kingdom,2500.0,16.210526315789473
15582,24,3,682.9100000000001,15.52068181818182,5.710767633705067,44,4,3,3,433,Loyal,2011-05-03 13:36:00,2011-11-15 09:55:00,195,39,United Kingdom,35.400000000000006,65.0
15583,375,1,107.86,2.344782608695652,1.9573959335248732,46,2,1,1,211,Dormant,2010-11-28 15:04:00,2010-11-28 15:04:00,0,37,United Kingdom,8.5,0.0
15584,23,6,1277.5,5.703125,6.417539661170051,224,4,4,4,444,Champions,2010-02-07 12:16:00,2011-11-16 10:55:00,646,174,United Kingdom,53.75,107.66666666666667
15585,176,1,455.3,14.687096774193549,6.634818858893027,31,3,1,2,312,Standard,2011-06-16 08:38:00,2011-06-16 08:38:00,0,31,United Kingdom,39.6,0.0
15586,592,3,1139.1000000000001,29.976315789473688,20.659556446018644,38,1,3,3,133,Standard,2010-01-08 10:02:00,2010-04-26 11:00:00,108,30,United Kingdom,120.96,36.0
15587,49,7,1522.08,108.72,65.49214961763327,14,4,4,4,444,Champions,2010-08-05 08:44:00,2011-10-20 13:37:00,441,3,United Kingdom,244.08,63.0
15588,677,1,579.6,144.9,57.285600284888346,4,1,1,2,112,Dormant,2010-01-31 12:19:00,2010-01-31 12:19:00,0,4,United Kingdom,204.0,0.0
15589,255,3,478.53,16.50103448275862,4.003868080483088,29,2,3,2,232,Standard,2011-02-02 10:46:00,2011-03-29 09:54:00,54,28,United Kingdom,30.0,18.0
15590,381,5,1496.6,17.20229885057471,5.637947981715823,87,2,4,4,244,Standard,2010-04-12 10:09:00,2010-11-22 14:49:00,224,75,United Kingdom,45.0,44.8
15591,582,3,217.9,31.12857142857143,22.674707957377993,7,1,3,1,131,Standard,2010-02-04 09:20:00,2010-05-06 09:23:00,91,6,United Kingdom,61.2,30.333333333333332
15592,46,1,388.58,16.190833333333334,10.913099793434,24,4,1,2,412,Standard,2011-10-24 08:59:00,2011-10-24 08:59:00,0,24,United Kingdom,60.0,0.0
15593,70,1,199.8,39.96,34.60705130461132,5,3,1,1,311,Standard,2011-09-30 11:46:00,2011-09-30 11:46:00,0,5,United Kingdom,83.4,0.0
15594,15,5,1771.78,17.201747572815535,5.667186151595189,103,5,4,4,544,Champions,2011-04-19 10:08:00,2011-11-24 08:53:00,218,85,United Kingdom,39.6,43.6
15595,487,1,357.59999999999997,89.39999999999999,90.92854337335443,4,1,1,2,112,Dormant,2010-08-09 12:27:00,2010-08-09 12:27:00,0,4,United Kingdom,223.2,0.0
15596,100,9,3130.04,17.784318181818183,6.497250459422628,176,3,5,5,355,Standard,2010-07-28 11:46:00,2011-08-31 10:55:00,398,82,United Kingdom,39.8,44.22222222222222
15597,34,2,563.37,15.226216216216216,5.884711524767355,37,4,2,2,422,Standard,2010-05-13 13:10:00,2011-11-04 13:26:00,540,35,United Kingdom,30.6,270.0
15598,52,2,548.02,15.222777777777777,4.835209914847019,36,4,2,2,422,Standard,2010-10-08 09:20:00,2011-10-17 16:04:00,374,32,United Kingdom,24.96,187.0
15599,26,3,1250.06,15.060963855421686,6.094472628589684,83,4,3,4,434,Loyal,2010-09-20 10:15:00,2011-11-13 11:44:00,419,77,United Kingdom,35.400000000000006,139.66666666666666
15600,427,4,1199.31,16.89169014084507,8.61434700052609,71,1,3,3,133,Standard,2010-04-25 11:50:00,2010-10-07 14:30:00,165,55,United Kingdom,70.80000000000001,41.25
15601,10,30,14960.12,17.156100917431193,11.288413674523245,872,5,5,5,555,Champions,2009-12-01 14:53:00,2011-11-28 15:15:00,727,310,United Kingdom,88.5,24.233333333333334
15602,7,16,3230.51,25.238359375,19.050446283128593,128,5,5,5,555,Champions,2009-12-02 09:35:00,2011-12-01 14:14:00,729,62,United Kingdom,93.6,45.5625
15603,78,2,88.48,22.12,8.774630096666945,4,3,2,1,321,Standard,2010-03-01 16:02:00,2011-09-22 10:04:00,569,4,United Kingdom,34.56,284.5
15604,51,1,216.39000000000001,12.728823529411766,5.787905366314464,17,4,1,1,411,Standard,2011-10-18 14:47:00,2011-10-18 14:47:00,0,17,United Kingdom,29.880000000000003,0.0
15605,35,9,1936.8,17.44864864864865,6.218746217758409,111,4,5,4,454,Champions,2010-01-14 14:03:00,2011-11-03 14:17:00,658,80,United Kingdom,50.400000000000006,73.11111111111111
15606,60,17,5230.99,36.07579310344828,24.870623251722478,145,3,5,5,355,Standard,2010-03-02 14:48:00,2011-10-09 15:47:00,586,84,United Kingdom,102.0,34.470588235294116
15607,336,9,1708.97,15.67862385321101,9.710433341580469,109,2,5,4,254,Standard,2010-01-08 12:16:00,2011-01-07 12:44:00,364,95,United Kingdom,53.1,40.44444444444444
15608,27,5,1785.98,17.009333333333334,10.438269019727606,105,4,4,4,444,Champions,2010-10-20 10:10:00,2011-11-11 13:20:00,387,93,United Kingdom,107.28,77.4
15609,183,1,298.48,18.655,6.130057095982059,16,3,1,2,312,Standard,2011-06-08 13:00:00,2011-06-08 13:00:00,0,16,United Kingdom,30.0,0.0
15610,51,1,112.46000000000001,18.743333333333336,4.2631146673138725,6,4,1,1,411,Standard,2011-10-19 10:36:00,2011-10-19 10:36:00,0,6,United Kingdom,25.0,0.0
15611,9,26,2997.28,31.88595744680851,32.101322363113574,94,5,5,5,555,Champions,2010-01-25 14:50:00,2011-11-30 12:36:00,673,43,United Kingdom,214.8,25.884615384615383
15612,35,2,195.15,32.525,28.682865093989477,6,4,2,1,421,Standard,2011-10-09 12:49:00,2011-11-03 14:52:00,25,4,United Kingdom,89.25,12.5
15613,609,1,433.71999999999997,16.063703703703702,11.328993487829951,27,1,1,2,112,Dormant,2010-04-08 12:51:00,2010-04-08 12:51:00,0,27,United Kingdom,60.48,0.0
15614,437,4,3147.36,38.8562962962963,34.089294670190974,81,1,3,5,135,At_Risk_HighValue,2010-03-23 11:13:00,2010-09-28 10:46:00,188,73,United Kingdom,165.0,47.0
15615,9,47,21373.97,23.72249722530522,19.12753573839567,901,5,5,5,555,Champions,2009-12-02 15:28:00,2011-11-29 14:42:00,726,292,United Kingdom,122.04,15.446808510638299
15616,437,1,317.11,24.393076923076926,16.401254720607703,13,1,1,2,112,Dormant,2010-09-27 13:10:00,2010-09-27 13:10:00,0,13,United Kingdom,67.5,0.0
15617,395,3,828.5500000000001,19.727380952380955,10.722074348704199,42,2,3,3,233,Standard,2010-07-20 13:16:00,2010-11-08 16:07:00,111,41,United Kingdom,59.400000000000006,37.0
15618,32,4,776.851,17.263355555555556,5.481941996457572,45,4,3,3,433,Loyal,2011-07-26 10:13:00,2011-11-07 08:34:00,103,39,United Kingdom,30.0,25.75
15619,10,1,336.4,112.13333333333333,28.729311396783142,3,5,1,2,512,Standard,2011-11-29 08:14:00,2011-11-29 08:14:00,0,3,United Kingdom,145.0,0.0
15620,56,4,1942.36,15.05705426356589,4.846807325946118,129,4,3,4,434,Loyal,2010-10-26 11:32:00,2011-10-14 12:41:00,353,114,United Kingdom,31.6,88.25
15621,3,4,1293.03,80.814375,77.17350840530275,16,5,3,4,534,Loyal,2011-11-18 11:49:00,2011-12-05 14:01:00,17,11,United Kingdom,236.88,4.25
15622,42,17,7852.610000000001,18.43335680751174,8.039159438028078,426,4,5,5,455,Champions,2010-03-04 10:29:00,2011-10-27 16:44:00,602,331,United Kingdom,67.6,35.411764705882355
15623,140,8,2437.05,22.56527777777778,14.759656586077494,108,3,4,4,344,Standard,2009-12-10 14:46:00,2011-07-21 17:26:00,588,91,United Kingdom,139.2,73.5
15624,116,4,588.13,17.297941176470587,6.267041145844479,34,3,3,2,332,Standard,2011-03-28 13:32:00,2011-08-15 11:38:00,139,26,United Kingdom,35.400000000000006,34.75
15625,103,9,3236.4,18.926315789473684,10.546604465822822,171,3,5,5,355,Standard,2010-06-15 15:23:00,2011-08-28 10:21:00,438,106,United Kingdom,69.6,48.666666666666664
15626,74,3,1067.52,13.344,5.109783269698545,80,3,3,3,333,Standard,2010-10-14 17:16:00,2011-09-26 10:03:00,346,73,United Kingdom,39.8,115.33333333333333
15627,456,2,566.9,23.620833333333334,21.985039560863967,24,1,2,2,122,Dormant,2010-07-05 11:56:00,2010-09-08 14:14:00,65,23,United Kingdom,81.12,32.5
15628,4,17,5652.26,17.77440251572327,7.837034227170926,318,5,5,5,555,Champions,2009-12-13 13:39:00,2011-12-05 10:24:00,721,136,United Kingdom,66.0,42.411764705882355
15629,449,4,2240.9,29.102597402597404,15.841999259347004,77,1,3,4,134,Standard,2010-06-25 11:39:00,2010-09-15 13:46:00,82,39,United Kingdom,81.6,20.5
15630,44,3,1481.4,18.517500000000002,9.84007081635524,80,4,3,4,434,Loyal,2010-03-05 14:30:00,2011-10-25 15:36:00,599,76,United Kingdom,59.8,199.66666666666666
15631,641,1,596.67,15.299230769230768,4.8792958856868855,39,1,1,2,112,Dormant,2010-03-07 14:52:00,2010-03-07 14:52:00,0,39,United Kingdom,30.6,0.0
15632,15,8,3285.31,19.67251497005988,14.115339631547343,167,5,4,5,545,Champions,2011-03-10 08:29:00,2011-11-24 09:51:00,259,107,United Kingdom,79.19999999999999,32.375
15633,508,13,4352.46,24.590169491525423,20.704256025869316,177,1,5,5,155,At_Risk_HighValue,2009-12-08 17:51:00,2010-07-18 13:54:00,221,77,United Kingdom,175.2,17.0
15634,16,2,554.65,16.313235294117646,4.826101834053648,34,5,2,2,522,Standard,2010-11-21 15:30:00,2011-11-22 16:28:00,366,34,United Kingdom,30.0,183.0
15635,395,1,100.35,50.175,34.895719651556114,2,2,1,1,211,Dormant,2010-11-09 08:58:00,2010-11-09 08:58:00,0,2,United Kingdom,74.85,0.0
15636,89,4,1444.58,25.343508771929823,14.252437822956574,57,3,3,4,334,Standard,2010-05-19 11:37:00,2011-09-11 11:17:00,479,39,United Kingdom,71.6,119.75
15637,52,5,797.59,19.45341463414634,16.67510773724657,41,4,4,3,443,Loyal,2009-12-15 17:54:00,2011-10-18 08:28:00,671,37,United Kingdom,103.68,134.2
15638,378,6,2265.2,90.60799999999999,52.472117437104956,25,2,4,4,244,Standard,2010-04-08 14:37:00,2010-11-26 11:52:00,231,20,United Kingdom,212.0,38.5
15639,133,3,1065.08,15.435942028985506,8.697853913608363,69,3,3,3,333,Standard,2010-04-13 13:11:00,2011-07-28 14:30:00,471,61,United Kingdom,39.8,157.0
15640,3,29,23957.58,31.31709803921569,37.10510035638836,765,5,5,5,555,Champions,2009-12-14 16:36:00,2011-12-05 14:35:00,720,303,United Kingdom,275.4,24.82758620689655
15641,104,12,5345.55,17.188263665594857,9.58134051204087,311,3,5,5,355,Standard,2009-12-06 15:31:00,2011-08-26 14:04:00,627,249,United Kingdom,81.36,52.25
15642,729,1,105.78,17.63,4.706450892126678,6,1,1,1,111,Dormant,2009-12-10 11:51:00,2009-12-10 11:51:00,0,6,United Kingdom,23.700000000000003,0.0
15643,191,3,664.0,20.12121212121212,13.038488878503077,33,2,3,3,233,Standard,2011-03-02 14:34:00,2011-06-01 07:38:00,90,31,United Kingdom,66.4,30.0
15644,165,4,813.0,3.4159663865546217,3.0283494047102337,238,3,3,3,333,Standard,2011-03-23 15:37:00,2011-06-26 14:54:00,94,166,United Kingdom,22.950000000000003,23.5
15645,18,3,1055.17,15.517205882352942,17.184669742707744,68,5,3,3,533,Loyal,2010-10-10 12:51:00,2011-11-21 11:55:00,406,59,United Kingdom,81.6,135.33333333333334
15646,157,5,974.61,11.466,5.77695693497636,85,3,4,3,343,Standard,2010-10-25 13:06:00,2011-07-05 09:53:00,252,65,United Kingdom,22.5,50.4
15647,414,1,169.0,15.363636363636363,4.343563681419378,11,1,1,1,111,Dormant,2010-10-20 15:09:00,2010-10-20 15:09:00,0,11,United Kingdom,25.200000000000003,0.0
15648,203,2,657.35,26.294,11.974863603955301,25,2,2,3,223,Dormant,2011-03-17 18:59:00,2011-05-19 15:53:00,62,23,United Kingdom,58.0,31.0
15649,335,4,2170.35,180.86249999999998,185.62057968413075,12,2,3,4,234,Standard,2010-11-17 16:22:00,2011-01-07 13:34:00,50,8,United Kingdom,510.0,12.5
15650,521,2,553.88,15.385555555555555,3.756641695104396,36,1,2,2,122,Dormant,2010-03-21 11:46:00,2010-07-06 10:41:00,106,33,United Kingdom,25.200000000000003,53.0
15651,36,5,1259.06,20.984333333333332,17.281266467897062,60,4,4,4,444,Champions,2010-04-22 13:26:00,2011-11-03 08:41:00,559,52,United Kingdom,85.92,111.8
15652,90,5,1420.34,13.657115384615384,16.82382491593666,104,3,4,4,344,Standard,2010-08-11 16:58:00,2011-09-09 14:22:00,393,93,United Kingdom,89.69999999999999,78.6
15653,92,2,877.44,146.24,207.9824084868718,6,3,2,3,323,Standard,2011-08-16 09:50:00,2011-09-08 10:49:00,23,4,United Kingdom,414.72,11.5
15654,8,2,922.53,43.93,28.850752676490092,21,5,2,3,523,Standard,2011-11-13 15:15:00,2011-11-30 13:08:00,16,15,United Kingdom,111.3,8.0
15655,242,1,560.6700000000001,16.49029411764706,4.473092947495507,34,2,1,2,212,Dormant,2011-04-10 15:25:00,2011-04-10 15:25:00,0,34,United Kingdom,25.5,0.0
15656,44,4,748.5,15.925531914893616,5.025112505126297,47,4,3,3,433,Loyal,2011-02-28 15:32:00,2011-10-25 14:56:00,238,46,United Kingdom,30.0,59.5
15657,22,1,30.0,30.0,0.0,1,4,1,1,411,Standard,2011-11-17 12:19:00,2011-11-17 12:19:00,0,1,United Kingdom,30.0,0.0
15658,189,8,2423.4700000000003,20.891982758620692,11.668557022657279,116,2,4,4,244,At_Risk_HighValue,2009-12-03 11:19:00,2011-06-02 15:22:00,546,79,United Kingdom,76.5,68.25
15659,43,3,532.49,25.356666666666666,13.42036338305835,21,4,3,2,432,Loyal,2010-02-24 13:32:00,2011-10-27 09:23:00,609,14,United Kingdom,63.5,203.0
15660,24,15,2812.9900000000002,17.47198757763975,9.118056455453909,161,4,5,4,454,Champions,2010-02-05 16:01:00,2011-11-14 16:58:00,647,73,United Kingdom,51.0,43.13333333333333
15661,316,8,1215.95,27.635227272727274,33.46087152485661,44,2,4,3,243,Standard,2010-05-10 07:59:00,2011-01-26 13:56:00,261,27,United Kingdom,174.0,32.625
15662,660,2,283.73,23.644166666666667,16.90053708578159,12,1,2,1,121,Dormant,2009-12-01 13:49:00,2010-02-16 16:47:00,77,12,United Kingdom,70.80000000000001,38.5
15663,105,1,138.14,15.348888888888887,3.208116442885312,9,3,1,1,311,Standard,2011-08-25 15:50:00,2011-08-25 15:50:00,0,9,United Kingdom,23.4,0.0
15664,50,4,1254.03,17.914714285714286,10.246355127334066,70,4,3,4,434,Loyal,2010-02-28 12:50:00,2011-10-20 10:57:00,598,54,United Kingdom,44.25,149.5
15665,167,5,4015.12,13.941388888888888,11.321219576459626,288,3,4,5,345,Standard,2010-03-14 15:07:00,2011-06-24 14:57:00,466,163,United Kingdom,71.4,93.2
15666,471,2,632.94,9.446865671641792,7.8891552355222005,67,1,2,3,123,Dormant,2010-08-01 15:41:00,2010-08-24 16:14:00,23,62,United Kingdom,46.8,11.5
15667,39,1,301.32000000000005,23.17846153846154,14.085894745071426,13,4,1,2,412,Standard,2011-10-31 10:56:00,2011-10-31 10:56:00,0,13,United Kingdom,41.400000000000006,0.0
15668,217,1,76.32000000000001,76.32000000000001,0.0,1,2,1,1,211,Dormant,2011-05-06 10:39:00,2011-05-06 10:39:00,0,1,United Kingdom,76.32000000000001,0.0
15669,39,4,684.34,20.737575757575758,18.144984677298407,33,4,3,3,433,Loyal,2011-03-21 09:13:00,2011-10-30 16:03:00,223,31,United Kingdom,85.92,55.75
15670,296,2,325.2,17.11578947368421,10.662825514525519,19,2,2,2,222,Dormant,2010-06-01 15:34:00,2011-02-16 10:50:00,259,19,United Kingdom,59.400000000000006,129.5
15671,18,7,2657.13,34.065769230769234,49.59911796239277,78,5,4,4,544,Champions,2011-03-14 09:37:00,2011-11-21 12:43:00,252,52,United Kingdom,306.0,36.0
15672,724,1,45.300000000000004,15.100000000000001,2.48445164976097,3,1,1,1,111,Dormant,2009-12-14 16:52:00,2009-12-14 16:52:00,0,3,United Kingdom,17.700000000000003,0.0
15673,87,9,6414.79,22.351184668989546,20.154533908110857,287,3,5,5,355,Standard,2010-02-22 14:28:00,2011-09-12 16:12:00,567,177,United Kingdom,204.0,63.0
15674,72,13,6948.2300000000005,19.795527065527068,19.111011745475274,351,3,5,5,355,Standard,2009-12-08 17:08:00,2011-09-27 15:17:00,657,262,United Kingdom,334.71,50.53846153846154
15675,80,4,542.04,15.486857142857142,5.412850054664892,35,3,3,2,332,Standard,2010-10-31 14:14:00,2011-09-19 13:48:00,322,32,United Kingdom,27.36,80.5
15676,18,3,3435.76,17.00871287128713,8.332475239008469,202,5,3,5,535,Loyal,2011-03-01 10:19:00,2011-11-21 12:40:00,265,191,United Kingdom,63.6,88.33333333333333
15677,48,3,1305.6299999999999,18.13375,8.183112193783998,72,4,3,4,434,Loyal,2010-09-02 12:08:00,2011-10-21 15:36:00,414,63,United Kingdom,47.6,138.0
15678,52,3,1893.89,19.524639175257732,12.811004795833384,97,4,3,4,434,Loyal,2010-07-05 12:49:00,2011-10-18 09:25:00,469,77,United Kingdom,67.6,156.33333333333334
15679,23,4,781.28,7.102545454545455,6.024619282404071,110,4,3,3,433,Loyal,2011-06-10 08:24:00,2011-11-15 16:19:00,158,98,United Kingdom,33.0,39.5
15680,8,10,4507.58,16.94578947368421,11.889626663801016,266,5,5,5,555,Champions,2009-12-02 12:15:00,2011-11-30 13:46:00,728,155,United Kingdom,165.0,72.8
15681,24,14,2989.7000000000003,33.97386363636364,23.297426695836126,88,4,5,5,455,Champions,2010-05-24 14:18:00,2011-11-14 16:30:00,539,48,United Kingdom,136.0,38.5
15682,598,2,318.24,12.7296,3.7484246468794504,25,1,2,2,122,Dormant,2010-01-21 14:37:00,2010-04-19 15:30:00,88,25,United Kingdom,22.5,44.0
15683,116,2,524.54,20.174615384615382,7.024795644440758,26,3,2,2,322,Standard,2010-08-23 12:01:00,2011-08-14 12:56:00,356,25,United Kingdom,40.8,178.0
15684,546,3,173.95,15.813636363636363,8.413919743766602,11,1,3,1,131,Standard,2009-12-04 16:13:00,2010-06-10 18:51:00,188,9,United Kingdom,39.8,62.666666666666664
15685,449,1,55.980000000000004,3.2929411764705883,3.7215466621854314,17,1,1,1,111,Dormant,2010-09-15 13:43:00,2010-09-15 13:43:00,0,17,United Kingdom,17.0,0.0
15686,419,1,90.0,90.0,0.0,1,1,1,1,111,Dormant,2010-10-15 13:50:00,2010-10-15 13:50:00,0,1,United Kingdom,90.0,0.0
15687,8,9,2993.1,18.030722891566263,5.590371220531923,166,5,5,5,555,Champions,2011-01-13 15:13:00,2011-12-01 08:33:00,321,119,United Kingdom,51.0,35.666666666666664
15688,418,1,190.57,7.058148148148148,5.709309561542066,27,1,1,1,111,Dormant,2010-10-17 12:06:00,2010-10-17 12:06:00,0,26,United Kingdom,23.6,0.0
15689,119,3,521.03,21.70958333333333,16.064857265138567,24,3,3,2,332,Standard,2010-04-01 09:53:00,2011-08-12 09:37:00,497,20,United Kingdom,81.0,165.66666666666666
15690,3,2,239.76,12.618947368421052,9.271398009611687,19,5,2,1,521,Standard,2011-08-31 11:40:00,2011-12-05 15:59:00,96,19,United Kingdom,46.8,48.0
15691,251,4,571.3,40.80714285714286,27.265545016649583,14,2,3,2,232,Standard,2009-12-06 16:01:00,2011-04-01 15:13:00,480,12,United Kingdom,102.0,120.0
15692,27,1,191.04,15.92,5.571538060862222,12,4,1,1,411,Standard,2011-11-11 14:12:00,2011-11-11 14:12:00,0,12,United Kingdom,24.9,0.0
15693,658,1,37.5,37.5,0.0,1,1,1,1,111,Dormant,2010-02-18 14:37:00,2010-02-18 14:37:00,0,1,United Kingdom,37.5,0.0
15694,0,24,10810.81,69.74716129032258,72.26533297737552,155,5,5,5,555,Champions,2009-12-07 15:43:00,2011-12-09 09:44:00,731,55,United Kingdom,406.8,30.458333333333332
15695,266,4,1131.04,19.170169491525424,9.758964489217686,59,2,3,3,233,Standard,2010-01-27 10:56:00,2011-03-18 08:32:00,414,55,United Kingdom,76.5,103.5
15696,32,13,3906.57,17.440044642857142,9.022265755906076,224,4,5,5,455,Champions,2010-01-24 14:36:00,2011-11-06 14:02:00,650,163,United Kingdom,66.6,50.0
15697,689,1,246.75,17.625,5.129355560061953,14,1,1,1,111,Dormant,2010-01-19 09:10:00,2010-01-19 09:10:00,0,14,United Kingdom,27.0,0.0
15698,623,1,46.2,23.1,11.455129855222072,2,1,1,1,111,Dormant,2010-03-25 17:38:00,2010-03-25 17:38:00,0,2,United Kingdom,31.200000000000003,0.0
15699,17,1,309.65,17.202777777777776,4.543237774662931,18,5,1,2,512,Standard,2011-11-22 08:26:00,2011-11-22 08:26:00,0,18,United Kingdom,29.95,0.0
15700,171,2,696.68,8.10093023255814,6.137680080579782,86,3,2,3,323,Standard,2011-06-19 15:36:00,2011-06-20 16:53:00,1,85,United Kingdom,40.8,0.5
15701,1,4,1542.14,6.506919831223629,5.340483319188328,237,5,3,4,534,Loyal,2011-08-21 12:36:00,2011-12-07 14:39:00,108,193,United Kingdom,29.95,27.0
15702,475,2,140.39,4.679666666666666,5.611527226708604,30,1,2,1,121,Dormant,2010-01-26 17:23:00,2010-08-20 14:50:00,205,30,Nigeria,27.82,102.5
15703,264,1,211.5,42.3,37.03390338595163,5,2,1,1,211,Dormant,2011-03-20 10:51:00,2011-03-20 10:51:00,0,5,United Kingdom,107.1,0.0
15704,139,6,3817.96,18.44425120772947,16.82572303426836,207,3,4,5,345,Standard,2010-05-05 14:51:00,2011-07-22 13:35:00,442,129,United Kingdom,118.8,73.66666666666667
15705,200,1,143.1,23.849999999999998,17.768258215143096,6,2,1,1,211,Dormant,2011-05-22 15:37:00,2011-05-22 15:37:00,0,6,United Kingdom,60.0,0.0
15706,63,4,1060.56,19.28290909090909,13.238571965161793,55,3,3,3,333,Standard,2011-08-15 14:32:00,2011-10-07 10:09:00,52,50,United Kingdom,102.0,13.0
15707,34,4,945.58,4.418598130841121,4.24142215245095,214,4,3,3,433,Loyal,2011-09-14 14:19:00,2011-11-04 14:35:00,51,126,United Kingdom,45.0,12.75
15708,40,9,4378.72,11.085367088607596,8.888619116682422,395,4,5,5,455,Champions,2010-10-10 11:33:00,2011-10-30 10:54:00,384,135,United Kingdom,65.4,42.666666666666664
15709,283,2,327.85,12.142592592592594,11.219873368472498,27,2,2,2,222,Dormant,2010-04-29 18:31:00,2011-03-01 10:38:00,305,26,United Kingdom,38.25,152.5
15710,416,1,898.87,8.171545454545454,7.397045056731063,110,1,1,3,113,Dormant,2010-10-18 17:05:00,2010-10-18 17:05:00,0,110,United Kingdom,46.8,0.0
15711,556,2,420.25,16.81,4.348347387226554,25,1,2,2,122,Dormant,2010-01-24 12:13:00,2010-06-01 12:14:00,128,25,United Kingdom,34.0,64.0
15712,8,12,3472.41,20.91813253012048,13.493015594178845,166,5,5,5,555,Champions,2009-12-01 11:17:00,2011-11-30 14:09:00,729,86,United Kingdom,101.76,60.75
15713,142,4,1010.79,16.57032786885246,7.140823240871956,61,3,3,3,333,Standard,2009-12-16 09:41:00,2011-07-19 13:34:00,580,48,United Kingdom,53.1,145.0
15714,11,5,784.8100000000001,16.0165306122449,21.893353305571647,49,5,4,3,543,Loyal,2010-06-02 12:08:00,2011-11-28 11:26:00,543,45,United Kingdom,99.0,108.6
15715,555,5,658.02,17.316315789473684,5.911965613152304,38,1,4,3,143,Standard,2010-03-30 12:17:00,2010-06-02 09:56:00,63,33,United Kingdom,34.8,12.6
15716,145,11,3056.81,9.376717791411043,11.029948906784073,326,3,5,5,355,Standard,2009-12-07 12:42:00,2011-07-17 11:59:00,586,188,United Kingdom,81.6,53.27272727272727
15717,233,5,607.0,25.291666666666668,10.31773132573944,24,2,4,2,242,Standard,2010-04-26 10:41:00,2011-04-19 13:21:00,358,17,United Kingdom,53.1,71.6
15718,539,1,293.79,16.32166666666667,4.276214997621419,18,1,1,2,112,Dormant,2010-06-17 16:20:00,2010-06-17 16:20:00,0,18,United Kingdom,30.0,0.0
15719,32,31,10223.06,5.74329213483146,5.3894570277024485,1780,4,5,5,455,Champions,2009-12-01 12:47:00,2011-11-07 12:29:00,705,449,United Kingdom,63.5,22.741935483870968
15720,23,2,741.92,4.7865806451612904,6.001460259393336,155,4,2,3,423,Standard,2010-06-07 15:40:00,2011-11-15 14:48:00,525,152,United Kingdom,62.400000000000006,262.5
15721,11,1,507.08000000000004,5.572307692307692,8.452410843057091,91,5,1,2,512,Standard,2011-11-28 12:14:00,2011-11-28 12:14:00,0,80,United Kingdom,70.80000000000001,0.0
15722,35,11,5258.1,29.050276243093926,30.07891959183631,181,4,5,5,455,Champions,2010-03-09 15:05:00,2011-11-04 11:43:00,604,91,United Kingdom,231.0,54.90909090909091
15723,364,4,947.65,7.346124031007752,10.096531916182714,129,2,3,3,233,Standard,2010-05-14 12:55:00,2010-12-10 11:12:00,209,108,United Kingdom,60.84,52.25
15724,200,3,310.85,18.28529411764706,7.319318716286937,17,2,3,2,232,Standard,2010-11-04 10:22:00,2011-05-22 14:40:00,199,17,United Kingdom,35.7,66.33333333333333
15725,14,1,415.25,12.9765625,6.2692457792886875,32,5,1,2,512,Standard,2011-11-24 14:51:00,2011-11-24 14:51:00,0,32,United Kingdom,33.0,0.0
15726,389,1,321.91,13.99608695652174,6.159337139018684,23,2,1,2,212,Dormant,2010-11-14 16:12:00,2010-11-14 16:12:00,0,23,United Kingdom,31.8,0.0
15727,16,15,9445.51,13.610244956772334,22.04862893449041,694,5,5,5,555,Champions,2010-01-24 12:12:00,2011-11-23 12:36:00,668,426,United Kingdom,295.0,44.53333333333333
15728,379,2,544.6,45.38333333333333,25.569933812028438,12,2,2,2,222,Dormant,2010-09-21 14:46:00,2010-11-25 10:39:00,64,10,United Kingdom,102.0,32.0
15729,212,3,192.55,17.504545454545454,2.556409058176581,11,2,3,1,231,Standard,2010-11-01 13:44:00,2011-05-11 12:36:00,190,10,United Kingdom,23.0,63.333333333333336
15730,65,5,1726.58,15.554774774774774,4.732121731863635,111,3,4,4,344,Standard,2010-10-04 14:15:00,2011-10-05 12:31:00,365,102,United Kingdom,33.0,73.0
15731,553,1,125.3,15.6625,4.856494179373193,8,1,1,1,111,Dormant,2010-06-04 10:10:00,2010-06-04 10:10:00,0,8,United Kingdom,26.4,0.0
15732,211,10,1682.07,16.17375,6.7995992439731925,104,2,5,4,254,Standard,2010-02-04 10:10:00,2011-05-11 14:24:00,461,53,United Kingdom,39.0,46.1
15733,282,1,162.3,16.23,2.134400774612552,10,2,1,1,211,Dormant,2011-03-02 09:05:00,2011-03-02 09:05:00,0,10,United Kingdom,19.8,0.0
15734,114,4,2263.3,52.63488372093024,67.10432352021145,43,3,3,4,334,Standard,2010-06-10 14:25:00,2011-08-17 10:50:00,432,36,United Kingdom,295.0,108.0
15735,420,1,327.68,17.246315789473684,5.2949527440198665,19,1,1,2,112,Dormant,2010-10-14 13:38:00,2010-10-14 13:38:00,0,19,United Kingdom,30.0,0.0
15736,434,2,1815.72,17.62834951456311,7.745898863913425,103,1,2,4,124,Dormant,2010-09-30 14:19:00,2010-09-30 14:20:00,0,95,United Kingdom,51.0,0.0
15737,14,8,1205.1200000000001,16.73777777777778,5.147713076867507,72,5,4,3,543,Loyal,2011-04-11 10:01:00,2011-11-25 11:21:00,228,60,United Kingdom,41.6,28.5
15738,18,41,13372.97,26.96163306451613,20.32646604238318,496,5,5,5,555,Champions,2009-12-10 15:52:00,2011-11-21 08:26:00,710,70,United Kingdom,116.25,17.317073170731707
15739,65,1,449.12,56.14,33.58585416510945,8,3,1,2,312,Standard,2011-10-04 13:42:00,2011-10-04 13:42:00,0,8,United Kingdom,107.28,0.0
15740,48,1,154.88,17.20888888888889,6.566925544812512,9,4,1,1,411,Standard,2011-10-21 14:29:00,2011-10-21 14:29:00,0,9,United Kingdom,28.08,0.0
15741,457,2,208.62,17.385,5.916438578616825,12,1,2,1,121,Dormant,2010-03-31 11:55:00,2010-09-07 16:21:00,160,11,United Kingdom,35.400000000000006,80.0
15742,618,1,156.87,3.82609756097561,3.3305141330196903,41,1,1,1,111,Dormant,2010-03-30 15:25:00,2010-03-30 15:25:00,0,41,United Kingdom,16.95,0.0
15743,15,4,784.46,8.914318181818182,6.394629894200568,88,5,3,3,533,Loyal,2011-06-08 10:14:00,2011-11-23 17:19:00,168,59,United Kingdom,35.7,42.0
15744,77,1,34.8,11.6,4.018357873559794,3,3,1,1,311,Standard,2011-09-23 09:52:00,2011-09-23 09:52:00,0,3,United Kingdom,13.919999999999998,0.0
15745,18,4,1094.5900000000001,17.65467741935484,7.799565922713935,62,5,3,3,533,Loyal,2011-04-17 13:04:00,2011-11-20 13:45:00,217,57,United Kingdom,59.400000000000006,54.25
15746,133,1,196.88,7.031428571428571,4.8285752168044995,28,3,1,1,311,Standard,2011-07-28 15:21:00,2011-07-28 15:21:00,0,28,United Kingdom,18.75,0.0
15747,12,9,2562.61,11.648227272727274,12.601237202547578,220,5,5,4,554,Champions,2010-01-18 11:21:00,2011-11-27 12:26:00,678,116,United Kingdom,69.6,75.33333333333333
15748,39,3,614.76,16.615135135135134,64.35371959471864,37,4,3,2,432,Loyal,2010-09-16 16:52:00,2011-10-30 12:51:00,408,34,United Kingdom,396.9,136.0
15749,234,3,44534.3,4453.43,1290.3059422305844,10,2,3,5,235,At_Risk_HighValue,2011-01-11 12:55:00,2011-04-18 13:20:00,97,5,United Kingdom,6539.400000000001,32.333333333333336
15750,2,18,6797.191,10.457216923076922,8.11299998721961,650,5,5,5,555,Champions,2009-12-01 17:19:00,2011-12-07 12:34:00,735,389,United Kingdom,59.400000000000006,40.833333333333336
15751,460,11,1380.44,10.618769230769232,7.645392594944281,130,1,5,4,154,Standard,2009-12-06 13:08:00,2010-09-05 12:44:00,272,90,United Kingdom,45.0,24.727272727272727
15752,39,9,4207.54,6.897606557377049,5.939950062205948,610,4,5,5,455,Champions,2010-09-08 11:56:00,2011-10-31 11:37:00,417,359,United Kingdom,50.400000000000006,46.333333333333336
15753,304,1,79.2,79.2,0.0,1,2,1,1,211,Dormant,2011-02-08 12:41:00,2011-02-08 12:41:00,0,1,United Kingdom,79.2,0.0
15754,50,9,3037.61,23.187862595419848,18.258163190438054,131,4,5,5,455,Champions,2010-02-22 13:31:00,2011-10-19 14:40:00,604,114,United Kingdom,106.2,67.11111111111111
15755,9,17,5993.12,16.153962264150945,5.6843245992750555,371,5,5,5,555,Champions,2009-12-04 08:24:00,2011-11-29 14:57:00,725,281,United Kingdom,40.8,42.64705882352941
15756,60,4,532.96,2.7758333333333334,2.1125028785465276,192,3,3,2,332,Standard,2011-04-04 14:00:00,2011-10-09 13:30:00,187,160,United Kingdom,12.75,46.75
15757,65,6,2940.36,15.235025906735752,5.641435260303918,193,3,4,4,344,Standard,2010-06-10 13:47:00,2011-10-05 12:14:00,481,162,United Kingdom,35.7,80.16666666666667
15758,24,1,205.25,22.805555555555557,7.722873673560755,9,4,1,1,411,Standard,2011-11-15 10:48:00,2011-11-15 10:48:00,0,9,United Kingdom,34.0,0.0
15759,217,7,830.9300000000001,48.87823529411765,43.7214735906874,17,2,4,3,243,Standard,2009-12-02 10:08:00,2011-05-05 15:13:00,519,10,United Kingdom,183.6,74.14285714285714
15760,630,2,13916.34,6958.17,0.0,2,1,2,5,125,At_Risk_HighValue,2010-03-19 11:35:00,2010-03-19 11:45:00,0,1,Norway,6958.17,0.0
15761,442,1,143.05,28.610000000000003,10.924422181516052,5,1,1,1,111,Dormant,2010-09-23 09:33:00,2010-09-23 09:33:00,0,5,United Kingdom,39.8,0.0
15762,64,2,583.75,15.777027027027026,4.2851908195972275,37,3,2,2,322,Standard,2011-09-23 15:17:00,2011-10-05 16:15:00,12,37,United Kingdom,25.5,6.0
15763,31,2,1086.92,17.818360655737706,8.975876406666908,61,4,2,3,423,Standard,2011-09-23 12:10:00,2011-11-08 09:44:00,45,58,United Kingdom,79.9,22.5
15764,87,8,4503.08,18.08465863453815,13.45350475922118,249,3,4,5,345,Standard,2010-08-18 13:58:00,2011-09-12 17:58:00,390,187,United Kingdom,178.75,48.75
15765,666,1,370.63,14.8252,4.448211363383414,25,1,1,2,112,Dormant,2010-02-11 10:25:00,2010-02-11 10:25:00,0,25,United Kingdom,23.4,0.0
15766,63,3,831.0600000000001,31.963846153846156,29.642232584867568,26,3,3,3,333,Standard,2010-01-26 15:55:00,2011-10-06 17:03:00,618,21,United Kingdom,130.8,206.0
15768,115,34,15601.09,12.601849757673667,14.912136828404236,1238,3,5,5,355,Standard,2009-12-03 12:10:00,2011-08-16 10:48:00,620,437,United Kingdom,250.0,18.235294117647058
15769,6,46,88704.32,396.0014285714286,254.65066879752393,224,5,5,5,555,Champions,2009-12-11 09:58:00,2011-12-02 13:52:00,721,26,United Kingdom,1980.0,15.673913043478262
15770,612,1,321.45,17.858333333333334,2.6552528405142186,18,1,1,2,112,Dormant,2010-04-06 11:47:00,2010-04-06 11:47:00,0,18,United Kingdom,19.8,0.0
15771,603,3,1006.54,35.94785714285714,44.01459037192628,28,1,3,3,133,Standard,2010-01-15 12:14:00,2010-04-14 13:56:00,89,26,United Kingdom,225.0,29.666666666666668
15772,417,1,280.88,17.555,5.62931612187484,16,1,1,1,111,Dormant,2010-10-17 13:33:00,2010-10-17 13:33:00,0,16,United Kingdom,34.0,0.0
15773,5,2,774.52,16.479148936170212,70.65458115642876,47,5,2,3,523,Standard,2010-10-26 15:27:00,2011-12-04 12:48:00,403,46,United Kingdom,488.16,201.5
15774,68,6,1329.94,11.769380530973452,7.765859036649943,113,3,4,4,344,Standard,2010-02-21 12:57:00,2011-10-02 12:04:00,587,88,United Kingdom,47.2,97.83333333333333
15775,244,2,150.5,16.72222222222222,4.62199572094614,9,2,2,1,221,Dormant,2010-03-18 07:32:00,2011-04-08 12:56:00,386,9,United Kingdom,27.36,193.0
15776,132,1,241.62,13.423333333333334,4.942980763014298,18,3,1,1,311,Standard,2011-07-29 13:46:00,2011-07-29 13:46:00,0,18,United Kingdom,25.5,0.0
15777,240,7,1762.6100000000001,45.195128205128206,51.15180430381477,39,2,4,4,244,Standard,2010-05-20 10:37:00,2011-04-12 16:43:00,327,29,United Kingdom,285.6,46.714285714285715
15778,430,1,307.95000000000005,18.114705882352943,2.8884881807942784,17,1,1,2,112,Dormant,2010-10-04 15:10:00,2010-10-04 15:10:00,0,17,United Kingdom,25.5,0.0
15779,462,2,124.08000000000001,15.510000000000002,3.3168315345479082,8,1,2,1,121,Dormant,2010-06-25 15:55:00,2010-09-02 16:40:00,69,8,United Kingdom,21.8,34.5
15780,183,3,475.28000000000003,16.38896551724138,5.202449522530975,29,3,3,2,332,Standard,2010-12-17 11:43:00,2011-06-09 12:01:00,174,26,United Kingdom,30.6,58.0
15781,24,3,345.46000000000004,17.273000000000003,5.6764648932421435,20,4,3,2,432,HighEngagement_LowValue,2011-02-07 09:15:00,2011-11-14 14:57:00,280,20,United Kingdom,35.400000000000006,93.33333333333333
15782,9,4,4014.1,65.80491803278689,43.711096936702866,61,5,3,5,535,Loyal,2010-10-05 15:43:00,2011-11-30 10:49:00,420,51,United Kingdom,204.0,105.0
15783,10,1,246.3,17.592857142857145,5.847648348592039,14,5,1,1,511,Standard,2011-11-29 09:50:00,2011-11-29 09:50:00,0,14,United Kingdom,30.24,0.0
15784,467,2,848.33,19.72860465116279,12.094177580140698,43,1,2,3,123,Dormant,2010-02-05 14:42:00,2010-08-29 10:38:00,204,33,United Kingdom,63.6,102.0
15785,32,16,5969.93,26.533022222222222,25.74272566675814,225,4,5,5,455,Champions,2009-12-15 16:28:00,2011-11-07 11:33:00,691,102,United Kingdom,187.5,43.1875
15786,45,5,8514.82,18.27214592274678,9.18595707741567,466,4,4,5,445,Champions,2010-06-21 10:13:00,2011-10-24 14:13:00,490,358,United Kingdom,79.95,98.0
15787,25,3,948.05,4.602184466019417,4.612940714349034,206,4,3,3,433,Loyal,2011-10-09 13:11:00,2011-11-13 14:55:00,35,156,United Kingdom,25.0,11.666666666666666
15788,508,1,221.83,15.845,5.246695296895137,14,1,1,1,111,Dormant,2010-07-19 12:48:00,2010-07-19 12:48:00,0,14,United Kingdom,30.0,0.0
15789,357,6,1962.01,14.217463768115943,4.814455432529868,138,2,4,4,244,Standard,2010-03-26 11:21:00,2010-12-16 14:35:00,265,110,United Kingdom,31.2,44.166666666666664
15790,9,1,220.85,6.31,5.205122476945187,35,5,1,1,511,Standard,2011-11-29 14:53:00,2011-11-29 14:53:00,0,34,United Kingdom,24.75,0.0
15791,43,5,3608.34,21.60682634730539,11.858451314488615,167,4,4,5,445,Champions,2010-03-08 09:41:00,2011-10-27 10:14:00,598,121,United Kingdom,81.0,119.6
15792,399,2,933.84,16.383157894736843,5.442135596401844,57,2,2,3,223,Dormant,2010-03-31 09:42:00,2010-11-05 08:21:00,218,57,United Kingdom,30.0,109.0
15793,14,8,2399.57,79.98566666666667,51.92788379144168,30,5,4,4,544,Champions,2009-12-01 12:54:00,2011-11-25 09:31:00,723,12,United Kingdom,232.0,90.375
15794,735,2,777.0,51.8,44.90596126510218,15,1,2,3,123,Dormant,2009-12-02 15:10:00,2009-12-03 13:04:00,0,15,United Kingdom,130.8,0.0
15795,149,8,1979.8700000000001,15.11351145038168,6.348699675907491,131,3,4,4,344,Standard,2010-01-18 11:31:00,2011-07-13 10:43:00,540,111,United Kingdom,40.56,67.5
15796,0,17,5175.83,17.545186440677966,12.832067580226074,295,5,5,5,555,Champions,2010-03-31 13:10:00,2011-12-08 19:55:00,617,138,United Kingdom,91.8,36.294117647058826
15797,112,6,2821.08,235.09,113.81671278459464,12,3,4,4,344,Standard,2010-01-27 13:12:00,2011-08-18 17:04:00,568,12,United Kingdom,408.0,94.66666666666667
15798,492,3,1535.37,18.49843373493976,7.349886755710927,83,1,3,4,134,Standard,2010-01-27 11:55:00,2010-08-04 09:13:00,188,73,United Kingdom,40.56,62.666666666666664
15799,75,4,1424.29,9.188967741935484,8.672243090817126,155,3,3,4,334,Standard,2010-10-17 14:26:00,2011-09-25 12:46:00,342,143,United Kingdom,59.0,85.5
15800,106,7,1242.58,5.092540983606557,7.699548280424845,244,3,4,3,343,Standard,2010-03-31 13:17:00,2011-08-24 14:23:00,511,198,United Kingdom,89.69999999999999,73.0
15801,45,3,1063.95,16.62421875,5.9630877280965935,64,4,3,3,433,Loyal,2011-08-22 09:53:00,2011-10-24 13:52:00,63,61,United Kingdom,39.6,21.0
15802,142,1,451.42,451.42,0.0,1,3,1,2,312,Standard,2011-07-20 11:38:00,2011-07-20 11:38:00,0,1,United Kingdom,451.42,0.0
15803,50,4,1929.66,37.836470588235294,23.65112418668757,51,4,3,4,434,Loyal,2010-02-01 16:29:00,2011-10-19 14:56:00,624,48,United Kingdom,102.0,156.0
15804,0,13,4206.39,16.05492366412214,15.505313283918666,262,5,5,5,555,Champions,2011-05-25 10:12:00,2011-12-09 12:31:00,198,170,United Kingdom,250.0,15.23076923076923
15805,22,30,10189.23,19.18875706214689,14.246735447288296,531,4,5,5,455,Champions,2009-12-10 12:57:00,2011-11-16 16:32:00,706,337,United Kingdom,204.0,23.533333333333335
15806,45,3,784.58,25.309032258064516,27.73621235314809,31,4,3,3,433,Loyal,2011-03-08 09:24:00,2011-10-24 14:35:00,230,24,United Kingdom,118.8,76.66666666666667
15807,49,5,1817.52,20.653636363636362,10.295311976517997,88,4,4,4,444,Champions,2010-02-11 15:32:00,2011-10-20 14:10:00,615,85,United Kingdom,60.48,123.0
15808,305,21,18409.93,21.456794871794873,23.479786561985176,858,2,5,5,255,At_Risk_HighValue,2009-12-01 16:30:00,2011-02-06 14:33:00,431,348,United Kingdom,350.4,20.523809523809526
15809,35,7,1274.44,21.973103448275864,38.730962961873566,58,4,4,4,444,Champions,2010-06-22 14:23:00,2011-11-03 16:40:00,499,51,United Kingdom,295.0,71.28571428571429
15810,78,8,2999.04,18.066506024096384,13.11052109855749,166,3,4,5,345,Standard,2010-02-04 18:18:00,2011-09-22 09:38:00,594,89,United Kingdom,139.5,74.25
15811,21,7,3890.52,12.550064516129032,8.82746750320249,310,4,4,5,445,Champions,2010-11-16 16:46:00,2011-11-17 15:31:00,365,205,United Kingdom,93.6,52.142857142857146
15812,106,12,5201.47,41.611760000000004,79.60955626361901,125,3,5,5,355,Standard,2009-12-15 13:40:00,2011-08-24 14:19:00,617,87,United Kingdom,457.92,51.416666666666664
15813,207,2,1303.9099999999999,32.59775,33.77057089997526,40,2,2,4,224,Dormant,2011-04-14 09:09:00,2011-05-16 08:13:00,31,40,United Kingdom,175.2,15.5
15814,16,6,2634.44,26.88204081632653,23.37767253410225,98,5,4,4,544,Champions,2010-04-15 14:31:00,2011-11-23 08:17:00,586,83,United Kingdom,156.6,97.66666666666667
15815,63,5,2100.6,42.86938775510204,44.4814757515307,49,3,4,4,344,Standard,2011-03-25 08:43:00,2011-10-07 12:42:00,196,33,United Kingdom,254.4,39.2
15816,541,2,144.15,13.104545454545455,14.568398239776645,11,1,2,1,121,Dormant,2010-06-15 12:54:00,2010-06-15 13:36:00,0,11,United Kingdom,50.85,0.0
15817,420,3,2766.4,18.2,8.787724656346578,152,1,3,4,134,At_Risk_HighValue,2010-06-14 13:31:00,2010-10-15 11:07:00,122,133,United Kingdom,68.0,40.666666666666664
15818,587,1,340.5,30.954545454545453,41.82038650314853,11,1,1,2,112,Dormant,2010-04-30 12:58:00,2010-04-30 12:58:00,0,11,United Kingdom,145.0,0.0
15819,48,10,3934.79,15.133807692307693,6.422147107968524,260,4,5,5,455,Champions,2010-03-18 11:08:00,2011-10-21 14:50:00,582,182,United Kingdom,51.0,58.2
15820,319,1,206.98,12.175294117647057,20.842552662056253,17,2,1,1,211,Dormant,2011-01-24 12:00:00,2011-01-24 12:00:00,0,17,United Kingdom,90.0,0.0
15821,43,2,570.96,9.209032258064516,6.07488911311534,62,4,2,2,422,Standard,2011-10-09 13:28:00,2011-10-26 15:48:00,17,57,United Kingdom,29.85,8.5
15822,2,6,1840.06,28.308615384615383,16.09580320659347,65,5,4,4,544,Champions,2009-12-06 15:12:00,2011-12-06 14:50:00,729,46,United Kingdom,70.8,121.5
15823,371,3,3897.17,24.981858974358975,15.950848164504619,156,2,3,5,235,At_Risk_HighValue,2009-12-08 15:12:00,2010-12-02 15:08:00,358,155,United Kingdom,106.2,119.33333333333333
15824,452,2,890.94,34.26692307692308,19.533132420424696,26,1,2,3,123,Dormant,2010-06-25 15:10:00,2010-09-12 13:20:00,78,24,United Kingdom,67.5,39.0
15825,171,1,532.94,26.647000000000002,54.2666823343656,20,3,1,2,312,Standard,2011-06-20 13:27:00,2011-06-20 13:27:00,0,20,United Kingdom,250.0,0.0
15826,55,4,2598.28,21.834285714285716,13.393189552614112,119,4,3,4,434,Loyal,2010-05-20 17:00:00,2011-10-14 16:05:00,511,100,United Kingdom,104.04,127.75
15827,72,28,3794.07,16.424545454545456,6.4270025223991425,231,3,5,5,355,Standard,2010-01-08 11:25:00,2011-09-27 15:35:00,627,124,United Kingdom,71.6,22.392857142857142
15828,374,1,1108.82,14.984054054054052,10.494765547045303,74,2,1,3,213,Dormant,2010-11-29 16:41:00,2010-11-29 16:41:00,0,74,United Kingdom,51.0,0.0
15829,98,2,636.14,12.473333333333333,6.675794684280416,51,3,2,3,323,Standard,2011-07-22 10:23:00,2011-09-01 16:45:00,41,44,United Kingdom,34.8,20.5
15830,37,1,576.0,14.76923076923077,6.05319723461359,39,4,1,2,412,Standard,2011-11-02 10:40:00,2011-11-02 10:40:00,0,39,United Kingdom,33.0,0.0
15831,57,3,801.76,11.790588235294118,13.768282595115632,68,4,3,3,433,Loyal,2011-01-19 14:52:00,2011-10-12 13:14:00,265,63,United Kingdom,64.35,88.33333333333333
15832,253,1,836.79,15.49611111111111,3.8667349674080467,54,2,1,3,213,Dormant,2011-03-30 15:29:00,2011-03-30 15:29:00,0,54,United Kingdom,31.6,0.0
15833,737,1,80.4,16.080000000000002,3.2474220544918415,5,1,1,1,111,Dormant,2009-12-02 11:59:00,2009-12-02 11:59:00,0,5,United Kingdom,19.5,0.0
15834,69,7,3772.99,9.981455026455025,11.16990410989423,378,3,4,5,345,Standard,2010-10-11 14:05:00,2011-09-30 14:41:00,354,333,United Kingdom,125.0,50.57142857142857
15835,43,4,954.09,19.0818,8.433362969752448,50,4,3,3,433,Loyal,2011-01-13 10:35:00,2011-10-26 15:47:00,286,47,United Kingdom,50.85,71.5
15836,49,1,137.37,13.737,4.573974809239285,10,4,1,1,411,Standard,2011-10-20 17:13:00,2011-10-20 17:13:00,0,10,United Kingdom,25.0,0.0
15837,64,2,777.01,14.942499999999999,4.883943631140399,52,3,2,3,323,Standard,2010-08-11 10:16:00,2011-10-06 09:01:00,420,52,United Kingdom,30.0,210.0
15838,10,34,74163.0,354.8468899521531,1176.5171593432974,209,5,5,5,555,Champions,2009-12-15 09:51:00,2011-11-28 14:00:00,713,61,United Kingdom,15818.4,20.970588235294116
15839,32,3,1048.49,16.911129032258064,6.502331764568797,62,4,3,3,433,Loyal,2011-07-14 16:35:00,2011-11-06 13:54:00,114,56,United Kingdom,44.55,38.0
15840,58,2,355.56,13.168888888888889,5.525627241341603,27,4,2,2,422,Standard,2011-06-20 11:42:00,2011-10-12 09:08:00,113,26,United Kingdom,23.4,56.5
15841,72,9,2742.41,29.808804347826086,29.348239771331855,92,3,5,4,354,Standard,2009-12-10 08:29:00,2011-09-28 12:15:00,657,60,United Kingdom,187.5,73.0
15842,392,2,548.8000000000001,21.952,12.92537265742591,25,2,2,2,222,Dormant,2010-06-30 09:06:00,2010-11-11 14:08:00,134,24,United Kingdom,76.32000000000001,67.0
15843,303,1,118.95,14.86875,2.4938406267098503,8,2,1,1,211,Dormant,2011-02-09 10:19:00,2011-02-09 10:19:00,0,8,United Kingdom,17.85,0.0
15844,45,1,130.73999999999998,11.885454545454543,4.666322671304169,11,4,1,1,411,Standard,2011-10-24 15:19:00,2011-10-24 15:19:00,0,11,United Kingdom,21.9,0.0
15845,17,11,4426.28,25.4383908045977,13.776607162504588,174,5,5,5,555,Champions,2010-01-26 14:44:00,2011-11-22 09:42:00,664,129,United Kingdom,81.12,60.36363636363637
15846,384,1,107.01,3.6900000000000004,2.2751891601108056,29,2,1,1,211,Dormant,2010-11-19 14:40:00,2010-11-19 14:40:00,0,27,United Kingdom,8.75,0.0
15847,37,5,822.57,17.136875,10.657526789111923,48,4,4,3,443,Loyal,2010-03-08 08:47:00,2011-11-01 14:41:00,603,39,United Kingdom,63.75,120.6
15848,621,1,139.94,3.998285714285714,3.2949314781005916,35,1,1,1,111,Dormant,2010-03-28 10:54:00,2010-03-28 10:54:00,0,34,United Kingdom,16.95,0.0
15850,18,6,1058.72,3.169820359281437,2.869921151369799,334,5,4,3,543,Loyal,2009-12-13 13:27:00,2011-11-20 14:14:00,707,269,United Kingdom,19.9,117.83333333333333
15851,526,1,109.73,13.71625,14.669510594134644,8,1,1,1,111,Dormant,2010-07-01 12:34:00,2010-07-01 12:34:00,0,8,United Kingdom,39.0,0.0
15852,186,3,257.26,7.795757575757576,11.129777915097584,33,3,3,1,331,HighEngagement_LowValue,2010-07-01 10:16:00,2011-06-06 11:22:00,340,31,United Kingdom,57.5,113.33333333333333
15853,51,1,110.8,3.6933333333333334,3.0369816382823864,30,4,1,1,411,Standard,2011-10-19 10:38:00,2011-10-19 10:38:00,0,29,United Kingdom,10.5,0.0
15854,3,21,5583.81,21.642674418604653,41.958599812995715,258,5,5,5,555,Champions,2009-12-10 12:08:00,2011-12-05 13:39:00,725,168,United Kingdom,297.0,34.523809523809526
15855,136,6,1052.72,11.081263157894737,11.185932963315953,95,3,4,3,343,Standard,2010-08-20 17:15:00,2011-07-26 10:20:00,339,72,United Kingdom,70.80000000000001,56.5
15856,3,52,34220.340000000004,29.474883720930237,36.787598711706295,1161,5,5,5,555,Champions,2009-12-03 14:02:00,2011-12-05 17:09:00,732,384,United Kingdom,408.0,14.076923076923077
15857,18,2,570.48,23.77,19.82871961925758,24,5,2,2,522,Standard,2010-10-05 16:43:00,2011-11-21 12:18:00,411,21,United Kingdom,81.6,205.5
15858,15,13,3960.37,8.199523809523809,8.913273493985319,483,5,5,5,555,Champions,2009-12-10 11:42:00,2011-11-24 12:48:00,714,273,United Kingdom,102.0,54.92307692307692
15859,431,1,438.46,19.93,10.412526796398378,22,1,1,2,112,Dormant,2010-10-03 12:52:00,2010-10-03 12:52:00,0,22,United Kingdom,51.0,0.0
15860,40,17,2505.21,6.8076358695652175,6.195820478224242,368,4,5,4,454,Champions,2009-12-06 12:31:00,2011-10-30 11:25:00,692,249,United Kingdom,38.25,40.705882352941174
15861,11,12,4401.79,5.516027568922306,7.526027502715863,798,5,5,5,555,Champions,2010-01-28 19:41:00,2011-11-27 15:59:00,667,452,United Kingdom,165.0,55.583333333333336
15862,7,13,2928.29,5.040086058519793,5.199344536888359,581,5,5,4,554,Champions,2009-12-17 11:33:00,2011-12-01 13:28:00,714,417,United Kingdom,40.56,54.92307692307692
15863,25,5,358.7,4.540506329113924,4.412306768844991,79,4,4,2,442,Loyal,2009-12-17 10:20:00,2011-11-14 12:49:00,697,74,United Kingdom,31.200000000000003,139.4
15864,21,7,2180.76,94.81565217391305,66.40587185332929,23,4,4,4,444,Champions,2010-11-23 15:02:00,2011-11-17 13:32:00,358,18,United Kingdom,225.0,51.142857142857146
15865,40,5,2248.92,17.708031496062993,13.589375579250168,127,4,4,4,444,Champions,2010-01-05 13:58:00,2011-10-30 12:43:00,662,119,United Kingdom,83.2,132.4
15866,100,1,230.53,5.122888888888889,4.406115389805722,45,3,1,1,311,Standard,2011-08-30 14:09:00,2011-08-30 14:09:00,0,43,United Kingdom,16.95,0.0
15867,4,31,9063.95,8.55897072710104,9.708744435034502,1059,5,5,5,555,Champions,2009-12-14 15:16:00,2011-12-04 13:32:00,719,547,United Kingdom,175.2,23.193548387096776
15868,582,1,94.53,23.6325,19.828923949624702,4,1,1,1,111,Dormant,2010-05-05 14:11:00,2010-05-05 14:11:00,0,4,United Kingdom,53.1,0.0
15869,276,3,323.65999999999997,9.247428571428571,6.8083315494616565,35,2,3,2,232,Standard,2010-03-23 16:50:00,2011-03-07 17:23:00,349,29,United Kingdom,30.24,116.33333333333333
15870,32,4,862.61,5.868095238095238,8.636902058547948,147,4,3,3,433,Loyal,2010-09-19 16:22:00,2011-11-07 10:58:00,413,127,United Kingdom,79.9,103.25
15871,436,1,33.099999999999994,6.619999999999999,3.4131363875473832,5,1,1,1,111,Dormant,2010-09-28 14:16:00,2010-09-28 14:16:00,0,5,United Kingdom,9.95,0.0
15872,14,4,795.68,3.700837209302325,5.0329072483577155,215,5,3,3,533,Loyal,2010-06-07 14:53:00,2011-11-25 11:55:00,535,164,United Kingdom,51.0,133.75
15873,499,4,313.91999999999996,52.31999999999999,24.73560672391118,6,1,3,2,132,Standard,2010-07-27 11:58:00,2010-07-28 12:41:00,1,3,United Kingdom,83.52,0.25
15874,63,21,11284.76,32.99637426900585,49.821779750914786,342,3,5,5,355,Standard,2010-01-07 13:56:00,2011-10-07 12:31:00,637,262,United Kingdom,590.0,30.333333333333332
15875,645,1,111.72,4.4688,4.126197119220877,25,1,1,1,111,Dormant,2010-03-03 16:51:00,2010-03-03 16:51:00,0,18,United Kingdom,15.0,0.0
15876,408,2,1449.14,131.74,119.20239561351106,11,2,2,4,224,Dormant,2010-09-17 15:26:00,2010-10-26 18:58:00,39,11,United Kingdom,417.6,19.5
15877,1,2,493.28,3.823875968992248,6.200892867926048,129,5,2,2,522,Standard,2011-11-22 11:18:00,2011-12-08 11:53:00,16,122,United Kingdom,42.0,8.0
15878,561,2,330.77,6.485686274509804,10.095888124360721,51,1,2,2,122,Dormant,2009-12-06 12:28:00,2010-05-27 12:17:00,171,47,United Kingdom,59.400000000000006,85.5
15879,403,4,1157.3,6.324043715846995,10.360458433058517,183,2,3,3,233,Standard,2009-12-17 19:54:00,2010-10-31 16:21:00,317,171,United Kingdom,107.8,79.25
15880,368,1,686.56,3.269333333333333,3.813538779444696,210,2,1,3,213,Dormant,2010-12-05 13:00:00,2010-12-05 13:00:00,0,95,United Kingdom,30.0,0.0
15881,311,5,501.39,17.289310344827587,26.723466003153014,29,2,4,2,242,Standard,2010-12-10 13:32:00,2011-01-31 16:59:00,52,26,United Kingdom,100.8,10.4
15882,198,8,1495.98,19.9464,18.110820764304325,75,2,4,4,244,Standard,2009-12-10 15:33:00,2011-05-25 11:35:00,530,49,United Kingdom,75.60000000000001,66.25
15883,1,2,396.48,8.091428571428573,6.833063612563059,49,5,2,2,522,Standard,2011-11-06 14:50:00,2011-12-07 17:05:00,31,42,United Kingdom,30.6,15.5
15884,431,2,249.70000000000002,16.64666666666667,34.85069412439846,15,1,2,1,121,Dormant,2009-12-03 18:23:00,2010-10-03 15:55:00,303,14,United Kingdom,141.60000000000002,151.5
15885,92,15,1951.82,16.972347826086956,22.93428806396141,115,3,5,4,354,Standard,2010-01-21 12:47:00,2011-09-08 10:43:00,594,83,United Kingdom,127.5,39.6
15886,59,4,1052.8700000000001,16.98177419354839,16.033105865236482,62,3,3,3,333,Standard,2010-04-20 15:03:00,2011-10-10 14:25:00,537,58,United Kingdom,66.0,134.25
15887,406,3,1027.15,27.760810810810813,21.872672241657874,37,2,3,3,233,Standard,2010-06-02 11:53:00,2010-10-29 08:36:00,148,27,United Kingdom,78.0,49.333333333333336
15888,80,3,429.16,11.004102564102565,13.871152898228969,39,3,3,2,332,Standard,2010-07-01 11:51:00,2011-09-20 12:30:00,446,33,United Kingdom,76.5,148.66666666666666
15889,156,8,1806.28,4.527017543859649,4.73570537557121,399,3,4,4,344,Standard,2009-12-10 12:21:00,2011-07-06 11:10:00,572,256,United Kingdom,39.6,71.5
15890,394,5,535.65,53.565,53.46504075873629,10,2,4,2,242,Standard,2010-04-14 08:43:00,2010-11-10 12:46:00,210,10,United Kingdom,159.9,42.0
15891,226,1,524.52,8.459999999999999,7.367739827378164,62,2,1,2,212,Dormant,2011-04-27 12:35:00,2011-04-27 12:35:00,0,60,United Kingdom,26.4,0.0
15892,668,1,128.2,3.3736842105263154,4.117638670634678,38,1,1,1,111,Dormant,2010-02-08 16:23:00,2010-02-08 16:23:00,0,38,United Kingdom,25.5,0.0
15893,481,1,305.28000000000003,305.28000000000003,0.0,1,1,1,2,112,Dormant,2010-08-15 11:12:00,2010-08-15 11:12:00,0,1,United Kingdom,305.28000000000003,0.0
15894,252,2,420.29,5.320126582278482,9.39485244949989,79,2,2,2,222,Dormant,2010-12-05 14:06:00,2011-03-31 13:50:00,115,35,United Kingdom,74.25,57.5
15895,149,1,179.17,16.288181818181815,40.50159350400471,11,3,1,1,311,Standard,2011-07-13 10:27:00,2011-07-13 10:27:00,0,11,United Kingdom,137.16,0.0
15897,193,2,222.05,9.252083333333333,21.913675098909803,24,2,2,1,221,Dormant,2011-05-29 13:32:00,2011-05-29 13:50:00,0,17,United Kingdom,110.5,0.0
15898,0,25,5596.31,8.029139167862267,13.478680616234477,697,5,5,5,555,Champions,2009-12-11 16:11:00,2011-12-08 15:23:00,726,281,United Kingdom,275.0,29.04
15899,368,1,112.5,14.0625,3.9466758164308353,8,2,1,1,211,Dormant,2010-12-06 10:36:00,2010-12-06 10:36:00,0,4,United Kingdom,20.0,0.0
15900,23,4,900.4,6.926153846153846,8.500474714023023,130,4,3,3,433,Loyal,2010-05-26 11:27:00,2011-11-16 12:19:00,539,100,United Kingdom,66.0,134.75
15901,16,7,703.22,4.112397660818714,4.283403619827046,171,5,4,3,543,Loyal,2010-06-14 12:39:00,2011-11-23 12:43:00,527,145,United Kingdom,30.0,75.28571428571429
15902,379,1,145.01,8.056111111111111,5.733064203669683,18,2,1,1,211,Dormant,2010-11-24 16:57:00,2010-11-24 16:57:00,0,18,United Kingdom,20.16,0.0
15903,9,12,8939.84,77.06758620689655,58.04440481024087,116,5,5,5,555,Champions,2010-01-14 10:57:00,2011-11-30 08:08:00,684,58,United Kingdom,237.6,57.0
15904,7,1,164.68,5.489333333333334,5.770402444181523,30,5,1,1,511,Standard,2011-12-01 14:50:00,2011-12-01 14:50:00,0,30,United Kingdom,28.75,0.0
15905,542,1,114.69,5.213181818181818,3.3308034013885144,22,1,1,1,111,Dormant,2010-06-14 16:00:00,2010-06-14 16:00:00,0,22,United Kingdom,12.6,0.0
15906,19,10,2555.64,12.58935960591133,11.243396437431675,203,4,5,4,454,Champions,2010-09-15 12:17:00,2011-11-20 12:24:00,431,143,United Kingdom,51.0,43.1
15907,3,3,967.45,3.8853413654618474,4.258605327879645,249,5,3,3,533,Loyal,2011-05-13 13:01:00,2011-12-06 12:21:00,206,175,United Kingdom,34.65,68.66666666666667
15908,490,2,764.57,18.648048780487805,89.16264215520737,41,1,2,3,123,Dormant,2010-07-15 19:21:00,2010-08-06 11:56:00,21,37,United Kingdom,575.2,10.5
15909,173,1,191.94,27.419999999999998,23.99797491456311,7,3,1,1,311,Standard,2011-06-19 10:38:00,2011-06-19 10:38:00,0,7,United Kingdom,61.2,0.0
15910,0,15,2681.8,4.2703821656050955,4.323293665167739,628,5,5,4,554,Champions,2010-01-21 11:51:00,2011-12-09 10:51:00,686,394,United Kingdom,51.0,45.733333333333334
15911,623,8,1702.34,6.572741312741313,5.4357465821807525,259,1,4,4,144,Standard,2009-12-09 13:26:00,2010-03-26 12:06:00,106,162,United Kingdom,39.6,13.25
15912,177,9,1074.7,11.31263157894737,18.672265256514283,95,3,5,3,353,Standard,2009-12-10 12:58:00,2011-06-14 14:29:00,551,83,United Kingdom,148.5,61.22222222222222
15913,533,1,6.300000000000001,6.300000000000001,0.0,1,1,1,1,111,Dormant,2010-06-23 16:31:00,2010-06-23 16:31:00,0,1,United Kingdom,6.300000000000001,0.0
15914,377,2,205.99,15.845384615384615,28.89935484152562,13,2,2,1,221,Dormant,2010-11-26 16:09:00,2010-11-26 16:10:00,0,13,United Kingdom,101.76,0.0
15915,401,1,429.21,2.939794520547945,3.644815395576549,146,2,1,2,212,Dormant,2010-11-03 11:13:00,2010-11-03 11:13:00,0,105,United Kingdom,23.6,0.0
15916,15,13,3427.17,10.480642201834863,9.842442300832014,327,5,5,5,555,Champions,2009-12-10 16:21:00,2011-11-23 13:46:00,712,227,United Kingdom,76.5,54.76923076923077
15917,247,5,560.63,3.616967741935484,4.4924942272717,155,2,4,2,242,Standard,2009-12-02 14:55:00,2011-04-06 10:40:00,489,127,United Kingdom,33.9,97.8
15918,190,3,582.88,9.555409836065573,7.46300756482052,61,2,3,2,232,Standard,2010-03-18 11:40:00,2011-06-02 11:42:00,441,49,United Kingdom,35.7,147.0
15919,19,2,910.61,4.742760416666667,3.9108734425522584,192,4,2,3,423,Standard,2010-12-06 11:26:00,2011-11-20 11:28:00,349,103,United Kingdom,25.5,174.5
15920,153,9,571.64,5.292962962962963,8.272274970942222,108,3,5,2,352,Standard,2009-12-14 13:09:00,2011-07-08 15:31:00,571,93,United Kingdom,53.7,63.44444444444444
15921,172,4,802.11,9.663975903614459,11.415254870370168,83,3,3,3,333,Standard,2010-03-09 11:03:00,2011-06-20 11:03:00,468,69,United Kingdom,81.12,117.0
15922,372,1,739.0,33.59090909090909,16.592106817942344,22,2,1,3,213,Dormant,2010-12-01 13:51:00,2010-12-01 13:51:00,0,11,United Kingdom,75.60000000000001,0.0
15923,372,1,254.16,6.051428571428572,4.796115588544125,42,2,1,1,211,Dormant,2010-12-02 12:16:00,2010-12-02 12:16:00,0,21,United Kingdom,20.8,0.0
15924,730,1,102.82,6.854666666666666,5.6484673858953816,15,1,1,1,111,Dormant,2009-12-08 15:00:00,2009-12-08 15:00:00,0,14,United Kingdom,17.700000000000003,0.0
15925,193,1,207.15,17.2625,10.558002673543205,12,2,1,1,211,Dormant,2011-05-29 15:35:00,2011-05-29 15:35:00,0,12,United Kingdom,38.25,0.0
15926,541,1,134.44,19.205714285714286,6.850856046614071,7,1,1,1,111,Dormant,2010-06-15 15:23:00,2010-06-15 15:23:00,0,7,United Kingdom,27.04,0.0
15927,646,1,123.39000000000001,7.258235294117648,4.4103036109973734,17,1,1,1,111,Dormant,2010-03-02 13:25:00,2010-03-02 13:25:00,0,13,United Kingdom,17.700000000000003,0.0
15928,655,1,293.53,26.684545454545454,43.18812460934981,11,1,1,2,112,Dormant,2010-02-21 15:16:00,2010-02-21 15:16:00,0,11,United Kingdom,153.0,0.0
15929,643,1,594.0,594.0,0.0,1,1,1,2,112,Dormant,2010-03-05 14:56:00,2010-03-05 14:56:00,0,1,United Kingdom,594.0,0.0
15930,66,1,426.63,20.315714285714286,6.422272628461496,21,3,1,2,312,Standard,2011-10-03 14:52:00,2011-10-03 14:52:00,0,21,United Kingdom,35.400000000000006,0.0
15931,427,1,239.9,17.135714285714286,7.551857351046128,14,1,1,1,111,Dormant,2010-10-07 16:46:00,2010-10-07 16:46:00,0,14,United Kingdom,39.95,0.0
15932,3,8,2495.87,21.703217391304346,20.805847379321627,115,5,4,4,544,Champions,2011-02-23 14:50:00,2011-12-05 17:13:00,285,93,United Kingdom,122.04,35.625
15933,20,3,1107.46,14.965675675675676,6.561754710416581,74,4,3,3,433,Loyal,2011-09-14 12:05:00,2011-11-18 13:14:00,65,63,United Kingdom,45.0,21.666666666666668
15934,417,2,2190.66,75.53999999999999,53.57451899657416,29,1,2,4,124,Dormant,2010-10-06 12:08:00,2010-10-18 10:13:00,11,29,United Kingdom,214.56,5.5
15935,238,2,416.86,34.73833333333334,86.47375869258975,12,2,2,2,222,Dormant,2011-04-12 09:35:00,2011-04-14 13:27:00,2,12,United Kingdom,308.82,1.0
15936,378,2,282.79,14.883684210526317,3.702410942024903,19,2,2,1,221,Dormant,2010-08-29 11:42:00,2010-11-25 16:39:00,88,16,United Kingdom,25.5,44.0
15937,63,1,145.35000000000002,20.764285714285716,5.95599937637913,7,3,1,1,311,Standard,2011-10-06 15:48:00,2011-10-06 15:48:00,0,7,United Kingdom,33.6,0.0
15938,111,9,734.8100000000001,18.841282051282054,10.699414194364294,39,3,5,3,353,Standard,2010-06-01 09:42:00,2011-08-19 12:56:00,444,27,United Kingdom,60.0,49.333333333333336
15939,89,16,9060.39,56.27571428571428,70.84519461221672,161,3,5,5,355,Standard,2010-11-30 12:07:00,2011-09-11 11:30:00,284,52,United Kingdom,306.0,17.75
15940,310,1,35.8,35.8,0.0,1,2,1,1,211,Dormant,2011-02-01 16:18:00,2011-02-01 16:18:00,0,1,United Kingdom,35.8,0.0
15941,636,1,405.0,67.5,20.91411006952005,6,1,1,2,112,Dormant,2010-03-12 14:45:00,2010-03-12 14:45:00,0,6,United Kingdom,81.0,0.0
15942,133,1,337.44,24.102857142857143,11.99464972302326,14,3,1,2,312,Standard,2011-07-29 09:01:00,2011-07-29 09:01:00,0,14,United Kingdom,45.0,0.0
15943,649,2,271.28999999999996,22.607499999999998,7.85339200021818,12,1,2,1,121,Dormant,2010-01-31 11:04:00,2010-02-28 12:49:00,28,12,United Kingdom,39.15,14.0
15944,276,4,2164.24,56.95368421052631,63.11822563793572,38,2,3,4,234,Standard,2009-12-13 12:57:00,2011-03-08 10:33:00,449,25,United Kingdom,232.0,112.25
15945,364,4,827.27,27.575666666666667,41.46570562095475,30,2,4,3,243,Standard,2009-12-01 13:47:00,2010-12-09 13:14:00,372,24,United Kingdom,167.4,93.0
15946,502,3,2304.18,88.62230769230769,47.28124747150331,26,1,3,4,134,Standard,2010-03-16 10:49:00,2010-07-25 12:18:00,131,25,United Kingdom,180.0,43.666666666666664
15947,82,1,1708.24,58.9048275862069,61.26187130558508,29,3,1,4,314,Standard,2011-09-18 10:46:00,2011-09-18 10:46:00,0,29,United Kingdom,179.0,0.0
15948,7,3,1509.0900000000001,15.885157894736844,3.7165818381828246,95,5,3,4,534,Loyal,2010-10-11 12:16:00,2011-12-01 15:32:00,416,63,United Kingdom,23.4,138.66666666666666
15949,16,2,364.72,19.19578947368421,7.821237693890111,19,5,2,2,522,Standard,2011-09-29 17:34:00,2011-11-23 09:09:00,54,12,United Kingdom,35.400000000000006,27.0
15950,31,10,7180.71,18.179012658227848,18.223788527965922,395,4,5,5,455,Champions,2010-01-26 11:39:00,2011-11-08 11:09:00,650,225,United Kingdom,203.55,65.0
15951,8,3,1013.1700000000001,17.172372881355933,4.789045091982849,59,5,3,3,533,Loyal,2010-11-23 18:20:00,2011-12-01 08:34:00,372,44,United Kingdom,31.6,124.0
15952,33,4,806.57,8.863406593406594,7.43148051942698,91,4,4,3,443,Loyal,2011-04-28 12:55:00,2011-11-06 11:18:00,191,65,United Kingdom,35.400000000000006,47.75
15953,14,18,3669.5499999999997,19.728763440860213,27.009475115785264,186,5,5,5,555,Champions,2009-12-03 14:00:00,2011-11-24 15:32:00,721,102,United Kingdom,244.8,40.05555555555556
15954,588,1,190.75,9.5375,8.837984334974982,20,1,1,1,111,Dormant,2010-04-29 13:35:00,2010-04-29 13:35:00,0,20,United Kingdom,39.0,0.0
15955,23,22,8658.36,23.918121546961327,15.053809589776295,362,4,5,5,455,Champions,2010-02-23 16:36:00,2011-11-15 14:15:00,629,222,United Kingdom,179.0,28.59090909090909
15956,550,2,617.6,34.31111111111111,73.64110815609388,18,1,2,2,122,Dormant,2009-12-13 11:16:00,2010-06-06 13:06:00,175,18,United Kingdom,326.4,87.5
15957,31,3,930.1,6.159602649006622,6.48056652675723,151,4,3,3,433,Loyal,2010-10-15 12:11:00,2011-11-08 12:14:00,389,121,United Kingdom,50.400000000000006,129.66666666666666
15958,73,4,492.99,6.662027027027027,7.109883720554611,74,3,4,2,342,Standard,2010-06-07 10:59:00,2011-09-26 13:41:00,476,50,United Kingdom,43.45,119.0
15959,681,3,579.49,7.4293589743589745,6.995850224452377,78,1,3,2,132,Standard,2010-01-26 16:19:00,2010-01-26 16:38:00,0,58,United Kingdom,30.6,0.0
15960,373,4,410.95,15.805769230769231,7.197365169603067,26,2,4,2,242,Standard,2010-09-30 15:50:00,2010-11-30 15:57:00,61,24,United Kingdom,33.9,15.25
15961,378,1,451.28999999999996,10.745,25.335570410961353,42,2,1,2,212,Dormant,2010-11-25 15:59:00,2010-11-25 15:59:00,0,42,United Kingdom,162.72,0.0
15962,448,1,295.83,5.10051724137931,4.109987161124692,58,1,1,2,112,Dormant,2010-09-16 13:48:00,2010-09-16 13:48:00,0,43,United Kingdom,17.700000000000003,0.0
15963,19,2,470.76,16.812857142857144,6.801868946401508,28,4,2,2,422,Standard,2011-10-25 13:05:00,2011-11-20 11:33:00,25,26,United Kingdom,39.6,12.5
15964,662,1,272.96000000000004,12.99809523809524,9.898625974875312,21,1,1,1,111,Dormant,2010-02-14 15:30:00,2010-02-14 15:30:00,0,20,United Kingdom,35.400000000000006,0.0
15965,16,13,3013.09,8.187744565217391,12.270543473436105,368,5,5,5,555,Champions,2009-12-03 11:45:00,2011-11-22 16:44:00,719,202,United Kingdom,163.2,55.30769230769231
15966,450,1,426.53,15.797407407407407,7.015027601564534,27,1,1,2,112,Dormant,2010-09-15 10:44:00,2010-09-15 10:44:00,0,27,United Kingdom,30.0,0.0
15967,22,12,3041.6,6.107630522088353,6.217590449201044,498,4,5,5,455,Champions,2009-12-01 13:29:00,2011-11-16 15:41:00,715,316,United Kingdom,79.5,59.583333333333336
15968,387,1,418.05,4.918235294117647,5.4441447744278415,85,2,1,2,212,Dormant,2010-11-16 13:04:00,2010-11-16 13:04:00,0,70,United Kingdom,40.8,0.0
15969,2,5,1127.05,32.20142857142857,18.22829138242773,35,5,4,3,543,Loyal,2010-07-05 13:10:00,2011-12-07 11:06:00,519,31,United Kingdom,87.8,103.8
15970,303,2,1017.3199999999999,42.38833333333333,48.81683206388575,24,2,2,3,223,Dormant,2010-04-20 11:30:00,2011-02-09 12:08:00,295,19,United Kingdom,165.0,147.5
15971,17,18,5902.83,140.54357142857143,154.63883233981562,42,5,5,5,555,Champions,2009-12-08 09:46:00,2011-11-22 12:50:00,714,12,United Kingdom,708.0,39.666666666666664
15972,455,5,1810.27,12.484620689655172,19.241625812743177,145,1,4,4,144,Standard,2010-04-18 14:06:00,2010-09-09 13:20:00,143,104,United Kingdom,220.0,28.6
15973,366,3,988.44,65.896,70.90752658014722,15,2,3,3,233,Standard,2010-10-06 15:00:00,2010-12-08 11:42:00,62,8,United Kingdom,197.1,20.666666666666668
15974,38,7,3442.15,19.557670454545455,16.415284575208098,176,4,4,5,445,Champions,2011-02-24 10:10:00,2011-10-31 13:13:00,249,141,United Kingdom,175.2,35.57142857142857
15975,83,1,371.01,15.45875,4.328026272221956,24,3,1,2,312,Standard,2011-09-16 13:33:00,2011-09-16 13:33:00,0,24,United Kingdom,23.4,0.0
15976,164,6,1746.64,4.38854271356784,4.269183038422144,398,3,4,4,344,Standard,2010-06-06 14:01:00,2011-06-27 13:00:00,385,265,United Kingdom,40.8,64.16666666666667
15977,16,2,1054.73,16.226615384615386,12.898355185463943,65,5,2,3,523,Standard,2011-10-31 16:24:00,2011-11-22 13:29:00,21,48,United Kingdom,56.16,10.5
15978,76,3,3279.42,25.42186046511628,16.78970740175742,129,3,3,5,335,Standard,2010-03-05 14:39:00,2011-09-23 15:21:00,567,107,United Kingdom,81.36,189.0
15979,602,1,329.21999999999997,14.964545454545453,5.911936857121988,22,1,1,2,112,Dormant,2010-04-16 11:35:00,2010-04-16 11:35:00,0,22,United Kingdom,30.0,0.0
15980,88,7,6593.68,56.35623931623932,36.79931810946425,117,3,4,5,345,Standard,2010-06-01 14:40:00,2011-09-12 09:41:00,467,101,United Kingdom,199.2,66.71428571428571
15981,24,21,9362.77,32.509618055555556,24.29793183567772,288,4,5,5,455,Champions,2010-03-29 10:07:00,2011-11-15 08:00:00,595,151,United Kingdom,165.0,28.333333333333332
15982,604,1,324.51,7.211333333333333,7.207091709496344,45,1,1,2,112,Dormant,2010-04-13 15:47:00,2010-04-13 15:47:00,0,45,United Kingdom,45.9,0.0
15983,21,8,3958.82,12.527911392405064,15.240176479159727,316,4,4,5,445,Champions,2009-12-06 12:52:00,2011-11-17 17:34:00,711,137,United Kingdom,91.8,88.875
15984,2,30,8759.32,11.725997322623828,19.52612783614435,747,5,5,5,555,Champions,2009-12-01 13:38:00,2011-12-07 12:16:00,735,458,United Kingdom,191.4,24.5
15985,122,7,2715.28,26.10846153846154,18.326853276223257,104,3,4,4,344,Standard,2010-05-27 15:51:00,2011-08-08 16:31:00,438,50,United Kingdom,122.4,62.57142857142857
15986,29,2,354.42,14.1768,5.618608012666484,25,4,2,2,422,Standard,2010-11-23 10:02:00,2011-11-09 15:17:00,351,25,United Kingdom,35.400000000000006,175.5
15987,11,8,1682.13,8.582295918367347,30.05499575068215,196,5,4,4,544,Champions,2010-11-25 12:56:00,2011-11-27 15:38:00,367,143,United Kingdom,353.34000000000003,45.875
15988,18,3,770.09,5.969689922480621,5.824991139744401,129,5,3,3,533,Loyal,2010-02-21 11:36:00,2011-11-20 13:23:00,637,114,United Kingdom,30.6,212.33333333333334
15989,375,2,372.51,4.233068181818182,3.6493644094552895,88,2,2,2,222,Dormant,2009-12-02 15:51:00,2010-11-29 12:03:00,361,81,United Kingdom,19.9,180.5
15990,43,7,2010.05,11.166944444444445,9.274289751132313,180,4,4,4,444,Champions,2010-02-28 12:30:00,2011-10-26 15:58:00,605,117,United Kingdom,51.0,86.42857142857143
15991,533,1,150.55,25.09166666666667,16.840618060708657,6,1,1,1,111,Dormant,2010-06-23 15:50:00,2010-06-23 15:50:00,0,6,United Kingdom,51.0,0.0
15992,3,3,896.6,16.603703703703705,4.559614886210463,54,5,3,3,533,Loyal,2010-09-12 11:52:00,2011-12-06 11:00:00,449,53,United Kingdom,31.2,149.66666666666666
15993,8,7,2797.57,5.068061594202899,4.944744708122369,552,5,4,4,544,Champions,2011-10-26 16:21:00,2011-12-01 10:45:00,35,335,United Kingdom,30.0,5.0
15994,54,3,1202.18,10.545438596491229,9.61768725905612,114,4,3,3,433,Loyal,2010-03-14 11:55:00,2011-10-16 12:28:00,581,93,United Kingdom,49.92,193.66666666666666
15995,413,1,696.19,6.271981981981982,7.838615116532188,111,1,1,3,113,Dormant,2010-10-21 13:57:00,2010-10-21 13:57:00,0,108,United Kingdom,66.0,0.0
15996,87,7,1686.9,7.957075471698114,5.760570990488454,212,3,4,4,344,Standard,2010-11-07 15:49:00,2011-09-12 15:14:00,308,140,United Kingdom,35.95,44.0
15998,36,16,8308.34,5.785752089136491,4.582381749720317,1436,4,5,5,455,Champions,2009-12-01 11:45:00,2011-11-03 12:45:00,702,682,United Kingdom,47.7,43.875
15999,735,1,20.4,20.4,0.0,1,1,1,1,111,Dormant,2009-12-04 12:31:00,2009-12-04 12:31:00,0,1,United Kingdom,20.4,0.0
16000,2,3,12393.7,1377.0777777777778,501.02960435930777,9,5,3,5,535,Loyal,2011-12-07 12:14:00,2011-12-07 12:17:00,0,9,United Kingdom,2046.0,0.0
16001,380,1,583.39,20.11689655172414,11.273685892203098,29,2,1,2,212,Dormant,2010-11-23 17:10:00,2010-11-23 17:10:00,0,29,United Kingdom,70.80000000000001,0.0
16002,624,1,169.21,4.028809523809524,3.55329541472382,42,1,1,1,111,Dormant,2010-03-24 13:08:00,2010-03-24 13:08:00,0,42,United Kingdom,13.52,0.0
16003,29,10,5613.83,27.65433497536946,36.65709929385727,203,4,5,5,455,Champions,2009-12-03 18:51:00,2011-11-10 09:57:00,706,146,United Kingdom,250.0,70.6
16004,474,5,2146.39,23.848777777777777,12.18391690195144,90,1,4,4,144,Standard,2010-01-25 13:56:00,2010-08-22 11:48:00,208,63,United Kingdom,65.69999999999999,41.6
16005,11,10,2436.22,4.7397276264591435,5.511742835751814,514,5,5,4,554,Champions,2010-09-15 13:21:00,2011-11-27 13:47:00,438,315,United Kingdom,45.0,43.8
16006,210,2,347.17,4.233780487804879,4.581654410407304,82,2,2,2,222,Dormant,2010-11-17 12:03:00,2011-05-12 13:12:00,176,75,United Kingdom,33.2,88.0
16007,47,7,3075.14,4.617327327327327,4.418765935750768,666,4,4,5,445,Champions,2010-06-14 13:18:00,2011-10-23 11:05:00,495,337,United Kingdom,30.0,70.71428571428571
16008,23,15,5384.13,21.19736220472441,14.50588360019614,254,4,5,5,455,Champions,2010-03-19 11:07:00,2011-11-16 10:32:00,606,63,United Kingdom,101.76,40.4
16009,21,4,992.71,11.030111111111111,10.889656827935958,90,4,4,3,443,Loyal,2011-07-03 11:26:00,2011-11-17 16:51:00,137,68,United Kingdom,59.0,34.25
16010,245,11,1724.06,5.766086956521739,5.9070669545753445,299,2,5,4,254,Standard,2010-10-24 10:54:00,2011-04-08 10:14:00,165,122,United Kingdom,38.35,15.0
16011,7,29,5880.46,12.924087912087913,10.401074473943483,455,5,5,5,555,Champions,2009-12-01 12:02:00,2011-12-01 16:31:00,730,181,United Kingdom,79.2,25.17241379310345
16012,34,5,2989.79,12.405767634854772,13.77124956249244,241,4,4,5,445,Champions,2010-06-28 11:39:00,2011-11-04 13:25:00,494,207,United Kingdom,127.5,98.8
16013,3,84,57446.44,261.12018181818183,296.0160017857292,220,5,5,5,555,Champions,2009-12-08 10:24:00,2011-12-06 10:36:00,728,54,United Kingdom,1815.0,8.666666666666666
16014,37,5,1130.27,3.884089347079038,3.4886312075561094,291,4,4,3,443,Loyal,2010-01-31 12:43:00,2011-11-02 12:04:00,639,219,United Kingdom,22.5,127.8
16015,3,3,705.39,3.875769230769231,6.74462046420107,182,5,3,3,533,Loyal,2011-10-21 12:56:00,2011-12-06 10:58:00,45,146,United Kingdom,85.32000000000001,15.0
16016,2,11,2533.94,6.633350785340315,5.861510181144513,382,5,5,4,554,Champions,2010-11-02 13:27:00,2011-12-06 14:35:00,399,181,United Kingdom,40.8,36.27272727272727
16017,46,5,1553.83,11.861297709923663,8.989576476457144,131,4,4,4,444,Champions,2010-01-05 12:06:00,2011-10-23 12:56:00,656,99,United Kingdom,59.85,131.2
16018,38,4,698.13,12.466607142857143,14.955917196491551,56,4,4,3,443,Loyal,2009-12-07 13:57:00,2011-10-31 14:13:00,693,48,United Kingdom,90.0,173.25
16019,46,27,17465.85,43.12555555555555,47.13708873231793,405,4,5,5,455,Champions,2009-12-14 14:12:00,2011-10-24 11:51:00,678,256,United Kingdom,325.44,25.11111111111111
16020,16,3,851.01,18.500217391304346,13.39073618242277,46,5,3,3,533,Loyal,2011-10-05 13:54:00,2011-11-23 11:18:00,48,42,United Kingdom,102.0,16.0
16021,394,2,532.25,3.670689655172414,3.826273145991992,145,2,2,2,222,Dormant,2010-06-13 11:05:00,2010-11-09 14:48:00,149,117,United Kingdom,23.4,74.5
16022,259,1,628.28,8.266842105263157,7.063697466252137,76,2,1,3,213,Dormant,2011-03-24 13:16:00,2011-03-24 13:16:00,0,68,United Kingdom,42.5,0.0
16023,45,3,719.81,7.126831683168317,5.225055584525979,101,4,3,3,433,Loyal,2011-03-18 13:32:00,2011-10-24 16:34:00,220,90,United Kingdom,20.85,73.33333333333333
16024,11,3,484.2,5.630232558139535,18.45654852551506,86,5,3,2,532,Loyal,2010-10-24 11:40:00,2011-11-27 13:26:00,399,78,United Kingdom,172.5,133.0
16025,29,1,439.65999999999997,15.702142857142857,3.8117181477773565,28,4,1,2,412,Standard,2011-11-10 11:45:00,2011-11-10 11:45:00,0,28,United Kingdom,23.4,0.0
16026,42,1,236.09,7.3778125,3.1489360562403177,32,4,1,1,411,Standard,2011-10-27 13:53:00,2011-10-27 13:53:00,0,30,United Kingdom,15.6,0.0
16027,91,15,2048.36,58.524571428571434,37.51840962568024,35,3,5,4,354,Standard,2010-01-08 13:21:00,2011-09-09 10:47:00,608,20,United Kingdom,165.0,40.53333333333333
16028,595,1,82.2,16.44,2.7042559050504082,5,1,1,1,111,Dormant,2010-04-23 11:45:00,2010-04-23 11:45:00,0,5,United Kingdom,19.8,0.0
16029,38,107,122209.14,319.08391644908613,526.7310543737567,383,4,5,5,455,Champions,2009-12-08 11:23:00,2011-11-01 10:27:00,692,57,United Kingdom,8142.75,6.4672897196261685
16030,309,1,331.24,11.422068965517242,5.989089711008048,29,2,1,2,212,Dormant,2011-02-03 11:28:00,2011-02-03 11:28:00,0,28,United Kingdom,27.9,0.0
16031,91,2,548.94,5.489400000000001,5.77302956370694,100,3,2,2,322,Standard,2011-04-06 14:23:00,2011-09-08 13:07:00,154,91,United Kingdom,39.95,77.0
16032,455,6,1970.45,9.294575471698113,6.726281009371067,212,1,4,4,144,Standard,2010-07-04 13:31:00,2010-09-09 18:00:00,67,130,United Kingdom,39.0,11.166666666666666
16033,5,27,10836.13,7.729051355206847,8.216274541202004,1402,5,5,5,555,Champions,2010-08-11 16:44:00,2011-12-04 12:44:00,479,605,United Kingdom,122.4,17.74074074074074
16034,195,6,928.72,16.293333333333333,18.34840858546178,57,2,4,3,243,Standard,2010-10-26 13:00:00,2011-05-27 16:17:00,213,43,United Kingdom,111.0,35.5
16035,559,1,217.73,10.368095238095238,6.304333128133077,21,1,1,1,111,Dormant,2010-05-28 15:09:00,2010-05-28 15:09:00,0,21,United Kingdom,25.5,0.0
16036,86,4,2556.84,18.263142857142856,14.909360686982954,140,3,4,4,344,Standard,2010-03-29 14:47:00,2011-09-13 14:53:00,533,120,United Kingdom,76.5,133.25
16037,269,5,1509.3400000000001,21.25830985915493,22.173553036116534,71,2,4,4,244,Standard,2010-03-01 12:31:00,2011-03-15 09:13:00,378,62,United Kingdom,139.8,75.6
16038,7,3,471.78,18.145384615384614,7.745664196578229,26,5,3,2,532,Loyal,2011-05-22 11:29:00,2011-12-02 12:40:00,194,24,United Kingdom,35.7,64.66666666666667
16039,423,2,456.4,14.2625,7.273679904617658,32,1,2,2,122,Dormant,2010-03-21 15:17:00,2010-10-12 10:44:00,204,27,United Kingdom,35.400000000000006,102.0
16040,64,7,2416.9,19.3352,8.01936181195036,125,3,4,4,344,Standard,2010-04-09 10:12:00,2011-10-05 13:47:00,544,95,United Kingdom,48.900000000000006,77.71428571428571
16041,30,3,3166.4,527.7333333333333,296.74456804913325,6,4,3,5,435,Loyal,2011-07-21 16:27:00,2011-11-09 12:25:00,110,6,United Kingdom,1044.0,36.666666666666664
16042,21,8,2265.12,17.424,6.055444164634642,130,4,4,4,444,Champions,2010-09-12 12:00:00,2011-11-17 17:50:00,431,88,United Kingdom,47.7,53.875
16043,37,8,1856.5900000000001,25.4327397260274,14.751218806544053,73,4,4,4,444,Champions,2010-08-15 11:26:00,2011-11-02 12:50:00,444,56,United Kingdom,70.80000000000001,55.5
16044,434,1,340.84000000000003,17.938947368421054,4.433244228098077,19,1,1,2,112,Dormant,2010-09-30 18:12:00,2010-09-30 18:12:00,0,19,United Kingdom,30.0,0.0
16045,119,8,3434.93,23.208986486486484,26.830405022281706,148,3,4,5,345,Standard,2010-07-29 12:50:00,2011-08-12 12:41:00,378,111,United Kingdom,250.2,47.25
16046,561,1,235.78,10.717272727272727,5.513412375046513,22,1,1,1,111,Dormant,2010-05-26 13:18:00,2010-05-26 13:18:00,0,22,United Kingdom,21.0,0.0
16047,681,1,107.14,107.14,0.0,1,1,1,1,111,Dormant,2010-01-26 16:34:00,2010-01-26 16:34:00,0,1,EIRE,107.14,0.0
16048,372,4,1075.23,24.437045454545455,13.676164391487918,44,2,4,3,243,Standard,2010-06-08 12:36:00,2010-12-01 15:28:00,176,30,United Kingdom,50.400000000000006,44.0
16049,39,6,1899.68,3.7917764471057884,4.282883355629024,501,4,4,4,444,Champions,2010-07-11 13:53:00,2011-10-30 13:19:00,475,383,United Kingdom,38.25,79.16666666666667
16050,173,3,300.7,14.319047619047618,4.711171727672325,21,3,3,2,332,HighEngagement_LowValue,2010-11-03 15:55:00,2011-06-19 11:44:00,227,19,United Kingdom,24.9,75.66666666666667
16051,681,1,188.44,15.703333333333333,3.030353514730983,12,1,1,1,111,Dormant,2010-01-27 09:38:00,2010-01-27 09:38:00,0,12,United Kingdom,23.4,0.0
16052,53,1,362.06,10.648823529411764,9.841863510629166,34,4,1,2,412,Standard,2011-10-16 15:13:00,2011-10-16 15:13:00,0,34,United Kingdom,40.56,0.0
16053,32,6,3634.84,18.736288659793814,15.931762280646197,194,4,4,5,445,Champions,2010-04-08 11:11:00,2011-11-07 11:21:00,578,169,United Kingdom,183.6,96.33333333333333
16054,144,4,2111.88,17.31049180327869,27.360002865148317,122,3,4,4,344,Standard,2010-04-01 18:37:00,2011-07-17 13:08:00,471,109,United Kingdom,295.0,117.75
16055,220,1,134.8,16.85,4.517584689695527,8,2,1,1,211,Dormant,2011-05-03 09:26:00,2011-05-03 09:26:00,0,8,United Kingdom,24.95,0.0
16056,44,1,664.85,9.777205882352941,7.449651067775367,68,4,1,3,413,Standard,2011-10-25 15:19:00,2011-10-25 15:19:00,0,66,United Kingdom,40.8,0.0
16057,15,10,3854.85,17.682798165137616,4.750766997555843,218,5,5,5,555,Champions,2010-01-07 17:11:00,2011-11-23 15:23:00,684,175,United Kingdom,39.6,68.4
16058,405,1,62.7,31.35,19.304015126392745,2,2,1,1,211,Dormant,2010-10-29 16:48:00,2010-10-29 16:48:00,0,2,United Kingdom,45.0,0.0
16059,65,12,3217.77,7.6250473933649285,5.719049708666213,422,3,5,5,355,Standard,2010-05-19 13:04:00,2011-10-05 09:56:00,503,233,United Kingdom,35.400000000000006,41.916666666666664
16060,400,3,541.95,22.58125,13.411965881419018,24,2,3,2,232,Standard,2010-08-02 15:26:00,2010-11-04 12:10:00,93,22,United Kingdom,76.5,31.0
16061,430,1,89.65,29.883333333333336,25.995496404826227,3,1,1,1,111,Dormant,2010-10-04 15:29:00,2010-10-04 15:29:00,0,3,United Kingdom,59.9,0.0
16062,9,8,2863.45,15.478108108108108,15.312505729872543,185,5,5,4,554,Champions,2010-06-21 13:32:00,2011-11-30 12:15:00,526,134,United Kingdom,102.0,65.75
16063,259,1,335.32,14.57913043478261,2.9114709076083516,23,2,1,2,212,Dormant,2011-03-24 14:55:00,2011-03-24 14:56:00,0,23,United Kingdom,20.4,0.0
16064,724,1,111.0,6.166666666666667,4.840865260528146,18,1,1,1,111,Dormant,2009-12-14 16:11:00,2009-12-14 16:11:00,0,17,United Kingdom,15.9,0.0
16065,364,8,2382.62,5.502586605080831,6.51919091900454,433,2,5,4,254,At_Risk_HighValue,2010-09-02 13:27:00,2010-12-09 13:03:00,97,214,United Kingdom,53.1,12.125
16066,16,5,1521.87,14.920294117647058,17.17010292823265,102,5,4,4,544,Champions,2011-08-07 14:33:00,2011-11-23 11:54:00,107,77,United Kingdom,103.68,21.4
16067,562,3,3395.29,46.510821917808215,35.462056042473236,73,1,3,5,135,At_Risk_HighValue,2010-02-02 18:01:00,2010-05-26 12:33:00,112,60,United Kingdom,165.0,37.333333333333336
16068,593,1,122.93,3.152051282051282,2.922378428867739,39,1,1,1,111,Dormant,2010-04-25 11:52:00,2010-04-25 11:52:00,0,34,United Kingdom,14.98,0.0
16069,417,1,457.7,18.308,9.761517556199959,25,1,1,2,112,Dormant,2010-10-18 10:32:00,2010-10-18 10:32:00,0,25,United Kingdom,53.55,0.0
16070,21,2,852.15,25.82272727272727,28.136117166456092,33,4,2,3,423,Standard,2011-11-07 16:36:00,2011-11-17 15:50:00,9,32,United Kingdom,102.0,4.5
16071,44,4,1076.8,14.750684931506848,4.812793231691944,73,4,4,3,443,Loyal,2010-02-22 14:48:00,2011-10-26 11:14:00,610,62,United Kingdom,31.2,152.5
16072,287,4,4328.89,7.785773381294964,8.666375882243697,556,2,4,5,245,At_Risk_HighValue,2010-06-08 16:47:00,2011-02-24 14:32:00,260,414,United Kingdom,102.0,65.0
16073,296,1,122.4,122.4,0.0,1,2,1,1,211,Dormant,2011-02-15 15:41:00,2011-02-15 15:41:00,0,1,United Kingdom,122.4,0.0
16074,389,1,265.25,10.201923076923077,4.289206937633828,26,2,1,1,211,Dormant,2010-11-14 13:19:00,2010-11-14 13:19:00,0,23,United Kingdom,17.0,0.0
16075,502,2,736.9300000000001,17.973902439024393,5.284420440336282,41,1,2,3,123,Dormant,2010-05-24 15:57:00,2010-07-25 11:31:00,61,41,United Kingdom,39.6,30.5
16076,2,10,2234.73,17.323488372093024,12.323667565600829,129,5,5,4,554,Champions,2011-05-15 12:31:00,2011-12-06 14:59:00,205,71,United Kingdom,59.400000000000006,20.5
16077,625,1,2300.4,287.55,519.8257922474743,8,1,1,4,114,Dormant,2010-03-24 10:42:00,2010-03-24 10:42:00,0,8,United Kingdom,1569.6,0.0
16078,283,2,362.99,9.307435897435898,12.505317756847688,39,2,2,2,222,Dormant,2010-02-08 13:29:00,2011-03-01 09:47:00,385,39,United Kingdom,79.2,192.5
16079,16,3,1352.0,64.38095238095238,85.91805432531406,21,5,3,4,534,Loyal,2011-10-30 13:06:00,2011-11-23 12:48:00,23,18,United Kingdom,408.0,7.666666666666667
16080,81,4,602.5600000000001,20.085333333333335,9.038004331645931,30,3,4,2,342,Standard,2010-09-15 14:19:00,2011-09-19 10:42:00,368,29,United Kingdom,44.55,92.0
16081,55,8,4460.18,11.178395989974938,10.531216145397902,399,4,5,5,455,Champions,2010-02-03 12:46:00,2011-10-14 13:06:00,618,235,United Kingdom,81.6,77.25
16082,669,1,106.75,6.671875,4.801075183400763,16,1,1,1,111,Dormant,2010-02-07 15:16:00,2010-02-07 15:16:00,0,16,United Kingdom,17.0,0.0
16083,100,4,2351.42,33.11859154929578,36.063540999415174,71,3,4,4,344,Standard,2010-11-16 11:53:00,2011-08-31 10:47:00,287,61,United Kingdom,204.0,71.75
16084,298,1,436.18,11.47842105263158,9.479589318939984,38,2,1,2,212,Dormant,2011-02-13 16:05:00,2011-02-13 16:05:00,0,38,United Kingdom,45.9,0.0
16085,22,12,2343.53,6.23279255319149,5.0939512280924335,376,4,5,4,454,Champions,2010-01-20 14:03:00,2011-11-16 13:24:00,664,259,United Kingdom,51.0,55.333333333333336
16086,58,10,2864.9900000000002,20.91233576642336,13.39598756118313,137,4,5,4,454,Champions,2009-12-02 13:20:00,2011-10-11 13:09:00,677,66,United Kingdom,99.6,67.7
16087,388,5,1739.92,173.99200000000002,133.32179256720684,10,2,4,4,244,Standard,2010-01-19 12:30:00,2010-11-15 16:44:00,300,6,United Kingdom,325.44,60.0
16088,575,2,1437.43,239.5716666666667,235.24313893643458,6,1,2,4,124,Dormant,2010-04-27 10:56:00,2010-05-13 10:16:00,15,3,United Kingdom,636.8,7.5
16089,385,2,271.44,5.4288,4.0136911811896026,50,2,2,1,221,Dormant,2010-07-18 15:51:00,2010-11-18 13:51:00,122,42,United Kingdom,17.0,61.0
16090,623,1,205.91,10.2955,8.93780231730138,20,1,1,1,111,Dormant,2010-03-25 13:05:00,2010-03-25 13:05:00,0,18,United Kingdom,34.5,0.0
16091,154,2,315.06,17.503333333333334,4.082721122573263,18,3,2,2,322,Standard,2011-05-25 09:18:00,2011-07-08 08:45:00,43,16,United Kingdom,24.96,21.5
16092,114,6,1587.94,17.64377777777778,8.073927184139174,90,3,4,4,344,Standard,2010-05-09 16:10:00,2011-08-17 10:46:00,464,60,United Kingdom,46.8,77.33333333333333
16093,106,1,17.0,17.0,0.0,1,3,1,1,311,Standard,2011-08-25 11:09:00,2011-08-25 11:09:00,0,1,United Kingdom,17.0,0.0
16094,11,11,3695.56,18.854897959183674,10.405573136412361,196,5,5,5,555,Champions,2010-04-16 14:00:00,2011-11-28 12:45:00,590,101,United Kingdom,81.6,53.63636363636363
16095,455,1,447.05,14.901666666666667,3.8203286402533787,30,1,1,2,112,Dormant,2010-09-09 16:54:00,2010-09-09 16:54:00,0,30,United Kingdom,23.6,0.0
16096,263,4,1584.97,24.01469696969697,36.05980345608354,66,2,4,4,244,Standard,2010-03-04 15:44:00,2011-03-20 13:38:00,380,58,United Kingdom,279.8,95.0
16097,239,1,185.04999999999998,18.505,4.7532708037027875,10,2,1,1,211,Dormant,2011-04-13 13:47:00,2011-04-13 13:47:00,0,10,United Kingdom,30.0,0.0
16098,87,14,4448.1,27.288957055214727,42.24215213275463,163,3,5,5,355,Standard,2009-12-15 09:40:00,2011-09-13 09:59:00,637,83,United Kingdom,429.12,45.5
16099,49,7,1573.2,22.8,13.519221066144828,69,4,4,4,444,Champions,2010-03-03 11:13:00,2011-10-20 13:13:00,596,44,United Kingdom,58.5,85.14285714285714
16100,462,1,582.64,15.747027027027027,4.2013998096301615,37,1,1,2,112,Dormant,2010-09-03 11:39:00,2010-09-03 11:39:00,0,37,United Kingdom,27.04,0.0
16101,70,4,3229.16,16.818541666666665,4.963749739329594,192,3,4,5,345,Standard,2010-05-27 12:50:00,2011-09-30 10:18:00,490,153,United Kingdom,39.6,122.5
16102,41,3,1842.14,32.31824561403509,25.309771201963468,57,4,3,4,434,Loyal,2011-08-03 12:50:00,2011-10-28 13:19:00,86,41,United Kingdom,129.0,28.666666666666668
16103,6,22,6191.71,30.95855,25.078821540230585,200,5,5,5,555,Champions,2010-01-08 12:08:00,2011-12-02 14:16:00,693,111,United Kingdom,166.8,31.5
16104,61,9,2778.61,11.925364806866954,12.686097874620296,233,3,5,4,354,Standard,2009-12-06 10:41:00,2011-10-09 10:23:00,671,187,United Kingdom,89.25,74.55555555555556
16105,248,5,2386.19,21.692636363636364,22.138265335576552,110,2,4,4,244,At_Risk_HighValue,2010-04-14 13:27:00,2011-04-05 10:13:00,355,92,United Kingdom,203.4,71.0
16106,65,1,108.38,18.063333333333333,3.6404486902944635,6,3,1,1,311,Standard,2011-10-05 10:37:00,2011-10-05 10:37:00,0,6,United Kingdom,23.4,0.0
16107,17,7,3204.1600000000003,103.36000000000001,75.62255712858874,31,5,4,5,545,Champions,2011-06-09 18:42:00,2011-11-22 09:40:00,165,16,United Kingdom,237.6,23.571428571428573
16108,84,4,2235.92,16.56237037037037,4.968414445334455,135,3,4,4,344,Standard,2010-03-18 14:14:00,2011-09-16 11:48:00,546,124,United Kingdom,34.68,136.5
16109,218,3,939.48,30.305806451612902,31.080538044913094,31,2,3,3,233,Standard,2010-01-10 10:37:00,2011-05-05 09:17:00,479,30,United Kingdom,131.39999999999998,159.66666666666666
16110,44,4,1819.27,4.051826280623608,3.622290213303882,449,4,4,4,444,Champions,2010-07-05 13:04:00,2011-10-25 14:35:00,477,343,United Kingdom,30.0,119.25
16111,427,1,562.48,7.499733333333333,7.932528817561362,75,1,1,2,112,Dormant,2010-10-07 19:51:00,2010-10-07 19:51:00,0,72,United Kingdom,51.0,0.0
16112,142,4,195.74,12.23375,11.676813991838701,16,3,4,1,341,HighEngagement_LowValue,2011-01-05 11:47:00,2011-07-19 14:28:00,195,15,United Kingdom,51.84,48.75
16113,182,1,161.38,5.379333333333333,5.5091246775366844,30,3,1,1,311,Standard,2011-06-09 16:16:00,2011-06-09 16:16:00,0,30,United Kingdom,20.16,0.0
16114,170,1,135.75000000000003,16.968750000000004,2.212454600018464,8,3,1,1,311,Standard,2011-06-22 10:13:00,2011-06-22 10:13:00,0,8,United Kingdom,19.8,0.0
16115,9,12,2575.14,6.016682242990654,4.384734132915977,428,5,5,4,554,Champions,2010-05-14 11:59:00,2011-11-30 11:32:00,564,230,United Kingdom,29.700000000000003,47.0
16116,211,1,612.78,18.02294117647059,8.532941703635803,34,2,1,2,212,Dormant,2011-05-12 12:01:00,2011-05-12 12:01:00,0,34,United Kingdom,39.8,0.0
16117,189,3,654.4,7.352808988764044,6.021913579277098,89,2,3,3,233,Standard,2010-04-27 11:50:00,2011-06-03 11:42:00,401,64,United Kingdom,22.5,133.66666666666666
16118,652,1,4376.25,106.73780487804878,64.99289659309682,41,1,1,5,115,At_Risk_HighValue,2010-02-25 09:40:00,2010-02-25 09:40:00,0,41,United Kingdom,279.0,0.0
16119,7,8,1720.81,31.86685185185185,53.13238350285651,54,5,5,4,554,Champions,2009-12-16 11:56:00,2011-12-01 15:11:00,715,37,United Kingdom,392.4,89.375
16120,58,6,3056.91,32.178,34.642780329185044,95,4,4,5,445,Champions,2010-10-13 15:07:00,2011-10-11 14:22:00,362,84,United Kingdom,151.20000000000002,60.333333333333336
16121,56,5,1477.09,4.114456824512534,3.983138928494629,359,4,4,4,444,Champions,2010-05-23 10:52:00,2011-10-13 12:59:00,508,256,United Kingdom,29.880000000000003,101.6
16122,72,6,1001.34,15.6459375,15.148373763495917,64,3,4,3,343,Standard,2010-10-10 15:26:00,2011-09-27 15:34:00,352,28,United Kingdom,124.8,58.666666666666664
16123,51,1,307.78000000000003,19.236250000000002,8.774122463243833,16,4,1,2,412,Standard,2011-10-19 09:18:00,2011-10-19 09:18:00,0,16,United Kingdom,39.6,0.0
16124,316,4,1772.49,21.615731707317074,9.817039486159228,82,2,4,4,244,Standard,2009-12-07 10:33:00,2011-01-26 14:45:00,415,63,United Kingdom,53.1,103.75
16125,366,14,4587.65,15.241362126245846,11.786959311251314,301,2,5,5,255,At_Risk_HighValue,2009-12-14 15:38:00,2010-12-07 15:48:00,358,168,United Kingdom,81.6,25.571428571428573
16126,28,15,14646.800000000001,38.24229765013055,32.557390358539074,383,4,5,5,455,Champions,2009-12-02 13:34:00,2011-11-10 16:03:00,708,144,United Kingdom,249.9,47.2
16127,38,2,801.3100000000001,10.684133333333333,7.9747142782559814,75,4,2,3,423,Standard,2009-12-13 12:19:00,2011-10-31 13:58:00,687,75,United Kingdom,46.8,343.5
16128,17,11,3801.05,20.88489010989011,15.2605939197476,182,5,5,5,555,Champions,2010-07-16 16:30:00,2011-11-22 11:14:00,493,155,United Kingdom,120.0,44.81818181818182
16129,406,3,1396.05,14.542187499999999,16.18459639372053,96,2,3,4,234,Standard,2010-07-20 12:32:00,2010-10-28 14:29:00,100,91,United Kingdom,165.0,33.333333333333336
16130,421,4,987.48,17.95418181818182,12.799845151104599,55,1,4,3,143,Standard,2010-04-01 13:58:00,2010-10-13 15:14:00,195,53,United Kingdom,102.0,48.75
16131,51,12,9957.42,45.46767123287671,35.267708617905306,219,4,5,5,455,Champions,2009-12-02 10:09:00,2011-10-19 11:53:00,686,131,United Kingdom,156.0,57.166666666666664
16132,543,2,664.1999999999999,39.07058823529411,30.846854878291122,17,1,2,3,123,Dormant,2010-03-22 10:25:00,2010-06-13 13:49:00,83,14,United Kingdom,81.6,41.5
16133,3,56,22992.26,42.26518382352941,48.78524943083473,544,5,5,5,555,Champions,2010-03-31 12:21:00,2011-12-06 11:24:00,614,303,United Kingdom,348.0,10.964285714285714
16134,21,5,2145.34,18.49431034482759,10.80803205544581,116,4,4,4,444,Champions,2010-06-17 09:48:00,2011-11-18 10:05:00,519,85,United Kingdom,92.16,103.8
16135,262,2,819.45,21.011538461538464,25.62737142181973,39,2,2,3,223,Dormant,2010-05-05 09:35:00,2011-03-22 12:30:00,321,35,United Kingdom,175.2,160.5
16136,59,4,946.8000000000001,20.582608695652176,13.250241496295265,46,3,4,3,343,Standard,2010-02-14 12:49:00,2011-10-11 09:10:00,603,44,United Kingdom,75.0,150.75
16137,679,1,422.7,15.096428571428572,6.219591634972517,28,1,1,2,112,Dormant,2010-01-28 15:04:00,2010-01-28 15:04:00,0,28,United Kingdom,40.5,0.0
16138,378,3,910.35,24.604054054054053,23.22016705599054,37,2,3,3,233,Standard,2010-04-28 09:51:00,2010-11-26 12:13:00,212,35,United Kingdom,114.48,70.66666666666667
16139,18,5,1111.15,19.493859649122808,8.491083086388326,57,5,4,3,543,Loyal,2009-12-03 13:51:00,2011-11-21 08:37:00,717,47,United Kingdom,49.5,143.4
16140,65,3,1557.6000000000001,21.938028169014085,17.1566840468929,71,3,3,4,334,Standard,2010-09-24 12:03:00,2011-10-05 12:15:00,376,50,United Kingdom,103.68,125.33333333333333
16141,87,2,955.94,19.1188,7.3717022762032105,50,3,2,3,323,Standard,2010-10-18 14:12:00,2011-09-12 13:11:00,328,47,United Kingdom,41.6,164.0
16142,249,1,535.34,14.46864864864865,7.183616453106706,37,2,1,2,212,Dormant,2011-04-04 10:16:00,2011-04-04 10:16:00,0,37,United Kingdom,40.8,0.0
16143,2,12,4910.83,20.547405857740586,20.700776280620534,239,5,5,5,555,Champions,2009-12-10 09:44:00,2011-12-06 14:13:00,726,107,United Kingdom,250.0,60.5
16144,246,1,175.2,175.2,0.0,1,2,1,1,211,Dormant,2011-04-07 10:09:00,2011-04-07 10:09:00,0,1,United Kingdom,175.2,0.0
16145,8,19,6805.4400000000005,17.185454545454547,8.99714607608348,396,5,5,5,555,Champions,2010-05-04 13:31:00,2011-12-01 10:33:00,575,217,United Kingdom,70.80000000000001,30.263157894736842
16146,156,4,946.38,23.082439024390244,18.43098068205919,41,3,4,3,343,Standard,2010-09-17 10:46:00,2011-07-05 14:20:00,291,34,United Kingdom,102.0,72.75
16147,133,5,2398.91,17.639044117647057,8.996005111626474,136,3,4,4,344,Standard,2010-02-05 12:26:00,2011-07-29 09:57:00,538,113,United Kingdom,59.7,107.6
16148,295,2,386.62,42.95777777777778,26.87549152005307,9,2,2,2,222,Dormant,2010-09-29 10:12:00,2011-02-16 14:01:00,140,9,United Kingdom,95.2,70.0
16149,4,3,422.21999999999997,14.074,5.297049666787522,30,5,3,2,532,Loyal,2010-10-06 15:54:00,2011-12-05 11:29:00,424,30,United Kingdom,25.200000000000003,141.33333333333334
16150,42,10,4395.59,18.46886554621849,12.529294684453026,238,4,5,5,455,Champions,2009-12-17 15:33:00,2011-10-28 12:39:00,679,143,United Kingdom,163.2,67.9
16152,268,1,1829.04,63.070344827586204,31.857442557515796,29,2,1,4,214,Dormant,2011-03-16 09:47:00,2011-03-16 09:47:00,0,29,United Kingdom,131.39999999999998,0.0
16153,49,11,5133.49,22.714557522123894,18.104083051529468,226,4,5,5,455,Champions,2010-05-26 12:41:00,2011-10-21 10:50:00,512,161,United Kingdom,139.2,46.54545454545455
16155,381,5,796.9,16.602083333333333,6.021892315272467,48,2,4,3,243,Standard,2010-06-18 11:23:00,2010-11-23 12:03:00,158,45,United Kingdom,32.849999999999994,31.6
16156,8,20,6218.18,23.643269961977186,18.90644843221413,263,5,5,5,555,Champions,2009-12-02 17:06:00,2011-12-01 12:42:00,728,199,United Kingdom,153.0,36.4
16157,15,3,656.69,36.482777777777784,25.85647439812036,18,5,3,3,533,Loyal,2011-09-28 11:48:00,2011-11-24 11:41:00,56,12,United Kingdom,118.8,18.666666666666668
16158,521,9,628.32,17.952,10.565542997098134,35,1,5,3,153,Standard,2009-12-05 15:00:00,2010-07-05 13:55:00,211,29,United Kingdom,59.5,23.444444444444443
16159,281,4,1232.79,23.7075,9.682653556849008,52,2,4,3,243,Standard,2009-12-03 11:51:00,2011-03-03 12:27:00,455,31,United Kingdom,67.05,113.75
16160,64,2,1025.44,51.272000000000006,46.637716112718536,20,3,2,3,323,Standard,2011-09-15 10:53:00,2011-10-05 14:19:00,20,20,United Kingdom,232.0,10.0
16161,1,43,12831.8,11.081001727115716,8.338148091897688,1158,5,5,5,555,Champions,2010-02-08 11:06:00,2011-12-08 12:10:00,668,458,United Kingdom,61.2,15.534883720930232
16162,251,1,37.4,18.7,9.616652224137045,2,2,1,1,211,Dormant,2011-04-01 15:03:00,2011-04-01 15:03:00,0,2,United Kingdom,25.5,0.0
16163,231,6,2849.58,39.03534246575342,66.32097024827634,73,2,4,4,244,At_Risk_HighValue,2009-12-02 10:00:00,2011-04-21 15:15:00,505,59,United Kingdom,415.00000000000006,84.16666666666667
16164,16,3,822.48,24.19058823529412,18.43226435738332,34,5,3,3,533,Loyal,2011-10-28 09:12:00,2011-11-22 15:04:00,25,27,United Kingdom,104.04,8.333333333333334
16165,504,1,79.9,79.9,0.0,1,1,1,1,111,Dormant,2010-07-22 14:17:00,2010-07-22 14:17:00,0,1,United Kingdom,79.9,0.0
16166,427,2,435.83,19.810454545454544,9.394933526855096,22,1,2,2,122,Dormant,2010-01-17 14:16:00,2010-10-07 15:44:00,263,18,United Kingdom,35.400000000000006,131.5
16167,413,5,1386.12,22.00190476190476,17.088027864951655,63,1,4,4,144,Standard,2009-12-01 10:46:00,2010-10-21 15:33:00,324,51,United Kingdom,120.96,64.8
16168,10,66,10636.47,34.422233009708734,36.78744808872444,309,5,5,5,555,Champions,2009-12-03 12:38:00,2011-11-29 12:45:00,726,131,United Kingdom,257.76,11.0
16169,7,4,1822.97,21.44670588235294,13.25105003819871,85,5,4,4,544,Champions,2011-09-25 11:33:00,2011-12-01 15:28:00,67,71,United Kingdom,70.80000000000001,16.75
16170,50,20,6869.0,15.611363636363636,7.610209780096747,440,4,5,5,455,Champions,2010-02-18 13:50:00,2011-10-20 08:21:00,608,254,United Kingdom,61.2,30.4
16171,58,1,73.19999999999999,24.399999999999995,0.8660254037844386,3,4,1,1,411,Standard,2011-10-11 14:51:00,2011-10-11 14:51:00,0,3,United Kingdom,24.9,0.0
16172,94,8,1884.55,16.677433628318585,9.114397830861687,113,3,5,4,354,Standard,2010-07-14 15:34:00,2011-09-05 13:22:00,417,81,United Kingdom,59.400000000000006,52.125
16173,15,6,1418.32,16.884761904761906,6.142775652236699,84,5,4,4,544,Champions,2011-09-02 15:23:00,2011-11-24 10:53:00,82,70,United Kingdom,44.55,13.666666666666666
16174,125,7,2246.75,34.565384615384616,41.677780841419384,65,3,4,4,344,Standard,2010-04-15 15:12:00,2011-08-05 13:26:00,476,28,United Kingdom,249.6,68.0
16175,93,7,1836.44,18.739183673469388,8.421346180492135,98,3,4,4,344,Standard,2010-05-25 12:01:00,2011-09-06 14:32:00,469,59,United Kingdom,53.1,67.0
16176,420,4,2052.69,28.509583333333335,19.71616448697527,72,1,4,4,144,Standard,2010-03-29 14:52:00,2010-10-14 13:54:00,198,53,United Kingdom,83.4,49.5
16177,49,8,2247.31,19.044999999999998,6.974751994488074,118,4,5,4,454,Champions,2010-03-02 14:03:00,2011-10-20 12:57:00,596,79,United Kingdom,41.6,74.5
16178,137,2,612.6,24.504,13.601470202396015,25,3,2,2,322,Standard,2010-11-03 14:46:00,2011-07-24 16:05:00,263,24,United Kingdom,66.0,131.5
16179,60,1,215.83,19.62090909090909,11.197438505788236,11,3,1,1,311,Standard,2011-10-10 09:41:00,2011-10-10 09:41:00,0,11,United Kingdom,41.7,0.0
16180,99,13,16249.87,49.693792048929666,59.17023076589391,327,3,5,5,355,Standard,2010-06-23 13:19:00,2011-08-31 16:28:00,434,171,United Kingdom,179.0,33.38461538461539
16181,72,1,305.54,27.776363636363637,38.32879838260712,11,3,1,2,312,Standard,2011-09-27 13:38:00,2011-09-27 13:38:00,0,11,United Kingdom,141.60000000000002,0.0
16182,71,9,9971.65,195.52254901960782,119.7021377727756,51,3,5,5,355,Standard,2010-03-09 09:34:00,2011-09-28 13:23:00,568,20,United Kingdom,537.0,63.111111111111114
16183,66,4,1077.81,26.288048780487802,15.195299638294761,41,3,4,3,343,Standard,2010-10-28 14:43:00,2011-10-03 14:59:00,340,32,United Kingdom,83.4,85.0
16184,63,6,1158.79,25.750888888888888,11.520007461768065,45,3,4,3,343,Standard,2011-05-12 13:33:00,2011-10-06 17:43:00,147,26,United Kingdom,54.08,24.5
16185,16,3,644.72,16.118000000000002,5.320083477270654,40,5,3,3,533,Loyal,2010-05-24 11:04:00,2011-11-23 09:41:00,547,39,United Kingdom,25.5,182.33333333333334
16186,22,26,9026.11,17.192590476190478,9.134803912141075,525,4,5,5,455,Champions,2009-12-09 15:36:00,2011-11-17 12:43:00,707,172,United Kingdom,74.0,27.192307692307693
16187,31,15,6911.4400000000005,23.428610169491527,14.632523825505219,295,4,5,5,455,Champions,2011-02-28 13:34:00,2011-11-08 09:50:00,252,160,United Kingdom,83.2,16.8
16188,44,5,1087.66,14.698108108108109,5.837303204432788,74,4,4,3,443,Loyal,2010-10-27 11:50:00,2011-10-26 12:19:00,364,72,United Kingdom,39.6,72.8
16189,15,2,215.48,19.58909090909091,13.731234798477123,11,5,2,1,521,Standard,2011-09-15 15:21:00,2011-11-24 11:47:00,69,9,United Kingdom,60.0,34.5
16190,39,8,2723.55,22.886974789915968,13.93144300960484,119,4,5,4,454,Champions,2009-12-14 11:59:00,2011-10-30 15:59:00,685,89,United Kingdom,102.0,85.625
16191,2,24,15688.02,67.33055793991417,68.22685630166505,233,5,5,5,555,Champions,2009-12-11 12:24:00,2011-12-07 11:26:00,725,113,United Kingdom,326.4,30.208333333333332
16192,735,1,351.3,31.936363636363637,27.397199591464553,11,1,1,2,112,Dormant,2009-12-04 12:28:00,2009-12-04 12:28:00,0,11,United Kingdom,102.0,0.0
16193,236,2,630.4300000000001,16.59026315789474,5.018586797335457,38,2,2,3,223,Dormant,2010-10-25 10:25:00,2011-04-17 11:45:00,174,38,United Kingdom,30.0,87.0
16194,374,1,308.6,38.575,23.655292370690685,8,2,1,2,212,Dormant,2010-11-29 13:28:00,2010-11-29 13:28:00,0,8,United Kingdom,69.6,0.0
16195,722,1,323.25,20.203125,7.878588468120417,16,1,1,2,112,Dormant,2009-12-16 14:09:00,2009-12-16 14:09:00,0,16,United Kingdom,35.400000000000006,0.0
16196,488,1,93.3,23.325,4.35,4,1,1,1,111,Dormant,2010-08-08 11:40:00,2010-08-08 11:40:00,0,4,United Kingdom,25.5,0.0
16197,468,9,2016.71,21.68505376344086,13.258344429375322,93,1,5,4,154,Standard,2009-12-16 11:44:00,2010-08-27 12:56:00,254,52,United Kingdom,79.19999999999999,28.22222222222222
16198,74,2,1030.0410000000002,31.213363636363642,15.474273314557827,33,3,2,3,323,Standard,2010-09-28 13:59:00,2011-09-25 14:58:00,362,31,United Kingdom,70.80000000000001,181.0
16199,391,7,942.75,94.275,106.87130695373759,10,2,4,3,243,Standard,2010-03-18 18:47:00,2010-11-12 12:55:00,238,2,United Kingdom,396.0,34.0
16200,3,12,5643.45,9.000717703349283,8.687596753044197,627,5,5,5,555,Champions,2009-12-02 15:04:00,2011-12-05 14:40:00,732,361,United Kingdom,81.12,61.0
16201,2,5,2112.12,17.03322580645161,6.9346703544008985,124,5,4,4,544,Champions,2010-10-20 12:00:00,2011-12-06 16:02:00,412,86,United Kingdom,54.08,82.4
16202,360,9,2501.9900000000002,20.17733870967742,12.045449777390118,124,2,5,4,254,At_Risk_HighValue,2009-12-02 10:48:00,2010-12-14 10:43:00,376,105,United Kingdom,76.5,41.77777777777778
16203,58,6,1114.54,14.474545454545455,6.290331458393854,77,4,4,3,443,Loyal,2010-07-23 13:09:00,2011-10-12 12:31:00,445,56,United Kingdom,30.0,74.16666666666667
16204,22,3,944.24,8.584,8.785987196051126,110,4,3,3,433,Loyal,2009-12-08 17:44:00,2011-11-16 13:40:00,707,86,United Kingdom,59.400000000000006,235.66666666666666
16205,30,7,1830.61,9.15305,13.862230243873848,200,4,4,4,444,Champions,2010-06-15 11:58:00,2011-11-09 09:32:00,511,147,United Kingdom,120.0,73.0
16206,54,13,2602.32,10.665245901639345,9.818453752789294,244,4,5,4,454,Champions,2010-01-24 15:25:00,2011-10-16 10:41:00,629,187,United Kingdom,70.80000000000001,48.38461538461539
16207,24,1,394.38,20.756842105263157,15.12107471659324,19,4,1,2,412,Standard,2011-11-14 13:51:00,2011-11-14 13:51:00,0,19,United Kingdom,50.0,0.0
16208,44,10,3440.4500000000003,13.598616600790514,10.853954625624715,253,4,5,5,455,Champions,2010-02-24 14:24:00,2011-10-26 11:36:00,608,180,United Kingdom,76.5,60.8
16209,88,9,4146.78,61.892238805970145,160.3794564965349,67,3,5,5,355,Standard,2010-06-11 11:58:00,2011-09-12 11:58:00,458,51,United Kingdom,1220.4,50.888888888888886
16210,1,35,38489.51,136.97334519572954,359.6421895710846,281,5,5,5,555,Champions,2009-12-02 12:54:00,2011-12-08 12:36:00,735,145,United Kingdom,3254.4,21.0
16211,88,3,1090.59,30.294166666666666,53.71610593135519,36,3,3,3,333,Standard,2010-09-27 15:24:00,2011-09-12 12:11:00,349,35,United Kingdom,300.0,116.33333333333333
16212,18,4,1293.71,16.586025641025643,4.501871281844365,78,5,4,4,544,Champions,2010-02-07 15:26:00,2011-11-20 13:00:00,650,71,United Kingdom,30.0,162.5
16213,78,1,159.0,26.5,25.00615924127494,6,3,1,1,311,Standard,2011-09-22 10:03:00,2011-09-22 10:03:00,0,6,United Kingdom,76.5,0.0
16214,170,4,2038.25,20.7984693877551,13.876149704538525,98,3,4,4,344,Standard,2010-09-30 13:57:00,2011-06-22 11:30:00,264,84,United Kingdom,102.0,66.0
16215,80,1,242.35,17.310714285714287,3.9949091917776367,14,3,1,1,311,Standard,2011-09-20 10:18:00,2011-09-20 10:18:00,0,14,United Kingdom,25.200000000000003,0.0
16216,266,1,914.9300000000001,24.72783783783784,26.350530474855844,37,2,1,3,213,Dormant,2011-03-17 15:34:00,2011-03-17 15:34:00,0,37,United Kingdom,165.0,0.0
16217,234,2,304.25,20.283333333333335,13.256193521017513,15,2,2,2,222,Dormant,2011-03-02 15:28:00,2011-04-18 13:31:00,46,13,United Kingdom,65.4,23.0
16218,29,13,4439.97,27.07298780487805,22.72174154573139,164,4,5,5,455,Champions,2010-05-27 16:09:00,2011-11-10 09:59:00,531,82,United Kingdom,116.0,40.84615384615385
16219,500,1,40.8,40.8,0.0,1,1,1,1,111,Dormant,2010-07-27 11:44:00,2010-07-27 11:44:00,0,1,United Kingdom,40.8,0.0
16221,36,9,2235.5099999999998,8.532480916030533,8.163368202617827,262,4,5,4,454,Champions,2010-08-10 13:32:00,2011-11-03 11:43:00,449,177,United Kingdom,51.0,49.888888888888886
16222,317,2,1345.22,8.407625,8.044536447238178,160,2,2,4,224,Dormant,2009-12-18 14:31:00,2011-01-25 13:38:00,402,133,United Kingdom,59.400000000000006,201.0
16223,374,2,1102.3500000000001,8.748809523809525,8.922756041236845,126,2,2,3,223,Dormant,2010-11-09 12:07:00,2010-11-30 11:50:00,20,101,United Kingdom,51.0,10.0
16224,56,5,1616.54,13.935689655172414,6.901473468903506,116,4,4,4,444,Champions,2010-11-17 13:14:00,2011-10-13 17:51:00,330,107,United Kingdom,40.8,66.0
16225,44,15,2867.41,9.494735099337747,7.979427187163396,302,4,5,4,454,Champions,2010-02-07 12:41:00,2011-10-26 08:30:00,625,189,United Kingdom,47.7,41.666666666666664
16226,202,5,672.17,21.68290322580645,14.956071051259507,31,2,4,3,243,Standard,2010-10-22 11:19:00,2011-05-20 14:41:00,210,23,United Kingdom,70.80000000000001,42.0
16227,224,3,1027.22,30.212352941176473,35.67890396628369,34,2,3,3,233,Standard,2010-06-22 13:28:00,2011-04-28 13:33:00,310,28,United Kingdom,166.8,103.33333333333333
16228,384,3,890.81,16.196545454545454,21.221923868017544,55,2,3,3,233,Standard,2010-11-04 18:54:00,2010-11-19 14:20:00,14,45,United Kingdom,100.8,4.666666666666667
16229,86,6,2867.86,16.294659090909093,13.614847940926316,176,3,4,4,344,Standard,2010-05-24 12:59:00,2011-09-13 17:16:00,477,144,United Kingdom,93.5,79.5
16230,189,2,542.03,15.486571428571429,6.526899517452707,35,2,2,2,222,Dormant,2011-05-03 15:12:00,2011-06-03 10:06:00,30,32,United Kingdom,35.400000000000006,15.0
16231,378,4,1078.22,10.675445544554456,11.220958740210436,101,2,4,3,243,Standard,2010-04-21 12:06:00,2010-11-25 15:00:00,218,69,United Kingdom,42.5,54.5
16232,43,7,2712.97,25.837809523809522,16.94487896210218,105,4,4,4,444,Champions,2010-06-07 14:04:00,2011-10-27 12:16:00,506,60,United Kingdom,81.6,72.28571428571429
16233,70,9,1965.71,26.209466666666668,22.418115677338328,75,3,5,4,354,Standard,2009-12-02 13:23:00,2011-09-29 17:27:00,666,49,United Kingdom,109.5,74.0
16234,475,3,333.18,22.212,14.774649717868586,15,1,3,2,132,Standard,2010-05-27 10:39:00,2010-08-20 14:33:00,85,13,United Kingdom,63.5,28.333333333333332
16235,40,9,2053.71,17.858347826086955,5.837724101477673,115,4,5,4,454,Champions,2010-08-26 12:10:00,2011-10-30 10:56:00,429,80,United Kingdom,43.0,47.666666666666664
16236,77,1,432.2,21.61,9.484872165717363,20,3,1,2,312,Standard,2011-09-22 14:10:00,2011-09-22 14:10:00,0,20,United Kingdom,49.8,0.0
16237,436,1,136.65,19.521428571428572,6.206707201545299,7,1,1,1,111,Dormant,2010-09-28 17:02:00,2010-09-28 17:02:00,0,7,United Kingdom,33.0,0.0
16238,422,1,63.66,10.61,5.183724529717989,6,1,1,1,111,Dormant,2010-10-13 12:36:00,2010-10-13 12:36:00,0,6,United Kingdom,17.88,0.0
16239,56,6,1492.2,42.63428571428572,34.174207188679446,35,4,4,4,444,Champions,2010-09-02 19:17:00,2011-10-14 08:29:00,406,24,United Kingdom,122.4,67.66666666666667
16240,23,2,3718.8,27.546666666666667,38.93381580879064,135,4,2,5,425,Standard,2011-09-23 13:44:00,2011-11-15 14:30:00,53,126,United Kingdom,290.0,26.5
16241,9,16,4329.31,4.355442655935614,4.9356495938859695,994,5,5,5,555,Champions,2010-10-25 13:40:00,2011-11-30 11:08:00,400,500,United Kingdom,34.0,25.0
16242,7,14,7474.400000000001,10.959530791788858,9.495168633888577,682,5,5,5,555,Champions,2010-03-15 16:02:00,2011-12-01 15:12:00,625,348,United Kingdom,59.5,44.642857142857146
16243,33,2,409.1,8.02156862745098,11.782344312156049,51,4,2,2,422,Standard,2011-10-16 12:09:00,2011-11-06 12:32:00,21,49,United Kingdom,85.0,10.5
16244,211,2,2579.38,16.74922077922078,4.7200924346310025,154,2,2,4,224,At_Risk_HighValue,2010-12-02 11:41:00,2011-05-12 10:18:00,160,88,United Kingdom,31.6,80.0
16245,23,3,1413.66,15.707333333333334,5.373322952378891,90,4,3,4,434,Loyal,2011-03-28 09:30:00,2011-11-16 10:14:00,233,80,United Kingdom,35.95,77.66666666666667
16246,459,2,827.25,9.294943820224718,9.938315560998744,89,1,2,3,123,Dormant,2010-02-08 12:32:00,2010-09-06 12:04:00,209,79,United Kingdom,67.2,104.5
16247,169,1,114.56,7.16,5.27503428108924,16,3,1,1,311,Standard,2011-06-22 14:23:00,2011-06-22 14:23:00,0,16,United Kingdom,19.9,0.0
16248,61,1,152.94,21.84857142857143,5.91686693155375,7,3,1,1,311,Standard,2011-10-09 11:32:00,2011-10-09 11:32:00,0,7,United Kingdom,25.200000000000003,0.0
16249,52,5,1800.07,26.08797101449275,19.841713530405514,69,4,4,4,444,Champions,2011-04-14 13:50:00,2011-10-18 10:07:00,186,67,United Kingdom,99.0,37.2
16250,260,3,791.38,16.15061224489796,4.620091272620806,49,2,3,3,233,Standard,2010-11-18 10:43:00,2011-03-23 15:07:00,125,29,United Kingdom,27.0,41.666666666666664
16251,511,1,128.31,6.4155,5.769576719856995,20,1,1,1,111,Dormant,2010-07-15 14:55:00,2010-07-15 14:55:00,0,20,United Kingdom,23.85,0.0
16252,382,1,295.09000000000003,14.051904761904764,4.612763400660844,21,2,1,2,212,Dormant,2010-11-22 11:57:00,2010-11-22 11:57:00,0,21,United Kingdom,26.0,0.0
16253,66,7,7310.15,24.205794701986754,17.65634549042678,302,3,4,5,345,Standard,2009-12-08 17:24:00,2011-10-04 09:09:00,664,218,United Kingdom,106.2,94.85714285714286
16254,377,3,985.14,13.1352,9.484751682911181,75,2,3,3,233,Standard,2010-03-17 15:43:00,2010-11-26 13:22:00,253,65,United Kingdom,45.0,84.33333333333333
16255,16,15,4906.8,9.17158878504673,7.1880893928063445,535,5,5,5,555,Champions,2010-01-24 12:21:00,2011-11-23 12:40:00,668,231,United Kingdom,40.32,44.53333333333333
16256,266,3,1629.37,56.1851724137931,27.76579815691673,29,2,3,4,234,Standard,2010-04-21 10:34:00,2011-03-18 12:18:00,331,27,United Kingdom,102.0,110.33333333333333
16257,176,1,46.95,23.475,2.1566756826189692,2,3,1,1,311,Standard,2011-06-16 10:11:00,2011-06-16 10:11:00,0,2,United Kingdom,25.0,0.0
16258,44,15,11942.52,34.71662790697675,43.447977393847054,344,4,5,5,455,Champions,2010-03-10 14:19:00,2011-10-25 13:30:00,593,253,United Kingdom,403.2,39.53333333333333
16259,409,3,361.94,3.891827956989247,2.694455235025763,93,2,3,2,232,Standard,2010-04-13 16:57:00,2010-10-25 14:27:00,194,75,United Kingdom,17.85,64.66666666666667
16260,50,1,1035.45,57.525000000000006,54.69743044292687,18,4,1,3,413,Standard,2011-10-20 09:40:00,2011-10-20 09:40:00,0,18,United Kingdom,204.0,0.0
16261,16,6,1059.45,6.30625,5.6982899722446945,168,5,4,3,543,Loyal,2010-09-23 16:40:00,2011-11-22 17:23:00,425,118,United Kingdom,29.85,70.83333333333333
16262,377,1,755.15,16.416304347826088,8.975332456534078,46,2,1,3,213,Dormant,2010-11-26 13:22:00,2010-11-26 13:22:00,0,46,United Kingdom,51.0,0.0
16263,422,1,351.01,14.625416666666666,16.767207638505393,24,1,1,2,112,Dormant,2010-10-12 14:52:00,2010-10-12 14:52:00,0,19,United Kingdom,54.08,0.0
16264,437,2,837.53,12.689848484848484,8.724186449604298,66,1,2,3,123,Dormant,2010-09-19 16:14:00,2010-09-27 15:00:00,7,62,United Kingdom,47.2,3.5
16265,8,12,6935.17,20.57913946587537,13.932857987425022,337,5,5,5,555,Champions,2010-10-28 15:18:00,2011-11-30 16:41:00,398,192,United Kingdom,104.0,33.166666666666664
16266,73,14,1757.95,16.127981651376146,13.543671392109227,109,3,5,4,354,Standard,2010-02-04 16:21:00,2011-09-27 12:08:00,599,73,United Kingdom,81.6,42.785714285714285
16267,590,1,186.66,26.665714285714284,16.495521470127237,7,1,1,1,111,Dormant,2010-04-27 14:10:00,2010-04-27 14:10:00,0,7,United Kingdom,52.2,0.0
16268,70,2,667.65,14.836666666666666,9.331341860048367,45,3,2,3,323,Standard,2011-09-29 18:30:00,2011-09-29 18:30:00,0,45,United Kingdom,50.0,0.0
16269,437,1,717.57,13.539056603773586,4.384275777467499,53,1,1,3,113,Dormant,2010-09-28 11:50:00,2010-09-28 11:50:00,0,53,United Kingdom,30.0,0.0
16270,352,1,1141.24,21.134074074074075,17.68536443402343,54,2,1,3,213,Dormant,2010-12-21 14:26:00,2010-12-21 14:26:00,0,54,United Kingdom,102.0,0.0
16271,2,10,3463.02,11.354163934426229,9.807226493060869,305,5,5,5,555,Champions,2010-03-07 12:03:00,2011-12-07 12:45:00,640,176,United Kingdom,62.400000000000006,64.0
16272,116,1,411.7,16.468,8.921157903172286,25,3,1,2,312,Standard,2011-08-15 10:53:00,2011-08-15 10:54:00,0,25,United Kingdom,25.0,0.0
16273,647,2,336.03999999999996,21.002499999999998,17.89933425205157,16,1,2,2,122,Dormant,2010-02-21 16:02:00,2010-03-01 13:24:00,7,15,United Kingdom,76.5,3.5
16274,372,1,715.9,5.342537313432835,5.044600282467921,134,2,1,3,213,Dormant,2010-12-01 15:35:00,2010-12-01 15:35:00,0,64,United Kingdom,29.95,0.0
16275,196,3,2151.11,19.37936936936937,9.847291023818707,111,2,3,4,234,Standard,2010-03-08 14:41:00,2011-05-27 12:41:00,444,105,United Kingdom,67.2,148.0
16276,176,3,2629.3900000000003,101.13038461538463,131.9547000597029,26,3,3,4,334,Standard,2010-04-11 12:02:00,2011-06-16 09:34:00,430,20,United Kingdom,532.8000000000001,143.33333333333334
16277,733,1,188.69,8.203913043478261,5.551309214239004,23,1,1,1,111,Dormant,2009-12-06 11:27:00,2009-12-06 11:27:00,0,23,United Kingdom,17.0,0.0
16278,99,3,1117.84,20.324363636363636,27.896248371396705,55,3,3,3,333,Standard,2010-07-28 15:40:00,2011-08-31 17:12:00,399,50,United Kingdom,220.0,133.0
16279,20,9,5705.08,16.346934097421205,11.763371337690698,349,4,5,5,455,Champions,2010-04-22 14:09:00,2011-11-18 15:00:00,575,243,United Kingdom,168.75,63.888888888888886
16280,724,1,238.05,14.878125,2.5562321719019714,16,1,1,1,111,Dormant,2009-12-14 15:49:00,2009-12-14 15:49:00,0,16,United Kingdom,19.9,0.0
16281,71,3,3424.02,87.79538461538462,69.6695383803973,39,3,3,5,335,Standard,2010-01-26 13:41:00,2011-09-28 14:57:00,610,27,United Kingdom,270.0,203.33333333333334
16282,339,3,1307.5800000000002,39.623636363636365,33.308019099965044,33,2,3,4,234,Standard,2009-12-21 11:52:00,2011-01-04 11:42:00,378,31,United Kingdom,153.0,126.0
16283,5,8,4403.82,7.4263406408094434,6.84013614126686,593,5,5,5,555,Champions,2010-02-28 14:12:00,2011-12-04 12:08:00,643,385,United Kingdom,47.7,80.375
16284,30,3,1029.77,7.40841726618705,6.427192487696522,139,4,3,3,433,Loyal,2010-11-11 13:27:00,2011-11-08 16:12:00,362,108,United Kingdom,39.6,120.66666666666667
16285,645,1,176.9,5.706451612903226,3.586798524577869,31,1,1,1,111,Dormant,2010-03-03 16:03:00,2010-03-03 16:03:00,0,31,United Kingdom,17.0,0.0
16286,476,2,328.95,19.349999999999998,11.491722564524434,17,1,2,2,122,Dormant,2010-03-26 09:58:00,2010-08-19 14:48:00,146,17,United Kingdom,59.400000000000006,73.0
16287,169,5,1006.98,23.975714285714286,9.622302382272578,42,3,4,3,343,Standard,2010-01-19 09:46:00,2011-06-23 09:08:00,519,18,United Kingdom,53.1,103.8
16288,469,1,129.85,18.55,3.75,7,1,1,1,111,Dormant,2010-08-26 14:45:00,2010-08-26 14:45:00,0,7,United Kingdom,25.5,0.0
16289,461,1,136.31,6.490952380952381,8.980909143712516,21,1,1,1,111,Dormant,2010-09-03 14:02:00,2010-09-03 14:02:00,0,21,United Kingdom,41.25,0.0
16290,464,4,2069.3,15.796183206106871,11.571624741849233,131,1,4,4,144,Standard,2010-05-23 11:46:00,2010-09-01 11:52:00,101,85,United Kingdom,81.6,25.25
16291,681,1,117.72,117.72,0.0,1,1,1,1,111,Dormant,2010-01-26 16:26:00,2010-01-26 16:26:00,0,1,Portugal,117.72,0.0
16292,121,5,1253.76,20.22193548387097,12.332136192798743,62,3,4,4,344,Standard,2010-04-14 13:29:00,2011-08-10 12:24:00,482,51,United Kingdom,71.4,96.4
16293,21,15,4657.95,19.32759336099585,9.020252445688852,241,4,5,5,455,Champions,2009-12-11 09:58:00,2011-11-18 09:58:00,707,168,United Kingdom,83.4,47.13333333333333
16294,476,1,126.05000000000001,15.756250000000001,3.6423537817500065,8,1,1,1,111,Dormant,2010-08-20 12:01:00,2010-08-20 12:01:00,0,8,United Kingdom,22.5,0.0
16295,9,4,1328.55,16.817088607594936,5.7493328825709975,79,5,4,4,544,Champions,2011-10-06 10:45:00,2011-11-30 08:17:00,54,70,United Kingdom,39.8,13.5
16296,625,4,1313.67,17.752297297297297,7.081519175163742,74,1,4,4,144,Standard,2009-12-18 12:03:00,2010-03-23 13:11:00,95,56,United Kingdom,47.400000000000006,23.75
16297,268,1,301.9,15.094999999999999,4.146397929465246,20,2,1,2,212,Dormant,2011-03-16 08:29:00,2011-03-16 08:29:00,0,20,United Kingdom,23.4,0.0
16298,22,7,1085.7,23.1,17.04224074367034,47,4,4,3,443,Loyal,2010-09-23 15:23:00,2011-11-17 11:59:00,419,32,United Kingdom,95.4,59.857142857142854
16299,476,1,193.65,16.1375,1.908607893441996,12,1,1,1,111,Dormant,2010-08-19 17:46:00,2010-08-19 17:46:00,0,12,United Kingdom,19.8,0.0
16300,429,3,1392.43,5.592088353413655,6.5963036185159085,249,1,3,4,134,Standard,2010-02-02 11:40:00,2010-10-05 13:14:00,245,190,United Kingdom,35.7,81.66666666666667
16301,736,1,107.33,17.888333333333332,6.056270854797256,6,1,1,1,111,Dormant,2009-12-03 10:20:00,2009-12-03 10:20:00,0,6,United Kingdom,29.700000000000003,0.0
16302,126,1,233.22,21.201818181818183,10.81502826457871,11,3,1,1,311,Standard,2011-08-05 09:44:00,2011-08-05 09:44:00,0,11,United Kingdom,51.0,0.0
16303,25,7,7928.27,27.721223776223777,17.06348987069446,286,4,4,5,445,Champions,2010-03-18 14:12:00,2011-11-14 10:49:00,605,156,United Kingdom,123.75,86.42857142857143
16304,694,1,381.66,15.2664,4.3859803921130345,25,1,1,2,112,Dormant,2010-01-14 08:30:00,2010-01-14 08:30:00,0,25,United Kingdom,25.200000000000003,0.0
16305,138,1,361.22,16.41909090909091,4.590098981286641,22,3,1,2,312,Standard,2011-07-24 12:18:00,2011-07-24 12:18:00,0,22,United Kingdom,20.8,0.0
16306,213,7,1192.82,17.287246376811595,12.615267930294294,69,2,4,3,243,Standard,2010-10-01 09:36:00,2011-05-10 12:12:00,221,55,United Kingdom,89.69999999999999,31.571428571428573
16307,428,3,1194.92,15.932266666666667,7.424100013402906,75,1,3,3,133,Standard,2010-05-11 14:40:00,2010-10-06 14:31:00,147,69,United Kingdom,50.400000000000006,49.0
16308,37,7,5120.0,731.4285714285714,241.89726272590542,7,4,4,5,445,Champions,2009-12-15 15:48:00,2011-11-02 11:24:00,686,1,United Kingdom,960.0,98.0
16309,105,2,706.57,16.823095238095238,14.141509990802847,42,3,2,3,323,Standard,2011-04-13 11:46:00,2011-08-25 15:35:00,134,39,United Kingdom,89.25,67.0
16310,413,2,460.08,16.431428571428572,6.737935014080223,28,1,2,2,122,Dormant,2010-03-07 15:41:00,2010-10-21 14:47:00,227,26,United Kingdom,35.400000000000006,113.5
16311,17,2,616.26,16.655675675675674,6.6974761168918215,37,5,2,2,522,Standard,2011-10-21 13:13:00,2011-11-22 08:54:00,31,35,United Kingdom,33.2,15.5
16312,431,1,171.15,17.115000000000002,3.5843060695202915,10,1,1,1,111,Dormant,2010-10-03 14:15:00,2010-10-03 14:15:00,0,10,United Kingdom,22.5,0.0
16313,2,2,274.15000000000003,17.134375000000002,3.1895286354987733,16,5,2,1,521,Standard,2011-10-21 09:04:00,2011-12-06 13:02:00,46,16,United Kingdom,23.4,23.0
16314,389,3,1491.4,24.05483870967742,16.760934061957784,62,2,3,4,234,Standard,2010-08-24 11:52:00,2010-11-15 12:06:00,83,58,United Kingdom,88.80000000000001,27.666666666666668
16315,330,2,402.71,17.50913043478261,5.676862860485437,23,2,2,2,222,Dormant,2010-06-21 13:53:00,2011-01-13 11:57:00,205,21,United Kingdom,39.6,102.5
16316,63,13,5744.91,19.343131313131313,23.73984435699159,297,3,5,5,355,Standard,2010-08-03 14:38:00,2011-10-06 13:48:00,428,193,United Kingdom,250.0,32.92307692307692
16317,119,5,2192.51,18.73940170940171,8.88114025478539,117,3,4,4,344,Standard,2010-05-04 10:17:00,2011-08-12 12:46:00,465,103,United Kingdom,69.12,93.0
16318,34,1,328.15000000000003,17.27105263157895,6.517717643075205,19,4,1,2,412,Standard,2011-11-04 13:05:00,2011-11-04 13:05:00,0,19,United Kingdom,39.6,0.0
16319,217,1,404.40000000000003,134.8,13.856406460551028,3,2,1,2,212,Dormant,2011-05-06 11:27:00,2011-05-06 11:27:00,0,3,United Kingdom,142.8,0.0
16320,171,6,5628.99,23.356804979253113,15.942670029388902,241,3,4,5,345,Standard,2010-01-27 13:29:00,2011-06-20 15:25:00,509,193,Unspecified,91.8,84.83333333333333
16321,71,7,604.5500000000001,26.284782608695654,12.825121253924488,23,3,4,2,342,Standard,2009-12-01 10:36:00,2011-09-28 14:55:00,666,15,Australia,53.1,95.14285714285714
16322,0,2,326.75,8.83108108108108,5.854592586538738,37,5,2,2,522,Standard,2011-11-03 14:33:00,2011-12-08 15:41:00,35,28,United Kingdom,24.96,17.5
16323,195,2,353.66,88.415,82.68988390365536,4,2,2,2,222,Dormant,2010-05-11 09:48:00,2011-05-27 14:48:00,381,4,United Kingdom,207.50000000000003,190.5
16324,127,3,428.68,3.6328813559322035,3.366620995296948,118,3,3,2,332,Standard,2011-06-15 14:26:00,2011-08-03 12:58:00,48,100,United Kingdom,17.5,16.0
16325,46,12,3597.5,26.068840579710145,17.291311225624476,138,4,5,5,455,Champions,2009-12-04 13:21:00,2011-10-24 08:48:00,688,104,United Kingdom,106.2,57.333333333333336
16326,5,24,4826.99,9.75149494949495,9.174398886389987,495,5,5,5,555,Champions,2010-01-28 13:23:00,2011-12-04 10:11:00,674,243,United Kingdom,95.0,28.083333333333332
16327,13,16,10731.34,11.33193241816262,9.92436687601379,947,5,5,5,555,Champions,2009-12-14 13:06:00,2011-11-25 13:23:00,711,289,United Kingdom,120.96,44.4375
16328,562,1,310.83,19.426875,7.751487357275377,16,1,1,2,112,Dormant,2010-05-25 14:02:00,2010-05-25 14:02:00,0,16,United Kingdom,35.7,0.0
16329,427,4,1703.07,14.809304347826087,23.869374076629423,115,1,4,4,144,Standard,2009-12-01 11:34:00,2010-10-08 12:44:00,311,83,United Kingdom,122.4,77.75
16330,17,7,634.33,5.375677966101695,11.0549573888716,118,5,4,3,543,Loyal,2010-02-15 12:36:00,2011-11-22 12:24:00,644,105,United Kingdom,112.5,92.0
16331,431,6,2037.7,59.932352941176475,63.582337315785466,34,1,4,4,144,Standard,2010-03-07 10:55:00,2010-10-03 13:47:00,210,33,United Kingdom,222.0,35.0
16332,27,11,2010.41,10.102562814070351,8.614059388951764,199,4,5,4,454,Champions,2010-04-29 13:41:00,2011-11-11 14:22:00,561,158,United Kingdom,55.6,51.0
16333,7,22,26626.8,591.7066666666667,532.8805293360365,45,5,5,5,555,Champions,2011-02-03 10:50:00,2011-12-02 12:19:00,302,9,United Kingdom,2601.0,13.727272727272727
16334,491,1,277.48,4.784137931034483,3.0868129447829937,58,1,1,1,111,Dormant,2010-08-04 16:38:00,2010-08-04 16:38:00,0,54,United Kingdom,15.12,0.0
16335,551,7,2774.0,7.579234972677596,6.247625781549371,366,1,4,4,144,At_Risk_HighValue,2009-12-04 10:18:00,2010-06-06 11:35:00,184,193,United Kingdom,43.0,26.285714285714285
16336,420,4,3517.69,51.73073529411765,38.63715180304149,68,1,4,5,145,At_Risk_HighValue,2010-03-18 08:05:00,2010-10-15 12:32:00,211,64,United Kingdom,175.2,52.75
16337,36,1,151.05,15.105,3.813605031113387,10,4,1,1,411,Standard,2011-11-03 10:03:00,2011-11-03 10:03:00,0,10,United Kingdom,20.0,0.0
16338,156,1,214.8,19.527272727272727,14.201185929991263,11,3,1,1,311,Standard,2011-07-05 13:56:00,2011-07-05 13:56:00,0,11,United Kingdom,49.5,0.0
16339,283,1,109.95,5.4975000000000005,2.6160675087861005,20,2,1,1,211,Dormant,2011-02-28 13:41:00,2011-02-28 13:41:00,0,17,United Kingdom,7.95,0.0
16340,106,3,1526.06,4.0479045092838195,4.163422105570746,377,3,3,4,334,Standard,2010-06-06 13:26:00,2011-08-24 14:53:00,444,277,United Kingdom,30.0,148.0
16341,24,7,3850.79,24.372088607594936,20.727573839356694,158,4,4,5,445,Champions,2010-04-09 10:30:00,2011-11-15 09:12:00,584,103,United Kingdom,104.0,83.42857142857143
16342,74,4,322.41,21.494000000000003,9.931672136582613,15,3,4,2,342,HighEngagement_LowValue,2011-06-13 10:10:00,2011-09-25 14:36:00,104,10,United Kingdom,41.6,26.0
16343,15,3,687.0699999999999,7.989186046511628,6.331391114702393,86,5,3,3,533,Loyal,2010-10-28 14:15:00,2011-11-23 17:45:00,391,54,United Kingdom,26.0,130.33333333333334
16344,157,4,842.42,18.313478260869566,9.452128794296096,46,3,4,3,343,Standard,2010-02-09 12:16:00,2011-07-04 15:50:00,510,43,United Kingdom,65.4,127.5
16345,43,2,1198.74,10.79945945945946,10.890091479525434,111,4,2,3,423,Standard,2010-08-13 17:13:00,2011-10-26 16:03:00,438,95,United Kingdom,100.0,219.0
16346,384,1,224.51,14.967333333333332,6.216706140561515,15,2,1,1,211,Dormant,2010-11-19 15:55:00,2010-11-19 15:55:00,0,15,United Kingdom,30.0,0.0
16347,10,11,3509.41,9.913587570621468,10.167388340987358,354,5,5,5,555,Champions,2010-03-12 12:41:00,2011-11-28 13:14:00,626,209,United Kingdom,81.36,56.90909090909091
16348,31,8,1798.22,6.760225563909774,7.898511583326812,266,4,5,4,454,Champions,2010-10-05 13:57:00,2011-11-07 15:44:00,398,180,United Kingdom,50.0,49.75
16349,290,1,53.5,5.944444444444445,6.061353213415118,9,2,1,1,211,Dormant,2011-02-22 12:40:00,2011-02-22 12:40:00,0,9,United Kingdom,15.95,0.0
16350,20,9,2253.89,18.47450819672131,7.113883539412839,122,4,5,4,454,Champions,2010-10-07 16:33:00,2011-11-18 15:53:00,406,72,United Kingdom,53.7,45.111111111111114
16351,332,13,3330.03,17.80764705882353,12.775265745338144,187,2,5,5,255,At_Risk_HighValue,2009-12-04 16:12:00,2011-01-11 10:26:00,402,124,United Kingdom,163.2,30.923076923076923
16352,17,2,494.44,17.658571428571427,7.454696612693342,28,5,2,2,522,Standard,2011-11-02 08:44:00,2011-11-22 10:32:00,20,28,United Kingdom,30.6,10.0
16353,3,38,9999.460000000001,57.46816091954024,82.32054146376377,174,5,5,5,555,Champions,2009-12-07 13:55:00,2011-12-06 12:23:00,728,76,United Kingdom,475.2000000000001,19.157894736842106
16354,62,5,1129.51,7.954295774647887,6.607576609429933,142,3,4,3,343,Standard,2010-04-27 13:33:00,2011-10-07 14:28:00,528,116,United Kingdom,35.400000000000006,105.6
16355,374,1,416.35,8.673958333333333,9.976746951933173,48,2,1,2,212,Dormant,2010-11-29 14:21:00,2010-11-29 14:21:00,0,47,United Kingdom,67.2,0.0
16356,197,6,415.87,7.0486440677966105,5.548764838520098,59,2,4,2,242,Standard,2010-06-06 11:26:00,2011-05-26 11:51:00,354,27,United Kingdom,32.7,59.0
16357,32,4,868.37,18.47595744680851,7.388959643065156,47,4,4,3,443,Loyal,2010-11-23 18:52:00,2011-11-06 16:04:00,347,43,United Kingdom,39.6,86.75
16358,0,5,2919.65,18.958766233766234,12.06611927736439,154,5,4,4,544,Champions,2010-11-10 11:36:00,2011-12-08 15:09:00,393,118,United Kingdom,70.80000000000001,78.6
16359,6,16,2697.75,21.582,30.8843999926051,125,5,5,4,554,Champions,2010-02-16 10:39:00,2011-12-02 17:04:00,654,78,United Kingdom,228.96,40.875
16360,4,6,3512.53,5.305936555891239,5.158309948712114,662,5,4,5,545,Champions,2011-09-12 13:50:00,2011-12-05 12:16:00,83,365,United Kingdom,35.7,13.833333333333334
16361,9,4,896.66,8.459056603773584,6.967078301117934,106,5,4,3,543,Loyal,2011-09-29 13:13:00,2011-11-30 12:32:00,61,87,United Kingdom,33.9,15.25
16362,31,6,946.94,10.073829787234043,8.941221574233206,94,4,4,3,443,Loyal,2010-09-28 09:24:00,2011-11-07 13:01:00,405,67,United Kingdom,49.92,67.5
16363,52,1,109.36000000000001,21.872000000000003,11.89999663865499,5,4,1,1,411,Standard,2011-10-17 14:14:00,2011-10-17 14:14:00,0,5,United Kingdom,35.400000000000006,0.0
16364,11,2,707.04,13.340377358490565,9.726554643833419,53,5,2,3,523,Standard,2011-07-25 14:35:00,2011-11-28 11:27:00,125,48,United Kingdom,39.8,62.5
16365,17,15,3307.2,25.439999999999998,49.63651392602709,130,5,5,5,555,Champions,2009-12-11 12:41:00,2011-11-22 11:24:00,710,97,United Kingdom,393.7,47.333333333333336
16366,18,4,1548.13,19.847820512820515,9.56799204700348,78,5,4,4,544,Champions,2009-12-16 10:39:00,2011-11-21 08:19:00,704,74,United Kingdom,45.0,176.0
16367,36,3,1362.4,5.949344978165939,4.193030036245156,229,4,3,4,434,Loyal,2010-11-21 13:23:00,2011-11-02 13:13:00,345,196,United Kingdom,23.6,115.0
16368,1,3,640.21,6.5327551020408166,8.73357802476536,98,5,3,3,533,Loyal,2010-09-30 11:30:00,2011-12-07 13:12:00,433,74,United Kingdom,50.400000000000006,144.33333333333334
16369,17,7,2664.81,15.67535294117647,11.192844403949644,170,5,4,4,544,Champions,2010-04-07 16:52:00,2011-11-21 16:25:00,592,115,United Kingdom,52.2,84.57142857142857
16370,81,4,1320.56,5.791929824561404,5.2237198549316375,228,3,4,4,344,Standard,2011-04-28 16:40:00,2011-09-18 15:55:00,142,143,United Kingdom,33.9,35.5
16371,448,1,157.2,14.29090909090909,2.9970667478234603,11,1,1,1,111,Dormant,2010-09-17 12:09:00,2010-09-17 12:09:00,0,11,United Kingdom,21.3,0.0
16372,32,5,1328.61,3.9898198198198194,3.4986199470223083,333,4,4,4,444,Champions,2010-04-11 15:20:00,2011-11-06 13:08:00,573,271,United Kingdom,30.0,114.6
16373,381,2,309.49,10.672068965517242,11.450678513679675,29,2,2,2,222,Dormant,2010-10-24 13:10:00,2010-11-22 15:50:00,29,25,United Kingdom,45.0,14.5
16374,65,5,1771.45,4.9481843575419,4.75873630326501,358,3,4,4,344,Standard,2010-04-30 13:10:00,2011-10-04 15:21:00,522,276,United Kingdom,29.95,104.4
16375,469,2,104.0,8.0,4.679075763438759,13,1,2,1,121,Dormant,2010-08-26 14:12:00,2010-08-26 14:25:00,0,11,United Kingdom,19.8,0.0
16376,8,2,987.01,7.8960799999999995,11.267314553681944,125,5,2,3,523,Standard,2011-11-22 16:47:00,2011-12-01 11:38:00,8,104,United Kingdom,107.1,4.0
16377,266,2,1308.48,130.848,146.12698258706365,10,2,2,4,224,Dormant,2010-04-01 10:36:00,2011-03-17 15:41:00,350,6,United Kingdom,390.0,175.0
16378,246,3,362.95,15.780434782608696,8.909274268097807,23,2,3,2,232,Standard,2011-02-02 12:42:00,2011-04-06 15:07:00,63,22,United Kingdom,53.1,21.0
16379,3,4,2157.4,19.975925925925928,9.510036315568609,108,5,4,4,544,Champions,2011-09-22 09:33:00,2011-12-05 15:38:00,74,87,United Kingdom,62.400000000000006,18.5
16380,60,1,1780.59,55.6434375,133.9045081659212,32,3,1,4,314,Standard,2011-10-09 15:40:00,2011-10-09 15:40:00,0,28,United Kingdom,750.0,0.0
16381,395,2,258.7,3.98,3.628821261787359,65,2,2,1,221,Dormant,2010-10-17 13:06:00,2010-11-09 09:56:00,22,60,United Kingdom,17.0,11.0
16382,407,2,353.1,8.025,8.413615073477699,44,2,2,2,222,Dormant,2010-06-07 12:42:00,2010-10-27 16:23:00,142,42,United Kingdom,29.95,71.0
16383,74,7,2974.84,7.116842105263158,6.436103955692969,418,3,4,5,345,Standard,2010-02-04 13:18:00,2011-09-26 12:45:00,598,239,United Kingdom,51.0,85.42857142857143
16384,89,4,1358.95,16.77716049382716,5.761744144477413,81,3,4,4,344,Standard,2010-04-28 14:01:00,2011-09-11 11:19:00,500,80,United Kingdom,45.9,125.0
16385,59,5,1030.61,7.522700729927006,8.452360921803205,137,3,4,3,343,Standard,2010-03-18 12:45:00,2011-10-10 13:12:00,571,94,United Kingdom,42.5,114.2
16386,28,3,1102.59,7.500612244897958,9.120774136851844,147,4,3,3,433,Loyal,2010-11-17 11:19:00,2011-11-11 12:28:00,359,127,United Kingdom,49.5,119.66666666666667
16387,322,5,918.55,9.568229166666667,11.808894862931583,96,2,4,3,243,Standard,2010-03-11 12:22:00,2011-01-21 11:34:00,315,68,United Kingdom,81.12,63.0
16388,653,1,186.05,14.311538461538463,4.530505575455214,13,1,1,1,111,Dormant,2010-02-24 10:20:00,2010-02-24 10:20:00,0,13,United Kingdom,20.4,0.0
16389,52,4,1382.0700000000002,40.64911764705883,33.188884627751875,34,4,4,4,444,Champions,2011-03-01 15:47:00,2011-10-17 14:41:00,229,33,United Kingdom,175.2,57.25
16390,536,3,467.5,22.261904761904763,11.983372905425092,21,1,3,2,132,Standard,2010-01-29 15:25:00,2010-06-21 10:11:00,142,16,United Kingdom,53.1,47.333333333333336
16391,400,4,1103.61,3.33416918429003,3.2503106828311505,331,2,4,3,243,Standard,2010-05-27 11:27:00,2010-11-04 12:27:00,161,261,United Kingdom,37.8,40.25
16392,269,3,763.05,5.121140939597315,4.873337905184691,149,2,3,3,233,Standard,2010-05-27 11:17:00,2011-03-15 12:11:00,292,125,United Kingdom,30.0,97.33333333333333
16393,1,23,5561.66,7.075903307888041,7.358137521256416,786,5,5,5,555,Champions,2009-12-01 12:13:00,2011-12-07 12:51:00,736,313,United Kingdom,74.7,32.0
16394,56,5,1555.34,18.73903614457831,14.727909262851101,83,4,4,4,444,Champions,2011-02-23 10:58:00,2011-10-14 09:48:00,232,61,United Kingdom,100.8,46.4
16395,60,14,3537.85,5.468083462132921,5.511030793588799,647,3,5,5,355,Standard,2009-12-06 12:26:00,2011-10-10 12:50:00,673,416,United Kingdom,40.8,48.07142857142857
16396,475,1,137.8,17.225,7.34530948487342,8,1,1,1,111,Dormant,2010-08-20 14:17:00,2010-08-20 14:17:00,0,8,United Kingdom,31.2,0.0
16397,627,1,127.88,11.625454545454545,14.703051631301825,11,1,1,1,111,Dormant,2010-03-21 15:36:00,2010-03-21 15:36:00,0,9,United Kingdom,51.0,0.0
16398,153,2,1705.8,20.802439024390242,11.700690974739889,82,3,2,4,324,Standard,2011-03-31 09:38:00,2011-07-08 15:16:00,99,75,United Kingdom,72.0,49.5
16399,18,3,641.82,5.679823008849558,4.3407672919289455,113,5,3,3,533,Loyal,2010-11-15 15:03:00,2011-11-20 16:12:00,370,97,United Kingdom,25.0,123.33333333333333
16400,94,9,3159.44,11.24355871886121,12.768993673471181,281,3,5,5,355,Standard,2009-12-08 12:38:00,2011-09-06 12:27:00,636,214,United Kingdom,81.6,70.66666666666667
16401,0,23,6849.15,18.868181818181817,24.5187654597149,363,5,5,5,555,Champions,2010-06-02 13:13:00,2011-12-08 18:15:00,554,110,United Kingdom,148.5,24.08695652173913
16402,264,2,511.4,4.3709401709401705,5.663008519132648,117,2,2,2,222,Dormant,2010-12-05 13:42:00,2011-03-20 12:25:00,104,55,United Kingdom,52.2,52.0
16403,311,1,177.5,17.75,3.4983329363188607,10,2,1,1,211,Dormant,2011-01-31 13:39:00,2011-01-31 13:39:00,0,10,United Kingdom,23.4,0.0
16404,69,1,443.05,19.26304347826087,6.070592628538014,23,3,1,2,312,Standard,2011-09-30 14:55:00,2011-09-30 14:55:00,0,23,United Kingdom,39.8,0.0
16405,301,2,167.25,33.45,43.5710196116639,5,2,2,1,221,Dormant,2011-02-02 17:08:00,2011-02-10 15:24:00,7,3,United Kingdom,92.4,3.5
16406,18,3,552.68,3.4759748427672954,2.946161011931267,159,5,3,2,532,Loyal,2010-02-24 11:51:00,2011-11-21 11:57:00,635,135,United Kingdom,17.700000000000003,211.66666666666666
16407,12,14,2821.65,12.16228448275862,9.98795631658062,232,5,5,4,554,Champions,2010-10-03 13:56:00,2011-11-27 11:05:00,419,120,United Kingdom,75.0,29.928571428571427
16408,590,1,231.93,5.154,2.805682869398529,45,1,1,1,111,Dormant,2010-04-27 14:08:00,2010-04-27 14:08:00,0,45,United Kingdom,13.2,0.0
16409,35,12,5709.04,7.217496839443742,7.102523481285031,791,4,5,5,455,Champions,2009-12-13 15:38:00,2011-11-03 16:45:00,690,335,United Kingdom,62.400000000000006,57.5
16410,733,1,130.32,26.064,19.864694309251277,5,1,1,1,111,Dormant,2009-12-05 14:51:00,2009-12-05 14:51:00,0,5,United Kingdom,60.0,0.0
16411,18,4,910.1899999999999,4.397053140096618,3.482832586740211,207,5,4,3,543,Loyal,2010-10-07 15:09:00,2011-11-20 13:23:00,408,139,United Kingdom,20.85,102.0
16412,53,5,647.23,4.759044117647059,5.497908003309442,136,4,4,3,443,Loyal,2010-02-04 13:46:00,2011-10-17 12:35:00,619,84,United Kingdom,44.25,123.8
16413,56,2,528.98,7.666376811594203,6.006656104839642,69,4,2,2,422,Standard,2010-11-29 12:49:00,2011-10-14 12:08:00,318,55,United Kingdom,33.2,159.0
16414,21,5,559.71,8.74546875,8.555030809864926,64,4,4,2,442,Loyal,2010-01-14 10:21:00,2011-11-18 09:42:00,672,58,United Kingdom,39.0,134.4
16415,43,3,719.44,4.440987654320988,5.174494809544999,162,4,3,3,433,Loyal,2010-02-01 12:30:00,2011-10-26 13:35:00,632,120,United Kingdom,30.0,210.66666666666666
16416,26,9,2972.88,15.897754010695188,14.45476850602665,187,4,5,5,455,Champions,2010-02-23 12:00:00,2011-11-13 12:50:00,628,146,United Kingdom,119.4,69.77777777777777
16417,492,1,35.7,35.7,0.0,1,1,1,1,111,Dormant,2010-08-04 09:08:00,2010-08-04 09:08:00,0,1,United Kingdom,35.7,0.0
16418,44,5,1101.94,6.520355029585799,5.646865638552983,169,4,4,3,443,Loyal,2010-10-13 12:31:00,2011-10-26 12:39:00,378,121,United Kingdom,30.0,75.6
16419,112,8,1487.42,16.167608695652174,15.778963765581313,92,3,5,4,354,Standard,2010-02-09 13:26:00,2011-08-19 12:33:00,555,62,United Kingdom,79.6,69.375
16420,395,1,75.0,37.5,6.363961030678928,2,2,1,1,211,Dormant,2010-11-08 15:15:00,2010-11-08 15:15:00,0,2,United Kingdom,42.0,0.0
16421,375,3,526.27,13.849210526315789,5.455331823622845,38,2,3,2,232,Standard,2010-08-27 12:02:00,2010-11-28 13:31:00,93,35,United Kingdom,26.0,31.0
16422,16,109,63651.47,89.39813202247191,85.83827602347891,712,5,5,5,555,Champions,2010-01-12 11:57:00,2011-11-22 14:00:00,679,111,United Kingdom,974.4,6.229357798165138
16423,24,1,346.12,19.22888888888889,12.445157285839382,18,4,1,2,412,Standard,2011-11-15 09:21:00,2011-11-15 09:21:00,0,18,United Kingdom,60.84,0.0
16424,190,2,443.06,34.081538461538464,34.34867436698585,13,2,2,2,222,Dormant,2010-11-22 11:24:00,2011-06-01 13:40:00,191,10,United Kingdom,135.0,95.5
16425,301,1,302.7,14.414285714285715,4.929861632367152,21,2,1,2,212,Dormant,2011-02-10 14:30:00,2011-02-10 14:30:00,0,21,United Kingdom,31.8,0.0
16426,1,10,1908.25,5.129704301075269,6.593889082149501,372,5,5,4,554,Champions,2011-03-08 15:45:00,2011-12-07 14:01:00,273,211,United Kingdom,81.36,27.3
16427,262,2,241.06,26.784444444444446,15.147761477451967,9,2,2,1,221,Dormant,2011-02-28 15:18:00,2011-03-21 17:10:00,21,8,United Kingdom,53.1,10.5
16428,413,3,660.28,4.8549999999999995,6.008100457807866,136,1,3,3,133,Standard,2010-07-30 12:10:00,2010-10-22 12:22:00,84,121,United Kingdom,45.0,28.0
16429,105,1,284.55,142.275,194.2068774528853,2,3,1,1,311,Standard,2011-08-25 13:54:00,2011-08-25 13:54:00,0,2,United Kingdom,279.6,0.0
16430,56,7,1117.94,39.92642857142857,28.10452714478125,28,4,4,3,443,Loyal,2010-01-27 12:45:00,2011-10-13 14:47:00,624,19,United Kingdom,102.0,89.14285714285714
16431,212,3,642.81,7.744698795180722,8.771113528516233,83,2,3,3,233,Standard,2011-02-15 14:02:00,2011-05-10 14:09:00,84,51,United Kingdom,45.0,28.0
16432,63,1,287.40000000000003,35.925000000000004,43.98165169379483,8,3,1,1,311,Standard,2011-10-06 13:59:00,2011-10-06 13:59:00,0,8,United Kingdom,144.0,0.0
16433,27,2,384.52,11.309411764705882,13.45994347801552,34,4,2,2,422,Standard,2010-10-27 12:26:00,2011-11-11 14:09:00,380,33,United Kingdom,63.6,190.0
16434,28,12,2741.74,14.661711229946523,12.049495472507134,187,4,5,4,454,Champions,2010-01-17 14:51:00,2011-11-10 14:28:00,661,126,United Kingdom,108.48,55.083333333333336
16435,511,3,1011.5699999999999,8.028333333333332,9.122409308949033,126,1,3,3,133,Standard,2010-07-13 13:29:00,2010-07-15 18:22:00,2,119,United Kingdom,79.8,0.6666666666666666
16436,667,3,329.34,8.032682926829267,6.456663234361169,41,1,3,2,132,Standard,2009-12-06 16:02:00,2010-02-09 13:19:00,64,37,United Kingdom,30.0,21.333333333333332
16437,380,2,301.25,14.345238095238095,11.6235418952433,21,2,2,2,222,Dormant,2010-10-06 12:34:00,2010-11-23 16:59:00,48,17,United Kingdom,39.6,24.0
16438,5,5,798.35,6.04810606060606,5.531303579299839,132,5,4,3,543,Loyal,2011-09-18 13:31:00,2011-12-04 10:51:00,76,74,United Kingdom,26.1,15.2
16439,721,1,310.70000000000005,34.522222222222226,14.48920095948857,9,1,1,2,112,Dormant,2009-12-17 14:22:00,2009-12-17 14:22:00,0,9,United Kingdom,59.400000000000006,0.0
16440,7,6,3856.97,12.563420195439738,12.360854443676647,307,5,4,5,545,Champions,2010-08-03 11:32:00,2011-12-02 12:02:00,486,202,United Kingdom,102.0,81.0
16441,66,5,1034.43,12.02825581395349,7.173316763716269,86,3,4,3,343,Standard,2010-03-22 18:00:00,2011-10-03 17:48:00,559,67,United Kingdom,30.6,111.8
16442,1,5,899.47,3.59788,3.6706551380058396,250,5,4,3,543,Loyal,2009-12-13 11:05:00,2011-12-08 11:43:00,725,226,United Kingdom,30.0,145.0
16443,520,1,162.24,162.24,0.0,1,1,1,1,111,Dormant,2010-07-07 11:57:00,2010-07-07 11:57:00,0,1,United Kingdom,162.24,0.0
16444,45,17,3656.58,9.724946808510639,9.62450148304644,376,4,5,5,455,Champions,2010-03-24 14:06:00,2011-10-24 13:50:00,578,217,United Kingdom,54.08,34.0
16445,33,4,602.73,3.13921875,2.513230105753023,192,4,4,2,442,Loyal,2010-10-24 12:39:00,2011-11-06 12:32:00,377,143,United Kingdom,12.9,94.25
16446,0,2,168472.5,56157.5,97265.13175258388,3,5,2,5,525,Standard,2011-05-18 09:52:00,2011-12-09 09:15:00,204,3,United Kingdom,168469.6,102.0
16447,135,3,775.14,10.618356164383561,7.5450736344427325,73,3,3,3,333,Standard,2010-02-17 14:09:00,2011-07-27 12:45:00,524,59,United Kingdom,31.200000000000003,174.66666666666666
16448,197,2,367.87,7.074423076923077,6.671605449101185,52,2,2,2,222,Dormant,2010-08-25 16:58:00,2011-05-25 16:28:00,272,45,United Kingdom,35.400000000000006,136.0
16449,197,2,707.69,17.69225,6.621208150465811,40,2,2,3,223,Dormant,2011-03-04 12:15:00,2011-05-26 10:25:00,82,40,United Kingdom,34.8,41.0
16450,149,3,1505.73,35.016976744186046,26.25064112912145,43,3,3,4,334,Standard,2010-02-21 15:46:00,2011-07-13 11:47:00,506,36,United Kingdom,116.25,168.66666666666666
16451,87,3,1013.15,15.586923076923076,8.45376671281006,65,3,3,3,333,Standard,2009-12-04 15:11:00,2011-09-13 09:17:00,647,61,United Kingdom,49.8,215.66666666666666
16452,630,2,332.17,18.45388888888889,16.65057361276142,18,1,2,2,122,Dormant,2010-01-15 12:22:00,2010-03-19 12:39:00,63,14,United Kingdom,51.0,31.5
16453,530,2,251.71,16.78066666666667,18.953971489851284,15,1,2,1,121,Dormant,2010-06-09 13:15:00,2010-06-27 12:46:00,17,15,United Kingdom,75.0,8.5
16454,44,4,30.950000000000003,7.737500000000001,10.08277202294422,4,4,4,1,441,HighEngagement_LowValue,2010-04-07 15:54:00,2011-10-26 11:40:00,566,4,United Kingdom,22.5,141.5
16455,63,11,4384.37,19.48608888888889,10.876937503559962,225,3,5,5,355,Standard,2010-03-30 10:31:00,2011-10-07 12:17:00,556,111,United Kingdom,60.48,50.54545454545455
16456,98,13,6862.91,16.53713253012048,19.682614737813058,415,3,5,5,355,Standard,2010-03-29 11:16:00,2011-09-01 13:50:00,521,226,United Kingdom,163.2,40.07692307692308
16457,217,1,208.36,23.151111111111113,11.313081415384188,9,2,1,1,211,Dormant,2011-05-05 13:19:00,2011-05-05 13:19:00,0,9,United Kingdom,46.8,0.0
16458,2,30,5715.34,14.922558746736293,8.75459022343014,383,5,5,5,555,Champions,2010-05-26 14:38:00,2011-12-07 09:34:00,559,91,United Kingdom,41.6,18.633333333333333
16459,729,1,71.78999999999999,14.357999999999999,2.875120867024551,5,1,1,1,111,Dormant,2009-12-10 12:42:00,2009-12-10 12:42:00,0,5,United Kingdom,17.85,0.0
16460,27,3,814.72,6.034962962962963,6.841903906500165,135,4,3,3,433,Loyal,2011-09-19 10:15:00,2011-11-11 13:46:00,53,128,United Kingdom,47.7,17.666666666666668
16461,177,3,1615.22,6.00453531598513,6.433694322684335,269,3,3,4,334,Standard,2010-03-03 13:57:00,2011-06-15 12:07:00,468,223,United Kingdom,61.2,156.0
16462,73,3,136.0,45.333333333333336,19.629909152447276,3,3,3,1,331,HighEngagement_LowValue,2011-03-01 08:58:00,2011-09-27 10:24:00,210,1,United Kingdom,68.0,70.0
16463,20,4,1422.4,17.346341463414635,7.9958372676260945,82,4,4,4,444,Champions,2011-05-19 14:45:00,2011-11-18 14:01:00,182,74,United Kingdom,45.0,45.5
16464,19,3,1314.68,5.570677966101695,4.925612562197125,236,4,3,4,434,Loyal,2011-07-20 13:53:00,2011-11-20 12:11:00,122,152,United Kingdom,27.84,40.666666666666664
16465,420,2,746.24,15.546666666666667,13.820140919522526,48,1,2,3,123,Dormant,2010-09-21 10:46:00,2010-10-15 09:27:00,23,45,United Kingdom,102.0,11.5
16466,33,15,3838.59,10.9674,14.235307464450834,350,4,5,5,455,Champions,2010-03-07 14:31:00,2011-11-06 11:35:00,608,207,United Kingdom,125.0,40.53333333333333
16467,508,7,2869.16,119.54833333333333,58.99945317850259,24,1,4,4,144,At_Risk_HighValue,2009-12-02 11:59:00,2010-07-19 11:49:00,228,14,United Kingdom,243.36,32.57142857142857
16468,73,3,787.52,17.500444444444444,14.460652247887834,45,3,3,3,333,Standard,2010-08-15 13:10:00,2011-09-26 14:13:00,407,38,United Kingdom,62.400000000000006,135.66666666666666
16469,23,5,828.91,4.043463414634147,4.002068485376674,205,4,4,3,443,Loyal,2010-07-13 13:17:00,2011-11-16 12:25:00,490,167,United Kingdom,38.35,98.0
16470,51,11,2458.6,5.090269151138716,5.452822114698433,483,4,5,4,454,Champions,2009-12-11 12:21:00,2011-10-19 12:11:00,676,286,United Kingdom,49.5,61.45454545454545
16471,274,4,1189.98,19.193225806451615,14.284133439313356,62,2,4,3,243,Standard,2010-02-25 10:07:00,2011-03-10 09:41:00,377,48,United Kingdom,81.6,94.25
16472,433,2,789.6,20.246153846153845,13.749501544148814,39,1,2,3,123,Dormant,2010-04-21 11:48:00,2010-10-01 13:56:00,163,39,United Kingdom,79.95,81.5
16473,164,4,470.83,16.815357142857142,6.256824115785342,28,3,4,2,342,Standard,2010-11-30 16:29:00,2011-06-28 09:10:00,209,26,United Kingdom,40.56,52.25
16474,6,7,1871.5,5.198611111111111,6.644167590309662,360,5,4,4,544,Champions,2011-07-17 14:51:00,2011-12-02 13:02:00,137,237,United Kingdom,50.400000000000006,19.571428571428573
16475,87,4,544.3,19.439285714285713,14.380422372762478,28,3,4,2,342,Standard,2011-03-11 09:39:00,2011-09-12 14:37:00,185,23,United Kingdom,85.0,46.25
16476,431,1,350.35,14.597916666666668,3.970173557882596,24,1,1,2,112,Dormant,2010-10-04 10:29:00,2010-10-04 10:29:00,0,24,United Kingdom,23.6,0.0
16477,63,11,4320.02,16.615461538461542,6.260314498808959,260,3,5,5,355,Standard,2010-08-12 09:43:00,2011-10-07 09:44:00,421,177,United Kingdom,59.400000000000006,38.27272727272727
16478,24,3,331.0,19.470588235294116,9.505777500149735,17,4,3,2,432,HighEngagement_LowValue,2011-10-05 12:02:00,2011-11-14 15:51:00,40,15,United Kingdom,39.6,13.333333333333334
16479,9,2,300.83,8.595142857142857,6.795277067211318,35,5,2,2,522,Standard,2011-11-29 13:04:00,2011-11-29 13:40:00,0,35,United Kingdom,24.9,0.0
16480,75,1,769.29,14.514905660377357,15.729580979142147,53,3,1,3,313,Standard,2011-09-25 11:40:00,2011-09-25 11:40:00,0,51,United Kingdom,79.19999999999999,0.0
16481,681,1,453.38,28.33625,28.156447899785462,16,1,1,2,112,Dormant,2010-01-26 13:09:00,2010-01-26 13:09:00,0,16,United Kingdom,101.7,0.0
16482,15,1,220.62,12.256666666666668,4.411076966002747,18,5,1,1,511,Standard,2011-11-24 12:33:00,2011-11-24 12:33:00,0,18,United Kingdom,18.72,0.0
16483,191,1,139.35,7.334210526315789,4.102135373178589,19,2,1,1,211,Dormant,2011-05-31 13:08:00,2011-05-31 13:08:00,0,19,United Kingdom,15.95,0.0
16484,173,2,404.3,16.172,4.077812935058859,25,3,2,2,322,Standard,2011-06-02 10:39:00,2011-06-19 12:06:00,17,25,United Kingdom,25.5,8.5
16485,76,5,2294.68,15.825379310344827,13.755825029817654,145,3,4,4,344,Standard,2009-12-06 12:28:00,2011-09-23 15:50:00,656,126,United Kingdom,76.19999999999999,131.2
16486,537,1,134.36,19.194285714285716,7.198487936464752,7,1,1,1,111,Dormant,2010-06-20 12:16:00,2010-06-20 12:16:00,0,7,United Kingdom,29.96,0.0
16487,576,2,209.4,5.982857142857143,5.4525350668713894,35,1,2,1,121,Dormant,2010-02-18 17:36:00,2010-05-11 13:38:00,81,28,United Kingdom,26.0,40.5
16488,32,3,498.8,17.2,12.430350529478815,29,4,3,2,432,Loyal,2011-07-14 11:46:00,2011-11-06 13:42:00,115,28,United Kingdom,60.0,38.333333333333336
16489,379,2,303.7,50.61666666666667,62.7251836718448,6,2,2,2,222,Dormant,2010-09-29 15:02:00,2010-11-24 14:40:00,55,4,United Kingdom,175.2,27.5
16490,435,1,205.41000000000003,15.800769230769232,5.837568645618457,13,1,1,1,111,Dormant,2010-09-29 16:30:00,2010-09-29 16:30:00,0,13,United Kingdom,25.200000000000003,0.0
16491,46,2,1533.16,17.622528735632184,7.858388529165979,87,4,2,4,424,Standard,2010-10-22 15:42:00,2011-10-24 10:18:00,366,86,United Kingdom,59.400000000000006,183.0
16492,540,1,385.56,16.763478260869565,6.5624486898050565,23,1,1,2,112,Dormant,2010-06-17 08:20:00,2010-06-17 08:20:00,0,23,United Kingdom,31.8,0.0
16493,79,7,2132.09,19.20801801801802,14.439956233868443,111,3,4,4,344,Standard,2010-03-26 13:05:00,2011-09-21 11:10:00,543,77,United Kingdom,76.32000000000001,77.57142857142857
16494,296,1,826.53,16.5306,11.80480849968714,50,2,1,3,213,Dormant,2011-02-16 12:49:00,2011-02-16 12:49:00,0,47,United Kingdom,40.8,0.0
16495,2,3,684.41,7.055773195876288,8.089864779856175,97,5,3,3,533,Loyal,2011-03-08 16:38:00,2011-12-06 13:20:00,272,78,United Kingdom,40.8,90.66666666666667
16496,8,6,2330.77,16.88963768115942,7.802126082076191,138,5,4,4,544,Champions,2010-07-18 13:42:00,2011-12-01 10:31:00,500,120,United Kingdom,68.0,83.33333333333333
16497,49,23,6695.28,19.867299703264095,12.461627726880748,337,4,5,5,455,Champions,2009-12-03 14:11:00,2011-10-21 10:55:00,686,239,United Kingdom,153.0,29.82608695652174
16498,160,2,100.97,6.731333333333334,6.965797940823504,15,3,2,1,321,Standard,2011-06-30 19:52:00,2011-07-01 15:07:00,0,15,United Kingdom,29.700000000000003,0.0
16499,359,8,2578.34,17.90513888888889,9.848623842393748,144,2,5,4,254,At_Risk_HighValue,2010-06-11 12:22:00,2010-12-14 13:31:00,186,104,United Kingdom,107.4,23.25
16500,4,9,843.9100000000001,24.82088235294118,28.674597391445573,34,5,5,3,553,Loyal,2010-06-14 14:54:00,2011-12-05 12:04:00,538,24,United Kingdom,165.0,59.77777777777778
16501,382,1,1237.23,5.9769565217391305,7.095452934292542,207,2,1,3,213,Dormant,2010-11-21 14:10:00,2010-11-21 14:10:00,0,181,United Kingdom,61.2,0.0
16502,619,2,266.5,6.1976744186046515,6.085758487457692,43,1,2,1,121,Dormant,2010-03-29 13:39:00,2010-03-29 13:44:00,0,41,United Kingdom,29.95,0.0
16503,106,11,3614.34,16.9687323943662,5.4199960652993795,213,3,5,5,355,Standard,2010-06-21 14:07:00,2011-08-25 11:46:00,429,161,United Kingdom,35.8,39.0
16504,24,1,484.38,5.632325581395349,6.530407009100917,86,4,1,2,412,Standard,2011-11-14 15:18:00,2011-11-14 15:18:00,0,76,United Kingdom,33.0,0.0
16505,31,1,777.6,194.4,110.36451603663203,4,4,1,3,413,Standard,2011-11-08 12:14:00,2011-11-08 12:14:00,0,4,United Kingdom,358.56000000000006,0.0
16506,19,2,90.30000000000001,30.100000000000005,8.921322771876378,3,4,2,1,421,Standard,2011-10-30 15:50:00,2011-11-20 12:17:00,20,3,United Kingdom,35.400000000000006,10.0
16507,571,1,152.76,3.5525581395348835,2.2210187420397185,43,1,1,1,111,Dormant,2010-05-16 12:56:00,2010-05-16 12:56:00,0,37,United Kingdom,9.95,0.0
16508,629,1,248.8,5.528888888888889,3.133017150391371,45,1,1,1,111,Dormant,2010-03-19 13:41:00,2010-03-19 13:41:00,0,42,United Kingdom,12.75,0.0
16509,296,1,363.70000000000005,27.97692307692308,16.100642008222003,13,2,1,2,212,Dormant,2011-02-16 09:25:00,2011-02-16 09:25:00,0,13,United Kingdom,76.5,0.0
16510,371,6,2100.0,16.03053435114504,8.40171670305696,131,2,4,4,244,Standard,2010-01-17 12:30:00,2010-12-02 13:39:00,319,94,United Kingdom,42.5,53.166666666666664
16511,21,6,1819.02,5.6844375,4.657436935145653,320,4,4,4,444,Champions,2010-03-01 12:21:00,2011-11-18 10:41:00,626,235,United Kingdom,46.8,104.33333333333333
16513,4,4,874.59,24.988285714285716,19.314303977913895,35,5,4,3,543,Loyal,2011-10-27 14:56:00,2011-12-05 10:18:00,38,33,United Kingdom,90.0,9.5
16515,51,10,3216.3,13.401250000000001,16.84396280421537,240,4,5,5,455,Champions,2010-06-17 12:17:00,2011-10-18 13:10:00,488,184,United Kingdom,142.8,48.8
16516,29,1,101.69999999999999,16.95,1.694402549573153,6,4,1,1,411,Standard,2011-11-09 14:59:00,2011-11-09 14:59:00,0,6,United Kingdom,19.8,0.0
16517,276,1,162.70000000000002,9.57058823529412,6.050724616304475,17,2,1,1,211,Dormant,2011-03-07 13:50:00,2011-03-07 13:50:00,0,17,United Kingdom,25.0,0.0
16518,60,4,959.37,14.108382352941177,8.380271361383844,68,3,4,3,343,Standard,2010-06-01 13:31:00,2011-10-09 15:04:00,495,61,United Kingdom,60.0,123.75
16519,24,4,556.26,13.244285714285715,10.823221904968094,42,4,4,2,442,Loyal,2010-03-01 13:51:00,2011-11-14 15:41:00,623,32,United Kingdom,51.0,155.75
16520,185,6,2482.62,5.982216867469879,4.986379118773454,415,3,4,4,344,Standard,2010-03-02 16:50:00,2011-06-06 13:24:00,460,251,United Kingdom,39.8,76.66666666666667
16521,414,3,1148.01,4.803389121338912,5.7525145231928825,239,1,3,3,133,Standard,2010-03-01 13:22:00,2010-10-20 13:09:00,232,212,United Kingdom,68.0,77.33333333333333
16522,435,2,433.36,24.075555555555557,10.152431886135183,18,1,2,2,122,Dormant,2010-09-15 13:32:00,2010-09-30 10:54:00,14,16,United Kingdom,53.1,7.0
16523,1,28,11916.33,32.11948787061995,22.318077099353577,371,5,5,5,555,Champions,2010-01-24 13:14:00,2011-12-08 09:06:00,682,180,United Kingdom,198.0,24.357142857142858
16524,445,2,308.14,5.706296296296296,3.496598506849083,54,1,2,2,122,Dormant,2010-01-17 13:16:00,2010-09-19 13:37:00,245,50,United Kingdom,12.75,122.5
16525,1,48,24582.64,67.53472527472528,47.106962195116566,364,5,5,5,555,Champions,2009-12-02 13:53:00,2011-12-07 15:07:00,735,115,United Kingdom,330.0,15.3125
16526,171,2,717.21,20.491714285714288,16.78712557914797,35,3,2,3,323,Standard,2010-05-04 16:34:00,2011-06-21 12:02:00,412,30,United Kingdom,75.60000000000001,206.0
16527,80,2,1272.44,16.525194805194808,9.038285615615736,77,3,2,4,324,Standard,2010-10-11 13:25:00,2011-09-19 16:21:00,343,66,United Kingdom,35.400000000000006,171.5
16528,3,1,244.41,14.377058823529412,5.046401892321254,17,5,1,1,511,Standard,2011-12-06 12:45:00,2011-12-06 12:45:00,0,17,United Kingdom,25.5,0.0
16529,189,4,2012.0,15.5968992248062,13.19429284757533,129,2,4,4,244,Standard,2010-06-27 13:29:00,2011-06-02 17:23:00,340,87,United Kingdom,102.0,85.0
16530,667,1,48.35,16.116666666666667,9.453085915897164,3,1,1,1,111,Dormant,2010-02-09 15:30:00,2010-02-09 15:30:00,0,3,United Kingdom,27.0,0.0
16531,21,11,2298.33,16.654565217391305,5.993850999948552,138,4,5,4,454,Champions,2010-09-24 09:49:00,2011-11-17 16:29:00,419,109,United Kingdom,33.9,38.09090909090909
16532,17,5,8756.64,1459.4399999999998,778.4448003551698,6,5,4,5,545,Champions,2010-03-29 10:26:00,2011-11-22 11:08:00,603,2,United Kingdom,2232.0,120.6
16533,18,3,1095.56,6.189604519774011,6.231108116975183,177,5,3,3,533,Loyal,2011-10-02 15:07:00,2011-11-20 13:08:00,48,112,United Kingdom,45.0,16.0
16534,641,1,635.9,17.663888888888888,15.92623895656433,36,1,1,3,113,Dormant,2010-03-07 15:47:00,2010-03-07 15:47:00,0,36,United Kingdom,50.85,0.0
16535,4,3,1001.59,13.178815789473685,12.32917525947893,76,5,3,3,533,Loyal,2010-01-28 15:26:00,2011-12-04 15:18:00,674,67,United Kingdom,63.75,224.66666666666666
16536,109,1,548.97,9.981272727272728,7.889376601797074,55,3,1,2,312,Standard,2011-08-21 15:54:00,2011-08-21 15:54:00,0,49,United Kingdom,39.8,0.0
16537,640,1,23.35,5.8375,2.6606311907766043,4,1,1,1,111,Dormant,2010-03-08 13:41:00,2010-03-08 13:41:00,0,3,United Kingdom,8.0,0.0
16538,540,3,399.62,9.293488372093023,14.203679584248738,43,1,3,2,132,Standard,2010-04-23 16:25:00,2010-06-16 16:59:00,54,35,United Kingdom,79.19999999999999,18.0
16539,2,10,3732.01,24.552697368421054,21.299404897024942,152,5,5,5,555,Champions,2010-06-25 15:24:00,2011-12-07 08:41:00,529,83,United Kingdom,165.0,52.9
16540,413,1,226.70000000000002,6.127027027027028,6.781086796239829,37,1,1,1,111,Dormant,2010-10-21 17:22:00,2010-10-21 17:22:00,0,25,United Kingdom,35.400000000000006,0.0
16541,734,1,424.03,11.158684210526316,11.674642924350845,38,1,1,2,112,Dormant,2009-12-04 13:22:00,2009-12-04 13:22:00,0,38,United Kingdom,47.6,0.0
16542,53,2,257.32,18.38,10.696116477128868,14,4,2,1,421,Standard,2010-11-03 14:44:00,2011-10-17 10:47:00,347,13,United Kingdom,53.1,173.5
16543,591,1,292.21,16.233888888888888,7.832261441055563,18,1,1,2,112,Dormant,2010-04-27 11:38:00,2010-04-27 11:38:00,0,18,United Kingdom,39.6,0.0
16544,519,4,376.70000000000005,34.24545454545455,38.61733713337479,11,1,4,2,142,Standard,2010-02-15 13:20:00,2010-07-08 11:11:00,142,8,United Kingdom,141.60000000000002,35.5
16545,164,2,689.8199999999999,86.22749999999999,69.29565060562707,8,3,2,3,323,Standard,2010-11-29 10:39:00,2011-06-28 10:37:00,210,6,United Kingdom,237.6,105.0
16546,290,5,5606.47,59.643297872340426,49.152647406539636,94,2,4,5,245,At_Risk_HighValue,2010-09-23 15:43:00,2011-02-22 11:20:00,151,75,United Kingdom,252.0,30.2
16547,545,1,111.71,4.137407407407407,3.1734858201530147,27,1,1,1,111,Dormant,2010-06-11 13:02:00,2010-06-11 13:02:00,0,25,United Kingdom,17.0,0.0
16548,598,1,30.15,5.0249999999999995,4.214706395468135,6,1,1,1,111,Dormant,2010-04-19 16:15:00,2010-04-19 16:15:00,0,6,United Kingdom,12.75,0.0
16549,9,34,13182.19,4.056058461538462,4.580573678015322,3250,5,5,5,555,Champions,2010-03-28 15:45:00,2011-11-29 15:06:00,610,836,United Kingdom,61.2,17.941176470588236
16550,108,18,9435.13,11.605325953259532,9.704822974367989,813,3,5,5,355,Standard,2009-12-02 11:24:00,2011-08-23 11:12:00,628,274,United Kingdom,130.8,34.888888888888886
16551,95,7,2237.12,25.421818181818182,18.601404566016814,88,3,4,4,344,Standard,2009-12-13 16:12:00,2011-09-05 09:38:00,630,67,United Kingdom,119.4,90.0
16552,242,2,475.02,21.59181818181818,16.452001654557368,22,2,2,2,222,Dormant,2010-12-01 12:36:00,2011-04-11 10:04:00,130,17,United Kingdom,91.8,65.0
16553,162,33,16644.01,56.80549488054607,47.04370322578821,293,3,5,5,355,Standard,2010-02-11 18:46:00,2011-06-29 15:42:00,502,195,United Kingdom,244.8,15.212121212121213
16554,41,8,2841.7200000000003,17.016287425149702,6.891127129991755,167,4,5,4,454,Champions,2009-12-15 09:42:00,2011-10-28 14:51:00,682,108,United Kingdom,51.0,85.25
16555,34,6,1915.68,29.025454545454547,23.22768462131198,66,4,4,4,444,Champions,2010-07-22 13:39:00,2011-11-04 14:31:00,470,59,United Kingdom,165.60000000000002,78.33333333333333
16556,66,17,8012.58,16.623609958506226,15.38925671642856,482,3,5,5,355,Standard,2009-12-07 10:51:00,2011-10-04 11:36:00,666,280,United Kingdom,295.0,39.1764705882353
16557,23,2,281.85,25.622727272727275,13.963333478012396,11,4,2,1,421,Standard,2011-07-25 13:28:00,2011-11-15 14:04:00,113,11,United Kingdom,46.8,56.5
16558,0,38,13873.51,17.78655128205128,15.325609534477634,780,5,5,5,555,Champions,2009-12-03 18:11:00,2011-12-09 10:20:00,735,383,United Kingdom,252.0,19.342105263157894
16559,396,1,185.20000000000002,10.28888888888889,5.804120127764099,18,2,1,1,211,Dormant,2010-11-07 13:52:00,2010-11-07 13:52:00,0,17,United Kingdom,29.5,0.0
16560,26,8,3048.38,15.395858585858587,6.93063163375783,198,4,5,5,455,Champions,2009-12-08 12:05:00,2011-11-13 10:35:00,704,140,United Kingdom,51.0,88.0
16561,5,2,511.12,16.48774193548387,3.696610798806044,31,5,2,2,522,Standard,2011-10-11 09:53:00,2011-12-04 11:50:00,54,29,United Kingdom,24.75,27.0
16562,476,1,223.86,6.584117647058824,4.587699045403293,34,1,1,1,111,Dormant,2010-08-20 11:45:00,2010-08-20 11:45:00,0,34,United Kingdom,16.5,0.0
16563,53,6,4422.76,49.14177777777778,57.06769202629882,90,4,4,5,445,Champions,2009-12-01 18:35:00,2011-10-17 11:51:00,684,55,United Kingdom,244.08,114.0
16564,568,1,87.80000000000001,17.560000000000002,2.991947526277827,5,1,1,1,111,Dormant,2010-05-19 14:41:00,2010-05-19 14:41:00,0,5,United Kingdom,19.8,0.0
16565,363,4,773.05,70.27727272727272,76.68973322302134,11,2,4,3,243,Standard,2010-06-02 12:47:00,2010-12-10 15:21:00,191,7,United Kingdom,207.0,47.75
16566,14,5,614.66,34.147777777777776,30.91612116214481,18,5,4,2,542,Loyal,2011-02-20 10:29:00,2011-11-24 16:34:00,277,14,United Kingdom,108.16,55.4
16567,193,2,865.6,24.731428571428573,18.32720111856516,35,2,2,3,223,Dormant,2011-01-07 09:31:00,2011-05-29 13:57:00,142,34,United Kingdom,104.88,71.0
16568,427,2,1020.9,204.18,113.92647629063228,5,1,2,3,123,Dormant,2010-03-08 14:51:00,2010-10-08 10:54:00,213,5,United Kingdom,360.0,106.5
16569,2,5,1455.23,41.578,35.337283410351866,35,5,4,4,544,Champions,2009-12-16 15:05:00,2011-12-06 15:32:00,720,27,United Kingdom,162.72,144.0
16570,14,20,7434.31,30.847759336099585,27.154149712800304,241,5,5,5,555,Champions,2010-03-30 09:32:00,2011-11-24 17:02:00,604,114,United Kingdom,295.0,30.2
16571,26,10,4248.74,16.661725490196076,7.955756010831105,255,4,5,5,455,Champions,2010-03-18 09:12:00,2011-11-13 11:46:00,605,151,United Kingdom,75.60000000000001,60.5
16572,126,3,1009.6,17.712280701754388,6.50368000704872,57,3,3,3,333,Standard,2011-03-09 12:04:00,2011-08-04 16:34:00,148,40,United Kingdom,35.95,49.333333333333336
16573,84,2,663.61,15.800238095238095,6.292944747927204,42,3,2,3,323,Standard,2011-02-22 15:14:00,2011-09-16 09:13:00,205,40,United Kingdom,35.400000000000006,102.5
16574,70,3,1301.78,15.136976744186047,4.4568691384311325,86,3,3,4,334,Standard,2010-02-19 11:46:00,2011-09-29 13:39:00,587,86,United Kingdom,26.4,195.66666666666666
16576,419,2,540.87,16.39,4.660785877939471,33,1,2,2,122,Dormant,2010-07-06 10:42:00,2010-10-15 13:37:00,101,32,United Kingdom,30.0,50.5
16577,666,1,380.0,16.52173913043478,2.9815274489519212,23,1,1,2,112,Dormant,2010-02-11 09:45:00,2010-02-11 09:45:00,0,23,United Kingdom,23.4,0.0
16578,625,1,156.6,17.4,7.846018098373214,9,1,1,1,111,Dormant,2010-03-23 15:11:00,2010-03-23 15:11:00,0,9,United Kingdom,35.400000000000006,0.0
16579,425,1,295.05,21.075,6.483551673866132,14,1,1,2,112,Dormant,2010-10-10 11:58:00,2010-10-10 11:58:00,0,14,United Kingdom,35.400000000000006,0.0
16581,182,1,105.84,11.76,5.536442901358236,9,3,1,1,311,Standard,2011-06-10 10:05:00,2011-06-10 10:05:00,0,9,United Kingdom,19.8,0.0
16582,112,1,313.62,52.27,64.6616903583567,6,3,1,2,312,Standard,2011-08-18 17:02:00,2011-08-18 17:02:00,0,6,United Kingdom,162.72,0.0
16583,373,2,531.4,16.60625,1.9494726334029664,32,2,2,2,222,Dormant,2010-02-04 12:18:00,2010-12-01 12:03:00,299,18,United Kingdom,20.4,149.5
16584,79,5,3163.67,38.11650602409639,35.66230121412747,83,3,4,5,345,Standard,2010-02-16 10:41:00,2011-09-20 13:45:00,581,61,United Kingdom,139.2,116.2
16585,593,2,341.59000000000003,18.977222222222224,8.933147002007589,18,1,2,2,122,Dormant,2010-01-13 13:31:00,2010-04-25 10:34:00,101,16,United Kingdom,47.400000000000006,50.5
16586,248,3,1462.78,52.24214285714286,36.14474895084453,28,2,3,4,234,Standard,2010-03-14 11:24:00,2011-04-05 09:32:00,386,27,United Kingdom,135.6,128.66666666666666
16587,231,1,225.15,17.31923076923077,5.252639751493944,13,2,1,1,211,Dormant,2011-04-21 15:51:00,2011-04-21 15:51:00,0,13,United Kingdom,25.5,0.0
16588,385,4,1361.28,19.172957746478872,12.595804561651947,71,2,4,4,244,Standard,2010-05-14 13:43:00,2010-11-18 17:56:00,188,64,United Kingdom,89.69999999999999,47.0
16589,70,4,612.36,13.917272727272728,3.8437998179105453,44,3,4,2,342,Standard,2010-09-15 14:56:00,2011-09-29 14:50:00,378,39,United Kingdom,19.92,94.5
16590,400,2,605.9,20.893103448275863,26.07720242766087,29,2,2,2,222,Dormant,2010-10-21 12:09:00,2010-11-04 09:06:00,13,26,United Kingdom,153.0,6.5
16591,68,1,213.5,21.35,30.849113079273085,10,3,1,1,311,Standard,2011-10-02 10:43:00,2011-10-02 10:43:00,0,10,United Kingdom,106.2,0.0
16592,3,28,7807.91,18.242780373831774,9.081210752897249,428,5,5,5,555,Champions,2009-12-18 15:57:00,2011-12-05 13:49:00,716,221,United Kingdom,91.8,25.571428571428573
16593,50,8,1071.14,13.732564102564103,15.170049562529574,78,4,5,3,453,Loyal,2009-12-05 10:44:00,2011-10-20 12:41:00,684,57,United Kingdom,89.55,85.5
16594,74,1,181.09,3.416792452830189,3.25945180241243,53,3,1,1,311,Standard,2011-09-25 14:08:00,2011-09-25 14:08:00,0,53,United Kingdom,12.75,0.0
16595,60,5,1810.18,3.818945147679325,3.1657594877699715,474,3,4,4,344,Standard,2010-01-17 12:12:00,2011-10-09 13:15:00,630,337,United Kingdom,30.0,126.0
16596,15,4,579.63,19.321,7.729791606237652,30,5,4,2,542,Loyal,2009-12-10 13:09:00,2011-11-24 10:02:00,713,23,United Kingdom,39.8,178.25
16597,3,1,90.04,12.862857142857143,8.5364350761617,7,5,1,1,511,Standard,2011-12-05 15:44:00,2011-12-05 15:44:00,0,7,United Kingdom,25.28,0.0
16598,285,1,145.05,14.505,3.241180340554965,10,2,1,1,211,Dormant,2011-02-27 11:42:00,2011-02-27 11:42:00,0,10,United Kingdom,18.6,0.0
16599,385,1,172.8,14.4,3.503245248726855,12,2,1,1,211,Dormant,2010-11-19 12:45:00,2010-11-19 12:45:00,0,12,United Kingdom,17.700000000000003,0.0
16600,3,13,2153.41,15.058811188811188,6.179741606511895,143,5,5,4,554,Champions,2009-12-18 12:59:00,2011-12-05 16:00:00,717,106,United Kingdom,35.400000000000006,55.15384615384615
16601,40,3,684.25,9.503472222222221,9.89334947478373,72,4,3,3,433,Loyal,2010-03-26 13:39:00,2011-10-30 11:09:00,582,60,United Kingdom,40.2,194.0
16602,35,2,763.33,19.08325,12.98912590326113,40,4,2,3,423,Standard,2010-11-16 09:13:00,2011-11-03 15:54:00,352,37,United Kingdom,78.96000000000001,176.0
16603,74,2,482.47,14.19029411764706,5.180918068459061,34,3,2,2,322,Standard,2011-09-09 13:02:00,2011-09-26 10:06:00,16,34,United Kingdom,25.200000000000003,8.0
16604,562,2,432.45000000000005,36.0375,28.93481015379855,12,1,2,2,122,Dormant,2010-05-20 16:34:00,2010-05-26 09:10:00,5,10,United Kingdom,96.9,2.5
16605,723,1,60.48,60.48,0.0,1,1,1,1,111,Dormant,2009-12-15 19:03:00,2009-12-15 19:03:00,0,1,United Kingdom,60.48,0.0
16606,403,2,357.66,16.257272727272728,5.817614616562343,22,2,2,2,222,Dormant,2010-10-01 13:21:00,2010-10-31 13:57:00,30,16,United Kingdom,27.6,15.0
16607,17,25,5706.87,19.15057046979866,23.76582789990168,298,5,5,5,555,Champions,2010-04-29 14:01:00,2011-11-22 10:24:00,571,212,United Kingdom,295.0,22.84
16608,453,2,1288.72,10.56327868852459,9.760888765473087,122,1,2,4,124,Dormant,2010-02-14 11:57:00,2010-09-12 11:44:00,209,94,United Kingdom,41.65,104.5
16609,14,7,5493.46,19.903840579710145,9.183289909392348,276,5,4,5,545,Champions,2011-04-01 10:11:00,2011-11-24 13:32:00,237,155,United Kingdom,62.400000000000006,33.857142857142854
16610,218,1,75.66,12.61,3.0782787398154836,6,2,1,1,211,Dormant,2011-05-04 13:13:00,2011-05-04 13:13:00,0,6,United Kingdom,17.700000000000003,0.0
16611,185,6,1785.13,16.228454545454547,8.631048410953728,110,3,4,4,344,Standard,2010-03-10 16:07:00,2011-06-06 15:46:00,452,86,United Kingdom,79.95,75.33333333333333
16612,32,9,3245.4300000000003,19.4337125748503,9.664429158156919,167,4,5,5,455,Champions,2009-12-03 15:54:00,2011-11-07 07:38:00,703,105,United Kingdom,67.5,78.11111111111111
16613,69,1,618.59,20.619666666666667,7.109744882824599,30,3,1,3,313,Standard,2011-09-30 15:52:00,2011-09-30 15:52:00,0,30,United Kingdom,35.400000000000006,0.0
16614,182,3,1179.79,24.07734693877551,16.592239874851916,49,3,3,3,333,Standard,2010-05-10 15:18:00,2011-06-10 11:36:00,395,37,United Kingdom,67.5,131.66666666666666
16615,625,1,291.5,15.342105263157896,5.774527954682981,19,1,1,2,112,Dormant,2010-03-23 15:13:00,2010-03-23 15:13:00,0,19,United Kingdom,30.0,0.0
16616,14,2,500.42,15.164242424242424,13.614212709128427,33,5,2,2,522,Standard,2011-07-05 13:38:00,2011-11-24 16:31:00,142,31,United Kingdom,79.9,71.0
16617,235,1,151.85,30.369999999999997,24.093609111131524,5,2,1,1,211,Dormant,2011-04-18 10:35:00,2011-04-18 10:35:00,0,5,United Kingdom,60.0,0.0
16618,30,5,2647.59,27.579062500000003,23.130917158330025,96,4,4,4,444,Champions,2011-01-21 11:55:00,2011-11-08 13:52:00,291,79,United Kingdom,157.92000000000002,58.2
16619,263,4,1938.3300000000002,16.709741379310348,5.249963388892123,116,2,4,4,244,Standard,2010-02-22 12:05:00,2011-03-21 08:18:00,391,103,United Kingdom,39.9,97.75
16620,3,6,1758.93,18.712021276595745,9.93317755306013,94,5,4,4,544,Champions,2009-12-01 14:35:00,2011-12-06 12:19:00,734,78,United Kingdom,60.0,122.33333333333333
16621,51,4,813.48,28.05103448275862,27.48187290155713,29,4,4,3,443,Loyal,2011-03-07 11:32:00,2011-10-19 11:38:00,226,22,United Kingdom,127.5,56.5
16622,543,1,225.4,18.783333333333335,6.643258145509535,12,1,1,1,111,Dormant,2010-06-14 10:44:00,2010-06-14 10:44:00,0,12,United Kingdom,38.25,0.0
16623,245,4,1015.24,19.906666666666666,13.235985292628076,51,2,4,3,243,Standard,2010-04-26 14:04:00,2011-04-08 10:09:00,346,44,United Kingdom,65.4,86.5
16624,80,2,810.57,16.886875,18.642391426844952,48,3,2,3,323,Standard,2011-05-26 14:20:00,2011-09-20 12:39:00,116,44,United Kingdom,74.0,58.0
16625,274,5,1654.03,16.707373737373736,5.2503754162875165,99,2,4,4,244,Standard,2010-06-14 11:56:00,2011-03-10 12:50:00,269,82,United Kingdom,30.0,53.8
16626,0,17,4413.1,24.65418994413408,23.39907111350693,179,5,5,5,555,Champions,2011-03-18 12:27:00,2011-12-09 11:56:00,265,86,United Kingdom,158.4,15.588235294117647
16627,78,1,322.8,16.14,5.033051810414412,20,3,1,2,312,Standard,2011-09-21 14:38:00,2011-09-21 14:38:00,0,20,United Kingdom,30.0,0.0
16628,29,7,2318.1,18.5448,13.036298554421037,125,4,4,4,444,Champions,2010-03-08 12:24:00,2011-11-10 12:45:00,612,84,United Kingdom,102.0,87.42857142857143
16629,73,2,417.73,6.52703125,7.514072021761188,64,3,2,2,322,Standard,2011-09-04 16:12:00,2011-09-27 10:34:00,22,58,United Kingdom,35.7,11.0
16630,406,1,106.80000000000001,26.700000000000003,10.51284928076114,4,2,1,1,211,Dormant,2010-10-28 14:30:00,2010-10-28 14:30:00,0,4,United Kingdom,35.400000000000006,0.0
16631,481,7,1892.52,23.6565,13.345582031025677,80,1,4,4,144,Standard,2010-02-26 10:49:00,2010-08-15 11:20:00,170,46,United Kingdom,66.0,24.285714285714285
16632,485,2,406.4,15.05185185185185,4.633105817447893,27,1,2,2,122,Dormant,2010-05-07 16:46:00,2010-08-11 11:39:00,95,22,United Kingdom,19.5,47.5
16633,16,6,2883.1,18.967763157894737,8.081331704349214,152,5,4,4,544,Champions,2011-04-19 14:36:00,2011-11-22 13:41:00,216,115,United Kingdom,60.0,36.0
16634,222,6,1814.6100000000001,19.94076923076923,10.132634759996394,91,2,4,4,244,Standard,2010-01-21 09:30:00,2011-05-01 12:09:00,465,72,United Kingdom,60.48,77.5
16635,406,1,473.0,18.92,4.9292283033621676,25,2,1,2,212,Dormant,2010-10-29 09:41:00,2010-10-29 09:41:00,0,25,United Kingdom,35.400000000000006,0.0
16636,437,4,3802.04,52.0827397260274,42.97472345784833,73,1,4,5,145,At_Risk_HighValue,2010-03-03 14:06:00,2010-09-27 13:13:00,207,62,United Kingdom,165.0,51.75
16637,31,4,1154.47,16.73144927536232,9.372026473589044,69,4,4,3,443,Loyal,2011-04-28 10:20:00,2011-11-07 13:17:00,193,66,United Kingdom,71.9,48.25
16638,22,15,2430.53,17.360928571428573,13.107840088795042,140,4,5,4,454,Champions,2010-08-18 13:33:00,2011-11-17 11:09:00,455,130,United Kingdom,119.9,30.333333333333332
16639,30,4,1747.98,21.580000000000002,15.257890008123665,81,4,4,4,444,Champions,2010-10-26 18:23:00,2011-11-08 13:20:00,377,76,United Kingdom,102.0,94.25
16640,397,1,179.4,13.8,4.249705872175156,13,2,1,1,211,Dormant,2010-11-07 10:48:00,2010-11-07 10:48:00,0,13,United Kingdom,20.4,0.0
16641,105,2,554.5,15.402777777777779,4.531969367637688,36,3,2,2,322,Standard,2010-01-07 12:22:00,2011-08-26 12:49:00,596,36,United Kingdom,30.24,298.0
16642,4,3,1077.45,19.95277777777778,9.809888045187849,54,5,3,3,533,Loyal,2010-10-20 14:22:00,2011-12-05 11:31:00,410,50,United Kingdom,47.7,136.66666666666666
16643,245,2,923.11,16.783818181818184,5.613091671661716,55,2,2,3,223,Dormant,2010-10-13 09:47:00,2011-04-08 08:24:00,176,48,United Kingdom,40.8,88.0
16644,177,2,833.78,13.448064516129032,4.064032899178536,62,3,2,3,323,Standard,2011-05-11 12:53:00,2011-06-15 12:39:00,34,62,United Kingdom,20.4,17.0
16645,735,1,160.39,11.456428571428571,4.222830999264787,14,1,1,1,111,Dormant,2009-12-04 09:49:00,2009-12-04 09:49:00,0,14,United Kingdom,19.05,0.0
16646,448,1,678.8,23.406896551724138,19.155106201638745,29,1,1,3,113,Dormant,2010-09-16 13:28:00,2010-09-16 13:28:00,0,29,United Kingdom,68.0,0.0
16647,169,4,541.9,16.421212121212122,6.732643313353863,33,3,4,2,342,Standard,2010-06-13 15:52:00,2011-06-23 11:47:00,374,28,United Kingdom,39.84,93.5
16648,42,3,672.8,18.18378378378378,7.571807120038327,37,4,3,3,433,Loyal,2010-04-28 14:58:00,2011-10-28 08:58:00,547,37,United Kingdom,39.6,182.33333333333334
16649,519,1,306.58,15.328999999999999,7.5496273173964665,20,1,1,2,112,Dormant,2010-07-07 15:41:00,2010-07-07 15:41:00,0,20,United Kingdom,38.7,0.0
16650,71,7,1916.11,19.552142857142854,11.779082740442295,98,3,4,4,344,Standard,2010-07-08 14:18:00,2011-09-29 09:51:00,447,71,United Kingdom,70.8,63.857142857142854
16651,586,1,136.2,22.7,8.437772217830961,6,1,1,1,111,Dormant,2010-05-02 11:46:00,2010-05-02 11:46:00,0,6,United Kingdom,30.6,0.0
16652,58,16,17550.39,63.8196,35.66071530778335,275,4,5,5,455,Champions,2010-03-17 10:22:00,2011-10-12 09:38:00,573,124,United Kingdom,228.96,35.8125
16653,15,2,1212.66,17.574782608695653,6.817155394490746,69,5,2,3,523,Standard,2011-09-29 13:38:00,2011-11-23 14:51:00,55,67,United Kingdom,59.400000000000006,27.5
16654,140,8,1711.47,20.62012048192771,10.630405711686793,83,3,5,4,354,Standard,2010-04-06 13:29:00,2011-07-21 15:23:00,471,64,United Kingdom,75.60000000000001,58.875
16655,17,13,6548.37,10.735032786885245,15.142511708311858,610,5,5,5,555,Champions,2010-01-31 15:40:00,2011-11-22 11:25:00,659,408,United Kingdom,204.0,50.69230769230769
16656,21,30,16833.170000000002,119.38418439716314,146.49175075826935,141,4,5,5,455,Champions,2009-12-04 12:59:00,2011-11-17 14:43:00,713,22,United Kingdom,1209.6,23.766666666666666
16657,9,4,933.62,4.488557692307692,5.06243557473538,208,5,4,3,543,Loyal,2011-03-30 12:02:00,2011-11-30 11:48:00,244,158,United Kingdom,40.8,61.0
16658,367,6,814.07,11.306527777777779,14.507127452697,72,2,4,3,243,Standard,2010-03-30 16:24:00,2010-12-06 13:47:00,250,49,United Kingdom,69.3,41.666666666666664
16659,188,1,39.12,19.56,1.1879393923933996,2,3,1,1,311,Standard,2011-06-03 15:03:00,2011-06-03 15:03:00,0,2,United Kingdom,20.4,0.0
16660,15,7,1879.55,78.31458333333333,98.7717474117744,24,5,4,4,544,Champions,2010-01-14 11:09:00,2011-11-23 14:53:00,678,20,United Kingdom,457.2,96.85714285714286
16661,539,4,986.63,15.178923076923077,30.151813799249542,65,1,4,3,143,Standard,2009-12-17 15:39:00,2010-06-17 15:24:00,181,50,United Kingdom,175.2,45.25
16662,393,1,163.8,5.6482758620689655,4.127899040990566,29,2,1,1,211,Dormant,2010-11-10 16:56:00,2010-11-10 16:56:00,0,28,United Kingdom,19.05,0.0
16663,728,1,165.0,165.0,0.0,1,1,2,1,121,Dormant,2009-12-10 13:12:00,2009-12-10 13:12:00,0,1,United Kingdom,165.0,0.0
16664,568,1,109.2,13.65,6.172172574200619,8,1,2,1,121,Dormant,2010-05-19 17:11:00,2010-05-19 17:11:00,0,8,United Kingdom,25.5,0.0
16665,361,1,135.4,15.044444444444444,15.348848581498803,9,2,2,1,221,Dormant,2010-12-12 14:03:00,2010-12-12 14:03:00,0,9,United Kingdom,52.2,0.0
16666,18,2,225.94,4.5188,3.376646470650296,50,5,2,1,521,Standard,2010-03-28 15:13:00,2011-11-20 14:01:00,601,42,United Kingdom,11.9,300.5
16667,67,2,570.13,10.757169811320754,7.63186598247478,53,3,2,2,322,Standard,2011-02-28 12:57:00,2011-10-02 15:26:00,216,52,United Kingdom,35.7,108.0
16668,14,13,862.42,16.272075471698113,7.078557371084377,53,5,5,3,553,Loyal,2010-03-18 18:25:00,2011-11-24 17:43:00,615,28,United Kingdom,39.0,47.30769230769231
16669,23,3,1374.87,8.5929375,7.525886863209557,160,4,3,4,434,Loyal,2011-09-22 14:13:00,2011-11-16 12:26:00,54,141,United Kingdom,38.25,18.0
16670,16,20,8030.150000000001,16.55701030927835,6.563129917024709,485,5,5,5,555,Champions,2009-12-10 15:28:00,2011-11-23 09:34:00,712,258,United Kingdom,76.5,35.6
16671,27,3,1692.27,282.045,277.77587308835876,6,4,3,4,434,Loyal,2011-06-28 11:20:00,2011-11-11 13:40:00,136,3,United Kingdom,816.0,45.333333333333336
16672,1,20,8134.9400000000005,71.35912280701754,44.584298151945816,114,5,5,5,555,Champions,2011-03-18 10:15:00,2011-12-07 16:29:00,264,22,United Kingdom,226.8,13.2
16673,678,1,188.83,9.441500000000001,6.053630728744528,20,1,2,1,121,Dormant,2010-01-29 14:22:00,2010-01-29 14:22:00,0,19,United Kingdom,19.8,0.0
16674,54,2,319.61,3.261326530612245,3.137154675703586,98,4,2,2,422,Standard,2011-09-02 13:59:00,2011-10-16 11:31:00,43,89,United Kingdom,15.0,21.5
16675,441,2,608.86,26.47217391304348,33.27575270052597,23,1,2,2,122,Dormant,2010-08-18 13:11:00,2010-09-24 12:15:00,36,21,United Kingdom,122.4,18.0
16676,33,6,2361.9,17.758646616541355,9.288090678794397,133,4,4,4,444,Champions,2010-10-17 13:07:00,2011-11-06 12:01:00,384,106,United Kingdom,79.9,64.0
16677,410,2,880.62,18.73659574468085,12.075558007917902,47,1,2,3,123,Dormant,2010-02-25 16:11:00,2010-10-24 14:53:00,240,45,United Kingdom,76.19999999999999,120.0
16678,2,12,3109.99,19.07969325153374,13.017784483862355,163,5,5,5,555,Champions,2011-03-02 09:24:00,2011-12-07 12:17:00,280,92,United Kingdom,89.10000000000001,23.333333333333332
16679,365,3,793.06,37.764761904761905,29.98378372037919,21,2,3,3,233,Standard,2010-06-10 18:35:00,2010-12-08 13:51:00,180,15,United Kingdom,102.0,60.0
16680,42,3,821.45,28.32586206896552,24.696502863656242,29,4,3,3,433,Loyal,2010-06-23 09:30:00,2011-10-27 17:35:00,491,24,United Kingdom,97.5,163.66666666666666
16681,72,7,1921.8400000000001,39.22122448979592,25.468391000140834,49,3,4,4,344,Standard,2010-03-08 14:10:00,2011-09-28 11:11:00,568,22,United Kingdom,117.0,81.14285714285714
16682,4,5,1028.0,34.266666666666666,24.54310231540357,30,5,4,3,543,Loyal,2011-06-05 11:02:00,2011-12-05 12:13:00,183,15,United Kingdom,101.4,36.6
16683,533,1,320.25,17.791666666666668,5.55777806851115,18,1,2,2,122,Dormant,2010-06-24 10:36:00,2010-06-24 10:36:00,0,18,United Kingdom,26.1,0.0
16684,3,55,147142.77,204.93422005571028,215.20580189158662,718,5,5,5,555,Champions,2009-12-07 12:56:00,2011-12-05 14:06:00,728,184,United Kingdom,1836.0,13.236363636363636
16685,60,2,324.24,5.2296774193548385,4.210928781837952,62,3,2,2,322,Standard,2011-10-09 13:44:00,2011-10-09 13:58:00,0,60,United Kingdom,24.75,0.0
16686,46,16,5070.92,4.584918625678119,4.654109772682384,1106,4,5,5,455,Champions,2009-12-06 15:48:00,2011-10-23 13:49:00,685,549,United Kingdom,39.95,42.8125
16687,390,1,157.63,19.70375,12.068286583911924,8,2,2,1,221,Dormant,2010-11-14 11:46:00,2010-11-14 11:46:00,0,8,United Kingdom,34.8,0.0
16688,0,4,1260.8600000000001,20.33645161290323,10.57003452338209,62,5,4,4,544,Champions,2011-10-10 12:23:00,2011-12-08 15:24:00,59,52,United Kingdom,51.0,14.75
16689,75,2,422.6,32.50769230769231,18.422917862382782,13,3,2,2,322,Standard,2011-09-18 13:29:00,2011-09-25 11:39:00,6,12,United Kingdom,76.19999999999999,3.0
16690,71,4,353.03000000000003,18.580526315789474,10.876982564461633,19,3,4,2,342,Standard,2010-09-14 15:00:00,2011-09-28 15:02:00,379,12,United Kingdom,52.2,94.75
16691,417,2,178.83,16.257272727272728,9.563956389391464,11,1,2,1,121,Dormant,2010-05-27 14:55:00,2010-10-17 15:03:00,143,11,United Kingdom,39.95,71.5
16692,255,4,1914.6999999999998,382.93999999999994,466.0978899330054,5,2,4,4,244,Standard,2010-09-24 11:31:00,2011-03-28 14:46:00,185,3,United Kingdom,1117.5,46.25
16693,68,5,1199.46,6.893448275862069,6.975495810183474,174,3,4,3,343,Standard,2010-02-21 12:42:00,2011-10-02 11:10:00,587,149,United Kingdom,63.0,117.4
16694,722,1,98.30000000000001,32.76666666666667,22.117884919976717,3,1,2,1,121,Dormant,2009-12-16 15:45:00,2009-12-16 15:45:00,0,3,United Kingdom,50.400000000000006,0.0
16695,561,2,193.15,5.365277777777778,4.132567853464969,36,1,2,1,121,Dormant,2010-05-27 12:24:00,2010-05-27 12:36:00,0,30,United Kingdom,17.0,0.0
16696,134,4,657.9,65.78999999999999,60.473142799097175,10,3,4,3,343,Standard,2011-04-05 15:20:00,2011-07-27 14:23:00,112,7,United Kingdom,195.6,28.0
16697,240,1,112.75,5.369047619047619,3.2293759532793715,21,2,2,1,221,Dormant,2011-04-12 17:12:00,2011-04-12 17:12:00,0,20,United Kingdom,12.75,0.0
16698,226,2,1998.0,399.6,244.37021095051662,5,2,2,4,224,Dormant,2011-03-31 13:33:00,2011-04-27 10:52:00,26,4,United Kingdom,816.0,13.0
16699,379,7,994.6,16.04193548387097,38.39804750153574,62,2,4,3,243,Standard,2009-12-04 13:31:00,2010-11-24 14:38:00,355,51,United Kingdom,306.0,50.714285714285715
16700,8,25,9167.710000000001,17.330264650283556,9.0559606148161,529,5,5,5,555,Champions,2009-12-02 10:51:00,2011-12-01 11:00:00,729,263,United Kingdom,100.8,29.16
16701,8,26,9916.73,36.06083636363636,27.819768119146005,275,5,5,5,555,Champions,2009-12-01 19:19:00,2011-12-01 11:10:00,729,154,United Kingdom,163.2,28.03846153846154
16702,414,4,1110.83,12.206923076923076,10.943251262998954,91,1,4,3,143,Standard,2009-12-07 16:40:00,2010-10-20 14:10:00,316,84,United Kingdom,67.8,79.0
16704,617,2,695.66,11.994137931034482,9.378938524176943,58,1,2,3,123,Dormant,2010-02-05 14:14:00,2010-03-31 14:02:00,53,50,United Kingdom,43.9,26.5
16705,0,42,43515.051,62.97402460202605,52.27166005893431,691,5,5,5,555,Champions,2009-12-09 13:34:00,2011-12-09 12:08:00,729,400,United Kingdom,325.44,17.357142857142858
16706,36,3,531.35,4.319918699186992,4.885485276487754,123,4,3,2,432,Loyal,2011-08-17 15:53:00,2011-11-02 13:50:00,76,108,United Kingdom,29.75,25.333333333333332
16707,399,4,551.11,8.350151515151515,8.002839014023852,66,2,4,2,242,Standard,2010-03-09 15:16:00,2010-11-04 14:39:00,239,64,United Kingdom,51.0,59.75
16708,45,1,656.63,24.31962962962963,18.10230382309676,27,4,2,3,423,Standard,2011-10-25 12:20:00,2011-10-25 12:20:00,0,27,United Kingdom,90.0,0.0
16709,84,14,9087.460000000001,29.697581699346408,26.701039251000463,306,3,5,5,355,Standard,2009-12-09 13:16:00,2011-09-16 10:56:00,645,220,United Kingdom,175.2,46.07142857142857
16710,18,22,6349.09,6.439239350912779,5.843374844480701,986,5,5,5,555,Champions,2009-12-04 13:41:00,2011-11-20 14:50:00,716,541,United Kingdom,51.0,32.54545454545455
16711,2,9,2868.48,86.92363636363636,75.12886948512958,33,5,5,4,554,Champions,2009-12-02 13:22:00,2011-12-06 16:32:00,734,26,United Kingdom,325.44,81.55555555555556
16712,8,13,4266.99,8.050924528301886,12.56126881293807,530,5,5,5,555,Champions,2010-11-03 15:45:00,2011-11-30 13:48:00,391,301,United Kingdom,249.6,30.076923076923077
16713,18,32,14560.69,10.89872005988024,17.332549494909404,1336,5,5,5,555,Champions,2009-12-15 12:49:00,2011-11-21 12:36:00,705,541,United Kingdom,232.0,22.03125
16714,218,4,1529.8,13.187931034482759,23.322178901758665,116,2,4,4,244,Standard,2010-02-07 11:17:00,2011-05-05 11:09:00,451,95,United Kingdom,250.0,112.75
16715,77,2,625.52,22.34,25.72908773267244,28,3,2,3,323,Standard,2010-05-26 12:35:00,2011-09-22 18:15:00,484,27,United Kingdom,81.6,242.0
16716,266,3,2149.6800000000003,268.71000000000004,198.61036054115033,8,2,3,4,234,Standard,2010-03-19 11:05:00,2011-03-18 10:03:00,363,7,United Kingdom,734.4000000000001,121.0
16717,23,14,6986.2300000000005,19.088060109289618,11.148578276909435,366,4,5,5,455,Champions,2009-12-07 15:55:00,2011-11-16 12:16:00,708,274,United Kingdom,130.8,50.57142857142857
16718,368,5,3647.53,16.35663677130045,13.865437355242543,223,2,4,5,245,At_Risk_HighValue,2009-12-06 13:07:00,2010-12-05 13:03:00,363,123,United Kingdom,109.5,72.6
16719,14,14,3973.3,8.948873873873874,8.658546820367128,444,5,5,5,555,Champions,2009-12-13 10:59:00,2011-11-25 09:27:00,711,204,United Kingdom,87.75,50.785714285714285
16720,25,3,795.48,5.034683544303798,15.453740860617405,158,4,3,3,433,Loyal,2009-12-17 17:54:00,2011-11-13 16:22:00,695,130,United Kingdom,192.0,231.66666666666666
16721,261,1,292.47,7.904594594594595,5.760922280809344,37,2,2,2,222,Dormant,2011-03-22 16:08:00,2011-03-22 16:08:00,0,37,United Kingdom,30.0,0.0
16722,16,22,8989.08,21.45365155131265,20.15706233539812,419,5,5,5,555,Champions,2009-12-03 19:23:00,2011-11-22 13:28:00,718,145,United Kingdom,162.72,32.63636363636363
16723,90,4,1301.63,10.012538461538462,15.864791709533451,130,3,4,4,344,Standard,2009-12-04 13:23:00,2011-09-09 13:01:00,643,108,United Kingdom,165.0,160.75
16724,404,1,147.35,8.66764705882353,5.430698078299608,17,2,2,1,221,Dormant,2010-10-31 11:40:00,2010-10-31 11:40:00,0,17,United Kingdom,21.8,0.0
16725,301,14,1882.11,4.801301020408163,4.286807585474752,392,2,5,4,254,Standard,2009-12-13 15:54:00,2011-02-10 16:52:00,424,242,United Kingdom,30.0,30.285714285714285
16726,25,7,2088.41,7.734851851851851,8.03864576992927,270,4,4,4,444,Champions,2010-10-24 16:09:00,2011-11-13 14:53:00,384,150,United Kingdom,81.36,54.857142857142854
16727,363,4,1437.42,6.748450704225353,10.305837004433231,213,2,4,4,244,Standard,2010-01-20 10:48:00,2010-12-10 13:48:00,324,158,United Kingdom,91.8,81.0
16728,45,4,1054.67,3.9207063197026026,4.916937360462674,269,4,4,3,443,Loyal,2011-03-20 13:28:00,2011-10-24 14:36:00,218,218,United Kingdom,53.7,54.5
16729,37,21,7239.92,10.969575757575758,8.942247791852084,660,4,5,5,455,Champions,2011-04-12 14:22:00,2011-11-01 14:29:00,203,234,United Kingdom,67.6,9.666666666666666
16730,51,3,743.11,9.062317073170732,7.774700391000826,82,4,3,3,433,Loyal,2011-01-24 14:01:00,2011-10-18 14:11:00,267,75,United Kingdom,30.6,89.0
16731,647,1,174.05,4.047674418604651,2.893668652839376,43,1,2,1,121,Dormant,2010-03-01 15:05:00,2010-03-01 15:05:00,0,40,United Kingdom,14.85,0.0
16732,31,4,4387.64,19.853574660633484,21.717875657458062,221,4,4,5,445,Champions,2009-12-08 13:04:00,2011-11-08 09:54:00,699,199,United Kingdom,295.0,174.75
16733,529,1,259.68,21.64,15.941535799174547,12,1,2,1,121,Dormant,2010-06-28 10:12:00,2010-06-28 10:12:00,0,12,United Kingdom,71.4,0.0
16734,51,3,650.51,12.27377358490566,10.885560341468434,53,4,3,3,433,Loyal,2011-08-17 15:00:00,2011-10-18 13:44:00,61,44,United Kingdom,50.0,20.333333333333332
16735,78,14,6270.56,20.694917491749177,11.290537234171639,303,3,5,5,355,Standard,2009-12-08 09:24:00,2011-09-22 11:49:00,653,178,United Kingdom,70.80000000000001,46.642857142857146
16736,505,5,2956.56,20.675244755244755,16.78998208322945,143,1,4,4,144,At_Risk_HighValue,2009-12-03 16:12:00,2010-07-22 10:09:00,230,116,United Kingdom,138.0,46.0
16737,52,2,835.2,417.6,0.0,2,4,2,3,423,Standard,2010-05-11 09:53:00,2011-10-17 13:03:00,524,1,United Kingdom,417.6,262.0
16738,297,1,3.75,3.75,0.0,1,2,2,1,221,Dormant,2011-02-15 09:46:00,2011-02-15 09:46:00,0,1,United Kingdom,3.75,0.0
16739,176,2,786.4300000000001,20.695526315789476,8.616836347199815,38,3,2,3,323,Standard,2010-06-21 09:38:00,2011-06-16 09:17:00,359,33,United Kingdom,52.0,179.5
16740,394,1,236.81,7.176060606060606,8.992221617665576,33,2,2,1,221,Dormant,2010-11-09 13:34:00,2010-11-09 13:34:00,0,30,United Kingdom,47.2,0.0
16741,624,1,173.06,15.732727272727272,8.472176923210577,11,1,2,1,121,Dormant,2010-03-24 15:15:00,2010-03-24 15:15:00,0,11,United Kingdom,29.700000000000003,0.0
16742,46,14,2852.61,26.17073394495413,49.61464627891912,109,4,5,4,454,Champions,2009-12-16 17:22:00,2011-10-24 12:02:00,676,51,United Kingdom,464.9,48.285714285714285
16743,28,14,4253.26,11.342026666666667,9.997617638641955,375,4,5,5,455,Champions,2010-04-22 13:21:00,2011-11-10 13:13:00,566,118,United Kingdom,49.92,40.42857142857143
16744,10,7,1304.76,5.391570247933884,6.1315631289059125,242,5,4,4,544,Champions,2011-06-19 15:13:00,2011-11-28 13:06:00,161,198,United Kingdom,49.75,23.0
16745,86,17,7194.3,20.152100840336136,21.74888733589268,357,3,5,5,355,Standard,2011-02-01 11:31:00,2011-09-14 11:58:00,225,148,United Kingdom,136.0,13.235294117647058
16746,4,42,18066.4,18.267340748230538,26.576929001827615,989,5,5,5,555,Champions,2009-12-04 13:00:00,2011-12-05 12:33:00,730,390,United Kingdom,183.6,17.38095238095238
16747,37,2,836.0600000000001,19.906190476190478,9.894460128330731,42,4,2,3,423,Standard,2011-10-03 10:18:00,2011-11-02 11:37:00,30,34,United Kingdom,54.08,15.0
16748,17,14,3637.33,22.044424242424242,10.005955077554711,165,5,5,5,555,Champions,2009-12-10 12:28:00,2011-11-22 10:17:00,711,55,United Kingdom,41.6,50.785714285714285
16749,590,2,4387.08,56.975064935064935,71.30583547433616,77,1,2,5,125,At_Risk_HighValue,2009-12-15 14:05:00,2010-04-27 13:06:00,132,53,United Kingdom,326.4,66.0
16750,44,5,623.93,6.567684210526315,8.250087743264102,95,4,4,3,443,Loyal,2011-04-21 16:53:00,2011-10-26 12:48:00,187,74,United Kingdom,62.5,37.4
16751,30,1,1764.72,70.5888,183.6376717052722,25,4,2,4,424,Standard,2011-11-09 10:48:00,2011-11-09 10:48:00,0,24,United Kingdom,918.0,0.0
16752,372,1,415.0,23.055555555555557,20.886182379245017,18,2,2,2,222,Dormant,2010-12-02 12:18:00,2010-12-02 12:18:00,0,9,United Kingdom,79.95,0.0
16753,57,1,223.92000000000002,6.5858823529411765,9.676220498585948,34,4,2,1,421,Standard,2011-10-12 13:14:00,2011-10-12 13:14:00,0,34,United Kingdom,41.6,0.0
16754,371,29,67502.47,475.36950704225353,456.8412916935258,142,2,5,5,255,At_Risk_HighValue,2010-03-08 11:32:00,2010-12-02 17:38:00,269,38,United Kingdom,2080.8,9.275862068965518
16755,113,7,2900.58,8.816352583586626,7.890240502822394,329,3,4,4,344,Standard,2009-12-09 14:25:00,2011-08-17 13:21:00,615,219,United Kingdom,40.8,87.85714285714286
16756,214,7,1312.3700000000001,16.61227848101266,6.531510005128609,79,2,4,4,244,Standard,2010-03-09 15:56:00,2011-05-09 09:33:00,425,64,United Kingdom,39.95,60.714285714285715
16757,318,2,270.48,18.032,9.714432708971886,15,2,2,1,221,Dormant,2010-10-26 15:09:00,2011-01-25 11:59:00,90,13,United Kingdom,35.400000000000006,45.0
16758,64,1,369.34000000000003,16.78818181818182,15.482706062345398,22,3,2,2,322,Standard,2011-10-05 14:47:00,2011-10-05 14:47:00,0,22,United Kingdom,69.3,0.0
16759,7,3,789.79,18.804523809523808,7.934746127581863,42,5,3,3,533,Loyal,2011-11-09 09:06:00,2011-12-02 12:42:00,23,40,United Kingdom,49.8,7.666666666666667
16760,429,1,228.0,13.411764705882353,3.6815218240798844,17,1,2,1,121,Dormant,2010-10-05 15:55:00,2010-10-05 15:55:00,0,17,United Kingdom,19.8,0.0
16761,96,1,316.62,24.355384615384615,15.18204675232373,13,3,2,2,322,Standard,2011-09-04 11:15:00,2011-09-04 11:15:00,0,13,United Kingdom,60.0,0.0
16762,19,3,1501.38,16.869438202247192,11.482716494361759,89,4,3,4,434,Loyal,2011-07-18 12:52:00,2011-11-20 11:43:00,124,51,United Kingdom,79.9,41.333333333333336
16763,198,2,964.6999999999999,21.924999999999997,19.25737098384154,44,2,2,3,223,Dormant,2009-12-01 15:26:00,2011-05-25 11:52:00,539,44,United Kingdom,89.69999999999999,269.5
16764,3,13,2799.25,3.9649433427762037,3.921023467443977,706,5,5,4,554,Champions,2011-07-19 17:17:00,2011-12-06 11:41:00,139,209,United Kingdom,33.15,10.692307692307692
16765,293,2,454.75,8.745192307692308,7.738787078896064,52,2,2,2,222,Dormant,2010-11-22 13:42:00,2011-02-18 15:41:00,88,52,United Kingdom,34.0,44.0
16766,272,2,1145.6,33.69411764705882,9.115253322714345,34,2,2,3,223,Dormant,2011-03-11 13:34:00,2011-03-11 15:22:00,0,17,United Kingdom,47.7,0.0
16767,30,15,8073.8,24.919135802469135,28.430858445434747,324,4,5,5,455,Champions,2010-04-28 16:49:00,2011-11-09 09:42:00,559,209,United Kingdom,204.0,37.266666666666666
16768,47,9,1708.1200000000001,10.415365853658537,15.526452843522875,164,4,5,4,454,Champions,2009-12-07 11:47:00,2011-10-23 10:38:00,684,108,United Kingdom,119.4,76.0
16769,259,4,1141.75,11.4175,6.926336705035004,100,2,4,3,243,Standard,2009-12-14 11:10:00,2011-03-24 13:41:00,465,76,United Kingdom,30.0,116.25
16770,57,9,1932.13,5.457994350282486,6.081637032669341,354,4,5,4,454,Champions,2010-08-22 16:08:00,2011-10-13 12:21:00,416,202,United Kingdom,39.95,46.22222222222222
16771,32,10,3967.6,9.63009708737864,8.814317372593807,412,4,5,5,455,Champions,2009-12-09 11:52:00,2011-11-06 13:28:00,697,303,United Kingdom,108.16,69.7
16772,422,3,3723.55,53.96449275362319,79.73194065367203,69,1,3,5,135,At_Risk_HighValue,2009-12-18 10:50:00,2010-10-12 13:19:00,298,54,United Kingdom,462.25,99.33333333333333
16773,56,3,421.24,6.480615384615385,4.682055463723664,65,4,3,2,432,Loyal,2009-12-06 15:01:00,2011-10-13 14:37:00,675,53,United Kingdom,23.4,225.0
16774,67,8,1594.45,11.81074074074074,10.04095461579536,135,3,5,4,354,Standard,2010-02-16 16:53:00,2011-10-03 12:41:00,593,89,United Kingdom,69.3,74.125
16775,9,16,3056.89,10.996007194244603,9.879395300774906,278,5,5,5,555,Champions,2010-09-23 17:34:00,2011-11-29 15:22:00,431,132,United Kingdom,81.6,26.9375
16776,59,2,619.85,4.524452554744526,5.294269921298935,137,3,2,3,323,Standard,2010-10-20 12:13:00,2011-10-10 13:04:00,355,105,United Kingdom,45.0,177.5
16777,79,5,1307.76,8.957260273972603,6.782804985890265,146,3,4,4,344,Standard,2010-03-17 12:42:00,2011-09-20 13:41:00,552,125,United Kingdom,33.9,110.4
16778,73,2,245.94,15.37125,5.219169633827461,16,3,2,1,321,Standard,2011-03-10 15:21:00,2011-09-26 13:48:00,199,16,United Kingdom,25.200000000000003,99.5
16779,1,53,33268.24,31.56379506641366,35.20547745115595,1054,5,5,5,555,Champions,2009-12-03 13:03:00,2011-12-07 14:54:00,734,293,United Kingdom,306.0,13.849056603773585
16780,99,3,605.55,6.116666666666666,4.775337150187323,99,3,3,2,332,Standard,2010-10-28 19:41:00,2011-08-31 16:09:00,306,73,United Kingdom,30.0,102.0
16781,371,2,934.25,16.683035714285715,5.114189501108339,56,2,2,3,223,Dormant,2010-02-08 13:56:00,2010-12-02 14:26:00,297,36,United Kingdom,31.8,148.5
16782,9,38,10438.41,5.543499734466277,7.173527443403965,1883,5,5,5,555,Champions,2009-12-09 11:58:00,2011-11-29 13:20:00,720,575,United Kingdom,102.0,18.94736842105263
16783,436,1,391.95,15.677999999999999,4.101703914228818,25,1,2,2,122,Dormant,2010-09-29 11:53:00,2010-09-29 11:53:00,0,25,United Kingdom,29.700000000000003,0.0
16784,19,5,896.53,5.6033124999999995,5.6539875973321845,160,4,4,3,443,Loyal,2010-03-28 12:55:00,2011-11-20 12:20:00,601,138,United Kingdom,47.6,120.2
16785,409,1,533.78,15.250857142857143,4.643698685206825,35,2,2,2,222,Dormant,2010-10-26 10:36:00,2010-10-26 10:36:00,0,35,United Kingdom,30.6,0.0
16786,393,1,51.84,51.84,0.0,1,2,2,1,221,Dormant,2010-11-11 08:25:00,2010-11-11 08:25:00,0,1,United Kingdom,51.84,0.0
16787,397,4,1035.43,9.082719298245614,7.429576898717759,114,2,4,3,243,Standard,2010-01-10 11:12:00,2010-11-07 11:01:00,300,102,United Kingdom,30.0,75.0
16788,122,5,1950.3,3.94,4.619107516719235,495,3,4,4,344,Standard,2010-02-07 12:40:00,2011-08-08 14:53:00,547,348,United Kingdom,59.0,109.4
16789,7,1,80.80000000000001,16.160000000000004,2.9904849105120066,5,5,2,1,521,Standard,2011-12-01 15:12:00,2011-12-01 15:12:00,0,5,United Kingdom,19.8,0.0
16790,3,6,1545.6200000000001,16.61956989247312,4.910496945094187,93,5,4,4,544,Champions,2011-11-02 11:23:00,2011-12-06 11:53:00,34,88,United Kingdom,35.400000000000006,5.666666666666667
16791,28,15,4038.69,5.786088825214899,5.62776566442974,698,4,5,5,455,Champions,2009-12-03 18:08:00,2011-11-10 19:12:00,707,393,United Kingdom,61.44,47.13333333333333
16792,281,5,623.46,6.1123529411764705,4.694339371160219,102,2,4,3,243,Standard,2010-01-04 13:47:00,2011-03-02 14:41:00,422,90,United Kingdom,27.65,84.4
16793,56,1,243.84,15.24,5.501602190877369,16,4,2,1,421,Standard,2011-10-13 15:08:00,2011-10-13 15:08:00,0,16,United Kingdom,25.5,0.0
16794,0,15,2090.91,4.036505791505792,3.482821277808823,518,5,5,4,554,Champions,2010-03-25 15:17:00,2011-12-08 17:54:00,623,245,United Kingdom,33.9,41.53333333333333
16795,364,3,2492.39,6.108799019607843,5.021728832838761,408,2,3,4,234,At_Risk_HighValue,2010-01-25 13:14:00,2010-12-09 14:08:00,318,306,United Kingdom,38.35,106.0
16796,88,1,305.62,16.97888888888889,9.269285072303797,18,3,2,2,322,Standard,2011-09-11 14:01:00,2011-09-11 14:01:00,0,18,United Kingdom,49.5,0.0
16797,392,5,1827.77,4.490835380835381,3.552463835202264,407,2,4,4,244,Standard,2009-12-02 13:33:00,2010-11-11 19:14:00,344,289,United Kingdom,31.9,68.8
16798,553,3,848.71,4.905838150289018,5.224071411570409,173,1,3,3,133,Standard,2009-12-10 19:35:00,2010-06-03 19:01:00,174,141,United Kingdom,39.9,58.0
16799,431,2,495.98,4.679056603773585,3.0194848278037316,106,1,2,2,122,Dormant,2010-09-12 12:46:00,2010-10-03 14:28:00,21,81,United Kingdom,15.0,10.5
16800,10,1,1201.49,7.326158536585366,5.593083963263088,164,5,2,3,523,Standard,2011-11-28 14:06:00,2011-11-28 14:06:00,0,148,United Kingdom,31.8,0.0
16801,162,4,1619.73,21.312236842105264,12.930496520364478,76,3,4,4,344,Standard,2011-03-11 13:56:00,2011-06-29 15:33:00,110,72,United Kingdom,74.85,27.5
16802,678,2,582.61,10.992641509433962,9.903970678265164,53,1,2,2,122,Dormant,2009-12-09 13:00:00,2010-01-29 13:44:00,51,48,United Kingdom,56.25,25.5
16803,64,1,332.3,13.845833333333333,4.360204339713676,24,3,2,2,322,Standard,2011-10-05 14:28:00,2011-10-05 14:28:00,0,24,United Kingdom,23.4,0.0
16804,22,3,536.99,8.949833333333334,8.570780177621367,60,4,3,2,432,Loyal,2011-03-14 15:48:00,2011-11-16 16:43:00,247,59,United Kingdom,50.0,82.33333333333333
16805,173,5,1097.24,4.3714741035856575,3.8712171494669065,251,3,4,3,343,Standard,2009-12-08 14:29:00,2011-06-19 11:23:00,557,213,United Kingdom,29.700000000000003,111.4
16806,102,4,801.49,7.781456310679611,7.564062012759843,103,3,4,3,343,Standard,2011-04-14 19:59:00,2011-08-28 15:27:00,135,68,United Kingdom,39.6,33.75
16807,142,6,2123.88,14.956901408450705,6.525027016394556,142,3,4,4,344,Standard,2010-03-26 14:38:00,2011-07-20 12:00:00,480,107,United Kingdom,33.0,80.0
16808,98,2,288.42,12.540000000000001,13.777480967803287,23,3,2,1,321,Standard,2011-03-10 19:05:00,2011-09-01 19:34:00,175,21,United Kingdom,61.2,87.5
16809,22,9,1727.43,6.6696138996139,5.575034383524506,259,4,5,4,454,Champions,2010-04-13 15:34:00,2011-11-16 15:45:00,582,113,United Kingdom,21.45,64.66666666666667
16810,191,2,842.04,24.765882352941176,15.790631115191147,34,2,2,3,223,Dormant,2010-10-15 15:32:00,2011-05-31 15:32:00,228,34,United Kingdom,91.8,114.0
16811,4,2,547.07,19.538214285714286,7.48846473588072,28,5,2,2,522,Standard,2011-11-22 17:19:00,2011-12-05 11:39:00,12,26,United Kingdom,35.400000000000006,6.0
16812,360,4,2392.0,20.8,20.548757208333,115,2,4,4,244,At_Risk_HighValue,2010-11-22 14:36:00,2010-12-14 12:35:00,21,98,United Kingdom,175.2,5.25
16813,7,10,1692.98,3.7705567928730512,3.9850160648991078,449,5,5,4,554,Champions,2011-05-19 13:28:00,2011-12-01 14:03:00,196,248,United Kingdom,60.48,19.6
16814,13,36,12499.710000000001,15.546902985074627,16.13946245401003,804,5,5,5,555,Champions,2010-04-11 12:45:00,2011-11-25 13:27:00,593,247,United Kingdom,135.0,16.47222222222222
16815,453,2,410.97,5.553648648648649,4.0114703942789145,74,1,2,2,122,Dormant,2010-06-21 12:05:00,2010-09-12 10:59:00,82,66,United Kingdom,17.700000000000003,41.0
16816,102,4,417.06,14.895,4.981727723502271,28,3,4,2,342,Standard,2010-12-16 17:01:00,2011-08-28 14:16:00,254,28,United Kingdom,23.4,63.5
16817,2,13,2804.9,18.575496688741723,10.287351566445837,151,5,5,4,554,Champions,2010-10-04 09:06:00,2011-12-07 11:03:00,429,107,United Kingdom,79.9,33.0
16818,10,11,3349.57,17.81686170212766,8.481907655598334,188,5,5,5,555,Champions,2011-05-18 11:42:00,2011-11-29 10:41:00,194,172,United Kingdom,59.9,17.636363636363637
16819,464,2,182.59,10.740588235294117,7.831910263936439,17,1,2,1,121,Dormant,2010-08-31 17:31:00,2010-08-31 17:37:00,0,17,United Kingdom,30.24,0.0
16820,95,1,497.61,19.138846153846153,7.655362213206153,26,3,2,2,322,Standard,2011-09-05 12:06:00,2011-09-05 12:06:00,0,26,United Kingdom,35.400000000000006,0.0
16821,381,1,113.35,16.192857142857143,4.676486267436676,7,2,2,1,221,Dormant,2010-11-23 10:04:00,2010-11-23 10:04:00,0,7,United Kingdom,23.8,0.0
16822,685,1,181.39,16.49,6.558406818732733,11,1,2,1,121,Dormant,2010-01-22 14:22:00,2010-01-22 14:22:00,0,11,United Kingdom,23.8,0.0
16823,226,7,2260.09,12.914800000000001,11.154174149865026,175,2,4,4,244,Standard,2009-12-02 09:57:00,2011-04-26 15:00:00,510,149,United Kingdom,61.2,72.85714285714286
16824,15,3,686.24,17.595897435897434,7.357249099017461,39,5,3,3,533,Loyal,2010-11-11 12:21:00,2011-11-24 12:38:00,378,34,United Kingdom,45.0,126.0
16825,38,5,1826.89,28.54515625,24.63232293772822,64,4,4,4,444,Champions,2010-06-23 13:14:00,2011-11-01 11:51:00,495,48,United Kingdom,93.6,99.0
16826,50,1,341.7,15.531818181818181,4.447351953009723,22,4,2,2,422,Standard,2011-10-19 14:05:00,2011-10-19 14:05:00,0,22,United Kingdom,24.9,0.0
16827,392,5,392.13,32.6775,46.133228435793335,12,2,4,2,242,Standard,2010-04-29 19:07:00,2010-11-11 14:04:00,195,10,United Kingdom,162.72,39.0
16828,92,2,128.5,16.0625,4.369680439443731,8,3,2,1,321,Standard,2011-08-19 13:24:00,2011-09-07 15:10:00,19,8,United Kingdom,25.200000000000003,9.5
16829,156,2,513.32,19.011851851851855,7.6853071792054255,27,3,2,2,322,Standard,2010-11-16 18:11:00,2011-07-06 10:48:00,231,25,United Kingdom,39.75,115.5
16830,38,4,1207.5,16.1,7.374292270210509,75,4,4,3,443,Loyal,2009-12-13 12:11:00,2011-11-01 11:35:00,687,65,United Kingdom,63.2,171.75
16831,564,1,91.8,15.299999999999999,3.116247743681494,6,1,2,1,121,Dormant,2010-05-24 09:08:00,2010-05-24 09:08:00,0,6,United Kingdom,19.5,0.0
16832,183,5,417.61,19.886190476190478,18.830055888443475,21,3,4,2,342,Standard,2010-09-07 12:35:00,2011-06-08 15:36:00,274,19,United Kingdom,81.36,54.8
16833,0,6,2409.04,26.18521739130435,31.957321590660964,92,5,4,4,544,Champions,2010-03-26 15:31:00,2011-12-08 14:39:00,621,87,United Kingdom,295.0,103.5
16834,227,2,898.96,18.728333333333335,11.678713739531808,48,2,3,3,233,Dormant,2010-02-03 14:24:00,2011-04-26 09:37:00,446,43,United Kingdom,81.6,223.0
16835,127,6,1538.41,17.68287356321839,8.940249451288803,87,3,4,4,344,Standard,2010-05-19 08:41:00,2011-08-03 13:50:00,441,58,United Kingdom,76.5,73.5
16836,39,4,782.37,18.627857142857142,9.695810897222772,42,4,4,3,443,Loyal,2010-05-14 12:52:00,2011-10-31 10:05:00,534,42,United Kingdom,76.32000000000001,133.5
16837,30,11,3170.98,19.218060606060607,16.5472184272533,165,4,5,5,455,Champions,2011-04-08 08:48:00,2011-11-08 14:27:00,214,123,United Kingdom,175.2,19.454545454545453
16838,196,4,1159.6100000000001,19.65440677966102,20.353322042765033,59,2,4,3,243,Standard,2010-02-14 15:27:00,2011-05-26 13:13:00,465,53,United Kingdom,165.0,116.25
16839,8,44,22310.49,62.846450704225354,58.27162218244567,355,5,5,5,555,Champions,2010-02-11 15:02:00,2011-12-01 09:03:00,657,132,United Kingdom,297.0,14.931818181818182
16840,602,2,139.85,15.538888888888888,2.5114460199476936,9,1,3,1,131,Dormant,2010-02-03 12:42:00,2010-04-15 15:48:00,71,9,United Kingdom,19.5,35.5
16841,36,12,4006.06,18.292511415525112,14.82288265101894,219,4,5,5,455,Champions,2010-01-12 11:32:00,2011-11-03 11:51:00,660,187,United Kingdom,95.2,55.0
16842,100,3,1264.19,20.066507936507936,10.432182396042109,63,3,3,4,334,Standard,2011-02-10 14:51:00,2011-08-31 10:42:00,201,45,United Kingdom,66.0,67.0
16843,42,35,19571.43,32.83796979865772,23.634650592815284,596,4,5,5,455,Champions,2009-12-10 11:40:00,2011-10-28 09:06:00,686,317,United Kingdom,187.2,19.6
16844,562,2,614.34,19.198125,9.139188019801887,32,1,3,2,132,Dormant,2010-05-06 09:16:00,2010-05-26 10:29:00,20,26,United Kingdom,53.1,10.0
16845,617,1,253.88,12.693999999999999,8.3678220772068,20,1,2,1,121,Dormant,2010-03-31 13:09:00,2010-03-31 13:09:00,0,20,United Kingdom,35.400000000000006,0.0
16846,49,3,842.41,17.923617021276595,6.018097859800783,47,4,3,3,433,Loyal,2010-03-10 12:03:00,2011-10-20 13:55:00,589,47,United Kingdom,31.6,196.33333333333334
16847,42,2,614.89,16.618648648648648,3.494289915277782,37,4,3,2,432,Standard,2010-03-31 13:32:00,2011-10-27 13:29:00,574,37,United Kingdom,25.5,287.0
16848,52,4,1411.62,16.607294117647058,5.362873338815608,85,4,4,4,444,Champions,2010-10-03 11:01:00,2011-10-18 08:42:00,379,75,United Kingdom,46.8,94.75
16849,186,1,124.57,15.57125,3.1688728843459235,8,3,2,1,321,Standard,2011-06-06 09:16:00,2011-06-06 09:16:00,0,8,United Kingdom,19.9,0.0
16850,333,1,332.41,17.495263157894737,5.999257702620895,19,2,2,2,222,Dormant,2011-01-10 11:09:00,2011-01-10 11:09:00,0,19,United Kingdom,31.6,0.0
16851,3,3,342.45,17.1225,8.670908939788566,20,5,3,2,532,HighEngagement_LowValue,2011-10-19 09:48:00,2011-12-05 13:32:00,47,17,United Kingdom,39.6,15.666666666666666
16852,9,2,144.91,16.10111111111111,10.186382385867473,9,5,3,1,531,Standard,2011-06-16 15:49:00,2011-11-29 13:22:00,165,9,United Kingdom,39.95,82.5
16854,416,2,1408.96,18.786133333333336,10.465439763404184,75,1,3,4,134,Dormant,2010-03-09 14:32:00,2010-10-18 16:31:00,223,72,United Kingdom,49.05,111.5
16855,23,2,328.40000000000003,17.284210526315793,4.943347174390011,19,4,3,2,432,Standard,2011-10-27 16:31:00,2011-11-16 12:03:00,19,19,United Kingdom,30.0,9.5
16856,14,3,358.49,18.867894736842107,6.717766311098231,19,5,3,2,532,Loyal,2010-09-23 13:11:00,2011-11-25 08:59:00,427,16,United Kingdom,35.400000000000006,142.33333333333334
16857,442,1,352.8,32.07272727272727,19.470187000082504,11,1,2,2,122,Dormant,2010-09-23 10:49:00,2010-09-23 10:49:00,0,11,United Kingdom,81.6,0.0
16858,368,10,4668.28,34.32558823529411,29.438138245397244,136,2,5,5,255,At_Risk_HighValue,2009-12-15 11:09:00,2010-12-06 09:52:00,355,75,United Kingdom,204.0,35.5
16859,144,7,1932.41,17.567363636363638,15.642962053049962,110,3,4,4,344,Standard,2010-03-04 12:37:00,2011-07-18 12:19:00,500,87,United Kingdom,120.0,71.42857142857143
16860,452,3,1610.62,37.45627906976744,37.76026489410061,43,1,3,4,134,Standard,2010-02-15 13:46:00,2010-09-13 10:05:00,209,35,United Kingdom,163.2,69.66666666666667
16861,59,5,946.59,19.318163265306122,14.045943019467309,49,3,4,3,343,Standard,2010-07-19 11:44:00,2011-10-11 09:05:00,448,39,United Kingdom,102.0,89.6
16862,546,4,662.33,18.923714285714286,9.595518588111323,35,1,4,3,143,Standard,2010-01-07 12:57:00,2010-06-10 13:05:00,154,34,United Kingdom,50.400000000000006,38.5
16863,30,3,998.52,17.830714285714286,8.587871756069795,56,4,3,3,433,Loyal,2010-10-26 10:03:00,2011-11-08 15:26:00,378,43,United Kingdom,50.0,126.0
16864,433,2,409.25,24.073529411764707,16.578923721541937,17,1,3,2,132,Dormant,2010-04-20 11:56:00,2010-10-01 16:16:00,164,17,United Kingdom,76.32000000000001,82.0
16865,401,1,130.95,8.184375,7.4308976297169735,16,2,2,1,221,Dormant,2010-11-03 11:34:00,2010-11-03 11:34:00,0,15,United Kingdom,25.5,0.0
16866,140,3,207.74,18.885454545454547,18.94801116932137,11,3,3,1,331,HighEngagement_LowValue,2011-07-01 12:34:00,2011-07-22 10:06:00,20,10,United Kingdom,45.0,6.666666666666667
16867,689,1,76.74000000000001,12.790000000000001,5.094055358945366,6,1,2,1,121,Dormant,2010-01-19 09:11:00,2010-01-19 09:11:00,0,6,United Kingdom,17.700000000000003,0.0
16868,393,3,393.39,7.285,5.997260616786665,54,2,3,2,232,Standard,2010-04-25 11:31:00,2010-11-10 13:17:00,199,47,United Kingdom,25.5,66.33333333333333
16869,22,4,825.4200000000001,6.448593750000001,6.203322291781127,128,4,4,3,443,Loyal,2011-06-17 13:01:00,2011-11-17 12:02:00,152,113,United Kingdom,40.8,38.0
16870,468,1,450.16,16.077142857142857,5.6686368190459495,28,1,2,2,122,Dormant,2010-08-27 13:53:00,2010-08-27 13:53:00,0,28,United Kingdom,30.6,0.0
16871,21,6,2812.34,20.528029197080293,12.538281489304012,137,4,4,4,444,Champions,2011-03-14 10:31:00,2011-11-17 19:27:00,248,131,United Kingdom,70.80000000000001,41.333333333333336
16872,76,6,1213.13,67.39611111111111,57.71573515071022,18,3,4,3,343,Standard,2010-09-02 17:36:00,2011-09-23 16:05:00,385,12,United Kingdom,187.2,64.16666666666667
16873,4,12,14617.39,28.54958984375,25.003007091706383,512,5,5,5,555,Champions,2010-02-09 14:17:00,2011-12-05 12:05:00,663,252,United Kingdom,350.0,55.25
16874,378,1,217.74,6.404117647058824,6.168180871088902,34,2,2,1,221,Dormant,2010-11-25 13:08:00,2010-11-25 13:08:00,0,31,United Kingdom,35.400000000000006,0.0
16875,66,11,4234.53,18.410999999999998,9.905495071932917,230,3,5,5,355,Standard,2010-01-05 09:16:00,2011-10-03 13:39:00,636,161,United Kingdom,81.6,57.81818181818182
16876,403,1,136.01,4.2503125,2.7187372357876116,32,2,2,1,221,Dormant,2010-11-01 11:59:00,2010-11-01 11:59:00,0,32,United Kingdom,10.5,0.0
16877,11,6,853.72,5.369308176100629,5.739311267229538,159,5,4,3,543,Loyal,2011-05-15 16:13:00,2011-11-27 13:47:00,195,111,United Kingdom,25.0,32.5
16878,83,1,13.3,4.433333333333334,4.435744958102679,3,3,2,1,321,Standard,2011-09-16 17:39:00,2011-09-16 17:39:00,0,3,United Kingdom,9.5,0.0
16880,30,8,1840.86,9.844171122994652,11.95339344145663,187,4,5,4,454,Champions,2010-08-03 13:54:00,2011-11-09 11:33:00,462,130,United Kingdom,121.68,57.75
16881,66,1,432.0,432.0,0.0,1,3,2,2,322,Standard,2011-10-04 10:33:00,2011-10-04 10:33:00,0,1,United Kingdom,432.0,0.0
16882,66,3,705.12,18.080000000000002,18.97854300879923,39,3,3,3,333,Standard,2011-01-26 17:43:00,2011-10-04 10:42:00,250,39,United Kingdom,119.4,83.33333333333333
16883,186,19,2396.59,8.321493055555557,9.072888022352847,288,3,5,4,354,Standard,2009-12-04 12:07:00,2011-06-05 12:51:00,548,159,United Kingdom,63.75,28.842105263157894
16884,37,4,1073.92,14.318933333333334,9.07829496036494,75,4,4,3,443,Loyal,2010-05-18 12:00:00,2011-11-02 11:52:00,532,64,United Kingdom,51.0,133.0
16885,14,4,710.74,5.005211267605634,6.204509995260753,142,5,4,3,543,Loyal,2010-11-19 12:51:00,2011-11-24 13:40:00,370,121,United Kingdom,61.2,92.5
16886,455,1,134.0,16.75,2.5258661880630178,8,1,2,1,121,Dormant,2010-09-09 15:08:00,2010-09-09 15:08:00,0,8,United Kingdom,19.8,0.0
16887,34,3,660.72,6.477647058823529,6.951443211713976,102,4,3,3,433,Loyal,2009-12-01 13:41:00,2011-11-04 14:07:00,703,94,United Kingdom,51.0,234.33333333333334
16888,400,3,437.15,8.09537037037037,8.778999322560663,54,2,3,2,232,Standard,2010-01-07 13:07:00,2010-11-04 12:39:00,300,44,United Kingdom,37.9,100.0
16889,194,6,2530.9,11.609633027522936,7.888410787319792,218,2,4,4,244,At_Risk_HighValue,2010-05-23 10:46:00,2011-05-29 11:05:00,371,163,United Kingdom,51.0,61.833333333333336
16890,476,3,285.41,15.021578947368422,20.83024890851387,19,1,3,1,131,Standard,2010-05-06 16:27:00,2010-08-20 11:23:00,105,17,United Kingdom,76.32000000000001,35.0
16891,1,11,2056.82,3.9860852713178296,3.1143253386640217,516,5,5,4,554,Champions,2009-12-04 12:37:00,2011-12-08 11:15:00,733,335,United Kingdom,17.700000000000003,66.63636363636364
16892,0,7,762.1,5.482733812949641,4.9547018813424915,139,5,4,3,543,Loyal,2009-12-08 14:20:00,2011-12-08 13:18:00,729,119,United Kingdom,25.0,104.14285714285714
16893,366,2,401.77,2.976074074074074,2.5196259780171637,135,2,3,2,232,Dormant,2010-11-28 15:14:00,2010-12-08 12:06:00,9,80,United Kingdom,12.75,4.5
16894,501,3,1324.06,6.932251308900523,4.7869053468466785,191,1,3,4,134,Standard,2010-06-22 14:21:00,2010-07-25 15:43:00,33,186,United Kingdom,30.0,11.0
16895,64,5,1121.42,6.558011695906433,9.253485614804392,171,3,4,3,343,Standard,2010-02-12 11:07:00,2011-10-06 12:15:00,601,135,United Kingdom,65.4,120.2
16896,554,1,103.95,5.775,2.8138444499004023,18,1,2,1,121,Dormant,2010-06-02 15:40:00,2010-06-02 15:40:00,0,18,United Kingdom,10.65,0.0
16897,298,2,289.78,7.831891891891891,4.507397523231385,37,2,3,1,231,Dormant,2011-01-30 11:52:00,2011-02-13 15:02:00,14,37,United Kingdom,25.5,7.0
16898,25,5,1016.37,3.468839590443686,4.023860429789685,293,4,4,3,443,Loyal,2010-05-12 12:18:00,2011-11-13 15:44:00,550,223,United Kingdom,30.6,110.0
16899,7,8,1721.02,9.61463687150838,9.922169777711623,179,5,5,4,554,Champions,2010-11-07 15:00:00,2011-12-02 12:03:00,389,101,United Kingdom,72.0,48.625
16900,16,3,887.11,11.229240506329115,7.27782190792454,79,5,3,3,533,Loyal,2011-10-07 13:17:00,2011-11-23 10:32:00,46,78,United Kingdom,46.8,15.333333333333334
16901,728,1,204.26,8.880869565217392,5.960587153081998,23,1,2,1,121,Dormant,2009-12-10 16:30:00,2009-12-10 16:30:00,0,23,United Kingdom,25.5,0.0
16902,115,1,1706.88,38.79272727272728,40.91703309185758,44,3,2,4,324,Standard,2011-08-15 14:17:00,2011-08-15 14:17:00,0,43,United Kingdom,224.25,0.0
16903,28,3,1062.28,5.590947368421053,5.556842309463327,190,4,3,3,433,Loyal,2010-10-20 14:42:00,2011-11-10 15:32:00,386,148,United Kingdom,30.0,128.66666666666666
16904,3,21,5132.37,5.226446028513238,6.797398622207925,982,5,5,5,555,Champions,2010-10-24 16:03:00,2011-12-05 13:10:00,406,484,United Kingdom,91.8,19.333333333333332
16905,4,17,5034.15,14.719736842105261,16.78220976053731,342,5,5,5,555,Champions,2009-12-10 20:04:00,2011-12-04 14:01:00,723,171,United Kingdom,122.4,42.529411764705884
16906,81,7,1448.8,6.439111111111111,9.065925220252279,225,3,4,4,344,Standard,2010-05-13 13:23:00,2011-09-19 11:49:00,493,180,United Kingdom,101.76,70.42857142857143
16907,28,9,1707.9,6.69764705882353,11.155189602682352,255,4,5,4,454,Champions,2010-07-01 17:30:00,2011-11-10 18:04:00,497,109,United Kingdom,78.96000000000001,55.22222222222222
16908,721,1,252.59,12.6295,22.80666418650017,20,1,2,1,121,Dormant,2009-12-17 13:35:00,2009-12-17 13:35:00,0,20,United Kingdom,108.9,0.0
16909,71,1,379.14,21.063333333333333,16.130471347184894,18,3,2,2,322,Standard,2011-09-28 16:45:00,2011-09-28 16:45:00,0,18,United Kingdom,77.75999999999999,0.0
16910,3,8,1510.06,2.7606215722120657,2.6427176837107527,547,5,5,4,554,Champions,2011-09-09 14:14:00,2011-12-05 12:51:00,86,318,United Kingdom,19.9,10.75
16911,635,2,255.25,7.292857142857143,5.791311225818013,35,1,3,1,131,Dormant,2010-02-16 16:12:00,2010-03-14 12:18:00,25,30,United Kingdom,29.700000000000003,12.5
16912,28,15,4480.31,25.897745664739887,14.525547225974218,173,4,5,5,455,Champions,2009-12-09 12:32:00,2011-11-11 12:18:00,701,130,United Kingdom,76.5,46.733333333333334
16913,289,3,423.91,23.550555555555558,39.48654059180795,18,2,3,2,232,Standard,2010-02-26 12:06:00,2011-02-22 12:56:00,361,18,United Kingdom,126.0,120.33333333333333
16914,35,1,208.46,5.4857894736842105,9.197461057293298,38,4,2,1,421,Standard,2011-11-03 15:27:00,2011-11-03 15:27:00,0,25,United Kingdom,50.0,0.0
16915,8,11,1543.18,20.853783783783786,33.89708528717932,74,5,5,4,554,Champions,2010-05-19 13:32:00,2011-11-30 16:39:00,560,54,United Kingdom,149.85000000000002,50.90909090909091
16916,23,4,1123.4,4.255303030303031,3.696417428939021,264,4,4,3,443,Loyal,2010-10-20 12:56:00,2011-11-16 12:08:00,391,180,United Kingdom,19.9,97.75
16917,276,2,1857.83,36.428039215686276,29.795344134250765,51,2,3,4,234,Dormant,2010-03-17 15:24:00,2011-03-08 11:55:00,355,45,United Kingdom,122.4,177.5
16918,49,16,3213.29,7.031269146608315,6.027601328198433,457,4,5,5,455,Champions,2009-12-03 12:27:00,2011-10-21 12:50:00,687,280,United Kingdom,38.25,42.9375
16919,155,24,5125.91,8.009234375,7.76918475821416,640,3,5,5,355,Standard,2010-08-19 15:28:00,2011-07-06 13:35:00,320,230,United Kingdom,67.5,13.333333333333334
16920,410,1,355.45,15.454347826086956,10.573884134588369,23,1,2,2,122,Dormant,2010-10-24 14:07:00,2010-10-24 14:07:00,0,23,United Kingdom,51.0,0.0
16921,60,3,446.67,4.701789473684211,5.836771546228853,95,3,3,2,332,Standard,2010-04-18 15:34:00,2011-10-09 16:22:00,539,78,United Kingdom,45.0,179.66666666666666
16922,572,1,611.08,5.008852459016394,3.250852957803285,122,1,2,2,122,Dormant,2010-05-16 11:24:00,2010-05-16 11:24:00,0,122,United Kingdom,15.95,0.0
16923,11,32,13378.36,11.818339222614842,12.783673961840291,1132,5,5,5,555,Champions,2010-01-31 11:14:00,2011-11-27 13:00:00,665,431,United Kingdom,150.0,20.78125
16924,20,3,846.75,10.201807228915662,9.399977574516363,83,4,3,3,433,Loyal,2011-09-16 12:54:00,2011-11-18 12:53:00,62,69,United Kingdom,49.5,20.666666666666668
16925,539,1,125.65,6.980555555555556,4.745590488544847,18,1,2,1,121,Dormant,2010-06-17 15:03:00,2010-06-17 15:03:00,0,18,United Kingdom,17.0,0.0
16926,370,5,1421.35,12.46798245614035,10.722275149849029,114,2,4,4,244,Standard,2010-07-01 12:57:00,2010-12-03 13:42:00,155,63,United Kingdom,79.9,31.0
16927,115,3,543.05,90.50833333333333,88.0855176329609,6,3,3,2,332,Standard,2010-12-13 11:57:00,2011-08-16 11:10:00,245,5,United Kingdom,201.6,81.66666666666667
16928,79,29,4113.23,12.278298507462685,13.191864319420656,335,3,5,5,355,Standard,2010-02-03 12:30:00,2011-09-20 15:10:00,594,135,United Kingdom,79.95,20.482758620689655
16929,3,7,1295.39,16.823246753246753,6.436505557643438,77,5,4,4,544,Champions,2011-07-07 12:39:00,2011-12-06 08:37:00,151,51,United Kingdom,39.6,21.571428571428573
16930,25,3,380.55,7.0472222222222225,9.215928257522341,54,4,3,2,432,Loyal,2011-10-02 14:25:00,2011-11-13 16:13:00,42,47,United Kingdom,51.0,14.0
16931,4,23,5233.62,5.228391608391608,4.1197388886298985,1001,5,5,5,555,Champions,2010-11-07 13:24:00,2011-12-04 13:15:00,391,466,United Kingdom,29.700000000000003,17.0
16932,52,3,440.71,3.060486111111111,3.2236200668611814,144,4,3,2,432,Loyal,2010-05-17 14:15:00,2011-10-17 14:12:00,517,116,United Kingdom,19.0,172.33333333333334
16933,0,9,3181.25,10.969827586206897,10.85054121262386,290,5,5,5,555,Champions,2009-12-09 15:03:00,2011-12-08 12:54:00,728,213,United Kingdom,81.6,80.88888888888889
16934,54,6,2110.9900000000002,14.762167832167833,8.233938538692039,143,4,4,4,444,Champions,2010-03-28 12:43:00,2011-10-16 12:40:00,566,128,United Kingdom,44.94,94.33333333333333
16935,381,3,535.1,7.33013698630137,7.946119684256568,73,2,3,2,232,Standard,2010-10-14 13:09:00,2010-11-23 09:16:00,39,55,United Kingdom,26.55,13.0
16936,25,2,551.17,3.909007092198581,3.6366780966317007,141,4,3,2,432,Standard,2010-11-19 11:54:00,2011-11-14 11:04:00,359,122,United Kingdom,20.8,179.5
16937,498,1,202.1,3.9627450980392154,2.8991695903698864,51,1,2,1,121,Dormant,2010-07-28 17:56:00,2010-07-28 17:56:00,0,49,United Kingdom,17.85,0.0
16938,8,9,7043.18,8.424856459330144,29.18616024419333,836,5,5,5,555,Champions,2010-02-17 14:47:00,2011-12-01 10:20:00,651,547,United Kingdom,833.2500000000001,72.33333333333333
16939,488,3,449.0,10.204545454545455,8.559285031689258,44,1,3,2,132,Standard,2010-02-28 13:33:00,2010-08-08 12:24:00,160,38,United Kingdom,44.25,53.333333333333336
16940,51,8,6427.66,10.218855325914149,7.87309618841872,629,4,5,5,455,Champions,2009-12-08 13:08:00,2011-10-18 13:15:00,679,360,United Kingdom,67.05,84.875
16941,611,1,33.0,16.5,1.6970562748477167,2,1,2,1,121,Dormant,2010-04-07 11:13:00,2010-04-07 11:13:00,0,2,United Kingdom,17.700000000000003,0.0
16942,12,9,1920.59,6.834839857651246,5.82682191550223,281,5,5,4,554,Champions,2011-04-26 11:59:00,2011-11-27 12:40:00,215,159,United Kingdom,47.7,23.88888888888889
16943,211,5,1299.49,37.12828571428572,52.74935731338148,35,2,4,4,244,Standard,2010-03-25 13:34:00,2011-05-12 11:57:00,412,24,United Kingdom,241.38,82.4
16944,609,1,101.36,14.48,2.44840083864278,7,1,2,1,121,Dormant,2010-04-09 11:03:00,2010-04-09 11:03:00,0,7,United Kingdom,17.0,0.0
16945,21,33,8548.16,18.03409282700422,13.34205150616111,474,4,5,5,455,Champions,2009-12-09 11:33:00,2011-11-18 11:39:00,709,231,United Kingdom,165.0,21.484848484848484
16946,382,5,1222.04,16.293866666666666,7.581850464660223,75,2,4,3,243,Standard,2010-03-02 10:49:00,2010-11-21 14:06:00,264,69,United Kingdom,45.0,52.8
16947,235,5,955.21,18.022830188679247,8.403904169939866,53,2,4,3,243,Standard,2010-03-03 10:54:00,2011-04-18 09:38:00,410,50,United Kingdom,45.0,82.0
16948,138,7,868.77,20.203953488372093,12.885269208255362,43,3,4,3,343,Standard,2010-02-21 13:48:00,2011-07-24 12:46:00,517,20,United Kingdom,50.4,73.85714285714286
16949,3,6,1286.27,21.437833333333334,43.55813769702245,60,5,4,4,544,Champions,2011-01-27 12:11:00,2011-12-06 11:07:00,312,57,United Kingdom,250.0,52.0
16950,56,10,3784.37,25.229133333333333,20.467094033350758,150,4,5,5,455,Champions,2010-01-24 11:26:00,2011-10-14 09:06:00,627,111,United Kingdom,163.2,62.7
16951,134,3,1277.75,14.857558139534884,7.25933102347212,86,3,3,4,334,Standard,2011-02-08 14:58:00,2011-07-28 12:05:00,169,73,United Kingdom,47.85,56.333333333333336
16952,108,5,798.78,9.077045454545454,8.296124307569514,88,3,4,3,343,Standard,2009-12-11 13:52:00,2011-08-22 13:03:00,618,76,United Kingdom,42.5,123.6
16953,29,1,20.8,20.8,0.0,1,4,2,1,421,Standard,2011-11-09 15:54:00,2011-11-09 15:54:00,0,1,United Kingdom,20.8,0.0
16954,0,20,6081.88,29.52368932038835,28.296049831710025,206,5,5,5,555,Champions,2010-01-18 14:49:00,2011-12-09 09:46:00,689,83,United Kingdom,141.60000000000002,34.45
16955,184,6,1309.41,22.972105263157896,16.690948545420202,57,3,4,4,344,Standard,2010-01-31 11:38:00,2011-06-08 10:36:00,492,33,United Kingdom,76.32000000000001,82.0
16956,17,1,308.74,19.29625,12.119123661937497,16,5,2,2,522,Standard,2011-11-22 08:56:00,2011-11-22 08:56:00,0,16,United Kingdom,59.8,0.0
16957,238,2,416.64,26.04,17.91356283192524,16,2,3,2,232,Dormant,2011-03-03 09:25:00,2011-04-14 13:56:00,42,15,United Kingdom,79.2,21.0
16958,434,1,809.44,10.93837837837838,8.700782365550626,74,1,2,3,123,Dormant,2010-09-30 14:25:00,2010-09-30 14:25:00,0,69,United Kingdom,37.5,0.0
16959,86,1,117.35000000000001,16.764285714285716,9.243813890277934,7,3,2,1,321,Standard,2011-09-13 15:03:00,2011-09-13 15:03:00,0,7,United Kingdom,30.0,0.0
16960,38,8,2043.43,4.347723404255319,3.7738954847948154,470,4,5,4,454,Champions,2010-03-02 13:36:00,2011-11-01 11:35:00,608,334,United Kingdom,31.200000000000003,76.0
16961,115,3,794.56,15.28,4.961633981331744,52,3,3,3,333,Standard,2010-06-25 14:36:00,2011-08-15 13:46:00,415,52,United Kingdom,30.0,138.33333333333334
16962,409,1,251.04,16.736,4.789282379885917,15,2,2,1,221,Dormant,2010-10-26 11:36:00,2010-10-26 11:36:00,0,15,United Kingdom,27.04,0.0
16963,186,1,110.55000000000001,15.792857142857144,1.9685926807892862,7,3,2,1,321,Standard,2011-06-05 13:48:00,2011-06-05 13:48:00,0,7,United Kingdom,17.700000000000003,0.0
16964,732,2,207.85,34.641666666666666,33.982472197688416,6,1,3,1,131,Dormant,2009-12-06 12:51:00,2009-12-06 12:53:00,0,6,United Kingdom,88.19999999999999,0.0
16965,226,1,201.19,7.738076923076923,8.33288714395234,26,2,2,1,221,Dormant,2011-04-27 12:08:00,2011-04-27 12:08:00,0,26,United Kingdom,31.32,0.0
16966,7,7,2154.97,76.96321428571427,61.485139851992265,28,5,4,4,544,Champions,2011-04-13 14:17:00,2011-12-01 13:40:00,231,8,United Kingdom,312.0,33.0
16967,188,1,319.02,15.19142857142857,6.26828069386996,21,3,2,2,322,Standard,2011-06-03 14:24:00,2011-06-03 14:24:00,0,21,United Kingdom,34.8,0.0
16968,3,2,439.43,14.175161290322581,5.541722879494994,31,5,3,2,532,Standard,2011-08-24 10:51:00,2011-12-05 15:02:00,103,31,United Kingdom,24.75,51.5
16969,38,3,650.41,15.48595238095238,7.376782317754184,42,4,3,3,433,Loyal,2011-06-01 12:10:00,2011-10-31 13:12:00,152,42,United Kingdom,47.7,50.666666666666664
16970,625,1,71.4,35.7,0.0,2,1,2,1,121,Dormant,2010-03-23 13:50:00,2010-03-23 13:50:00,0,2,United Kingdom,35.7,0.0
16971,37,1,357.21,8.712439024390243,19.17886203356286,41,4,2,2,422,Standard,2011-11-01 15:06:00,2011-11-01 15:06:00,0,40,United Kingdom,125.0,0.0
16972,382,2,786.25,8.934659090909092,9.704271952873059,88,2,3,3,233,Dormant,2010-09-09 11:20:00,2010-11-22 10:59:00,73,54,United Kingdom,83.4,36.5
16973,385,1,127.0,21.166666666666668,4.0824829046386295,6,2,2,1,221,Dormant,2010-11-18 13:56:00,2010-11-18 13:56:00,0,6,United Kingdom,29.5,0.0
16974,522,2,365.5,45.6875,28.478171465176622,8,1,3,2,132,Dormant,2010-05-24 10:43:00,2010-07-05 10:18:00,41,5,United Kingdom,89.25,20.5
16975,422,3,926.12,20.580444444444446,19.658889379010244,45,1,3,3,133,Standard,2010-07-22 11:38:00,2010-10-12 17:53:00,82,44,United Kingdom,102.0,27.333333333333332
16976,266,1,251.51999999999998,125.75999999999999,69.91871852372581,2,2,2,1,221,Dormant,2011-03-17 16:33:00,2011-03-17 16:33:00,0,2,United Kingdom,175.2,0.0
16977,394,4,496.0,17.714285714285715,12.45681322679263,28,2,4,2,242,Standard,2010-03-18 11:06:00,2010-11-09 13:17:00,236,25,United Kingdom,53.7,59.0
16978,77,3,768.88,11.475820895522387,16.50219371544223,67,3,3,3,333,Standard,2010-02-11 16:27:00,2011-09-23 12:50:00,588,65,United Kingdom,99.75,196.0
16979,3,9,2859.74,22.168527131782945,21.397602125471003,129,5,5,4,554,Champions,2010-09-15 14:30:00,2011-12-06 12:21:00,446,82,United Kingdom,175.2,49.55555555555556
16980,254,3,1473.33,13.154732142857142,22.862753609972458,112,2,3,4,234,Standard,2010-10-07 14:05:00,2011-03-29 16:36:00,173,91,United Kingdom,233.2,57.666666666666664
16982,60,1,384.06,17.457272727272727,4.304214083251305,22,3,2,2,322,Standard,2011-10-10 12:28:00,2011-10-10 12:28:00,0,22,United Kingdom,25.200000000000003,0.0
16983,12,11,3710.2200000000003,14.900481927710844,13.033188983874583,249,5,5,5,555,Champions,2010-09-19 12:38:00,2011-11-27 12:10:00,433,151,United Kingdom,76.32000000000001,39.36363636363637
16984,87,9,10754.8,9.492321270962046,10.69097525668714,1133,3,5,5,355,Standard,2010-03-07 15:34:00,2011-09-12 13:43:00,553,669,United Kingdom,111.0,61.44444444444444
16985,16,23,10923.16,44.95127572016461,41.082631532742276,243,5,5,5,555,Champions,2009-12-10 13:34:00,2011-11-22 13:33:00,711,130,United Kingdom,295.0,30.91304347826087
16986,29,11,4888.75,28.096264367816094,134.83557038436737,174,4,5,5,455,Champions,2010-02-04 14:46:00,2011-11-10 11:55:00,643,65,United Kingdom,1790.0,58.45454545454545
16987,2,11,2535.9,9.533458646616541,13.919115160833591,266,5,5,4,554,Champions,2009-12-02 14:34:00,2011-12-06 17:26:00,734,155,United Kingdom,187.0,66.72727272727273
16988,4,2,382.67,19.1335,6.636483909737937,20,5,3,2,532,Standard,2010-11-25 09:22:00,2011-12-04 16:02:00,374,20,United Kingdom,33.0,187.0
16989,6,6,1133.25,94.4375,47.80505453021012,12,5,4,3,543,Loyal,2011-07-12 09:11:00,2011-12-02 16:39:00,143,7,United Kingdom,178.20000000000002,23.833333333333332
16990,218,2,344.0,172.0,9.899494936611665,2,2,3,2,232,Dormant,2010-10-13 11:42:00,2011-05-05 08:30:00,203,1,United Kingdom,179.0,101.5
16991,420,1,1041.21,14.070405405405406,8.864391817781325,74,1,2,3,123,Dormant,2010-10-14 14:08:00,2010-10-14 14:08:00,0,74,United Kingdom,67.5,0.0
16992,10,13,5476.5,19.21578947368421,9.869346580567209,285,5,5,5,555,Champions,2010-02-11 12:36:00,2011-11-29 11:50:00,655,212,United Kingdom,79.95,50.38461538461539
16993,463,2,1950.95,69.67678571428571,50.55797823647409,28,1,3,4,134,Dormant,2010-05-12 13:55:00,2010-09-02 12:16:00,112,19,United Kingdom,262.79999999999995,56.0
16996,29,9,2123.61,28.3148,17.94279825113912,75,4,5,4,454,Champions,2010-10-18 12:24:00,2011-11-09 16:43:00,387,32,United Kingdom,102.0,43.0
16997,287,3,702.0,58.5,34.28291384666977,12,2,3,3,233,Standard,2011-01-18 11:51:00,2011-02-24 17:28:00,37,7,United Kingdom,97.5,12.333333333333334
16998,149,5,402.0,67.0,71.58466316188125,6,3,4,2,342,Standard,2010-09-21 14:39:00,2011-07-13 09:44:00,294,2,United Kingdom,189.6,58.8
16999,22,2,484.82,21.07913043478261,34.68812947511315,23,4,3,2,432,Standard,2011-09-26 15:43:00,2011-11-16 13:53:00,50,21,United Kingdom,179.0,25.0
17000,395,2,406.3,13.543333333333333,14.761858899234864,30,2,3,2,232,Dormant,2010-10-27 14:16:00,2010-11-08 13:35:00,11,26,United Kingdom,47.2,5.5
17001,0,19,6640.8,24.148363636363637,12.769725826246429,275,5,5,5,555,Champions,2010-03-25 12:41:00,2011-12-09 09:38:00,623,108,United Kingdom,68.0,32.78947368421053
17002,85,7,2571.55,30.613690476190477,21.414389587308264,84,3,4,4,344,Standard,2010-03-08 15:46:00,2011-09-15 12:40:00,555,64,United Kingdom,122.4,79.28571428571429
17003,401,4,830.16,7.4121428571428565,7.35515550372067,112,2,4,3,243,Standard,2010-05-10 11:20:00,2010-11-02 13:15:00,176,90,United Kingdom,42.0,44.0
17004,45,4,2425.16,34.64514285714286,40.15344978565903,70,4,4,4,444,Champions,2010-10-11 15:43:00,2011-10-24 14:25:00,377,48,United Kingdom,268.2,94.25
17005,470,2,742.36,37.118,28.55283313438441,20,1,3,3,133,Dormant,2010-04-30 10:55:00,2010-08-26 10:57:00,118,14,United Kingdom,103.68,59.0
17006,4,8,1636.32,12.587076923076923,14.18750746726048,130,5,5,4,554,Champions,2010-03-05 13:33:00,2011-12-05 12:09:00,639,103,United Kingdom,74.25,79.875
17007,50,7,1120.1000000000001,16.717910447761195,9.816766044253907,67,4,4,3,443,Loyal,2010-09-28 13:51:00,2011-10-20 10:47:00,386,63,United Kingdom,74.25,55.142857142857146
17008,428,1,81.36,81.36,0.0,1,1,2,1,121,Dormant,2010-10-06 15:19:00,2010-10-06 15:19:00,0,1,United Kingdom,81.36,0.0
17009,550,1,242.06,22.005454545454544,18.76765161848246,11,1,2,1,121,Dormant,2010-06-06 16:01:00,2010-06-06 16:01:00,0,10,United Kingdom,61.44,0.0
17010,17,1,195.36,17.76,8.527855533485544,11,5,2,1,521,Standard,2011-11-21 14:49:00,2011-11-21 14:49:00,0,11,United Kingdom,39.6,0.0
17011,29,3,671.7,23.989285714285717,23.01669570012996,28,4,3,3,433,Loyal,2010-02-26 09:47:00,2011-11-09 13:30:00,621,27,United Kingdom,135.0,207.0
17012,724,1,384.16,9.146666666666667,7.862388908569297,42,1,2,2,122,Dormant,2009-12-14 17:34:00,2009-12-14 17:34:00,0,34,United Kingdom,30.0,0.0
17014,7,3,586.33,7.923378378378379,10.640131871289482,74,5,3,2,532,Loyal,2011-10-04 11:36:00,2011-12-01 14:09:00,58,63,United Kingdom,59.0,19.333333333333332
17015,28,3,1842.56,8.491059907834101,7.313073673673719,217,4,3,4,434,Loyal,2011-06-07 13:19:00,2011-11-11 10:45:00,156,182,United Kingdom,35.400000000000006,52.0
17016,576,1,552.4,13.473170731707317,11.401453293116713,41,1,2,2,122,Dormant,2010-05-12 12:32:00,2010-05-12 12:32:00,0,41,United Kingdom,51.0,0.0
17017,2,29,14110.61,33.27974056603774,24.554740538463417,424,5,5,5,555,Champions,2009-12-03 13:22:00,2011-12-07 09:32:00,733,120,United Kingdom,204.0,25.275862068965516
17018,40,6,2287.7,61.82972972972973,23.590980678415416,37,4,4,4,444,Champions,2009-12-05 10:27:00,2011-10-30 11:42:00,694,26,United Kingdom,130.8,115.66666666666667
17019,10,11,4012.2,5.627208976157083,6.347487376228488,713,5,5,5,555,Champions,2009-12-02 11:52:00,2011-11-28 13:06:00,726,344,United Kingdom,64.9,66.0
17020,541,2,935.62,13.559710144927536,3.3993900711634994,69,1,3,3,133,Dormant,2010-03-03 12:27:00,2010-06-15 13:06:00,104,64,United Kingdom,23.4,52.0
17021,441,6,1182.22,24.629583333333333,21.594710439633854,48,1,4,3,143,Standard,2010-04-29 20:05:00,2010-09-23 20:01:00,146,35,United Kingdom,106.2,24.333333333333332
17022,30,2,260.0,16.25,12.775457721741324,16,4,3,1,431,Standard,2010-10-03 10:27:00,2011-11-08 17:09:00,401,16,United Kingdom,59.7,200.5
17023,416,3,800.1800000000001,16.330204081632655,5.697085325627746,49,1,3,3,133,Standard,2010-01-11 15:09:00,2010-10-18 15:37:00,280,48,United Kingdom,35.400000000000006,93.33333333333333
17024,44,3,95.85,31.95,7.32512798523002,3,4,3,1,431,HighEngagement_LowValue,2011-07-05 09:31:00,2011-10-25 13:47:00,112,2,United Kingdom,39.6,37.333333333333336
17025,60,5,1510.64,35.96761904761905,39.03778949719036,42,3,4,4,344,Standard,2010-03-08 13:37:00,2011-10-10 09:06:00,580,31,United Kingdom,244.08,116.0
17026,184,3,208.98000000000002,26.122500000000002,38.78369935571239,8,3,3,1,331,HighEngagement_LowValue,2010-10-18 15:22:00,2011-06-07 14:28:00,231,4,United Kingdom,121.68,77.0
17027,78,9,1327.11,7.135,10.029603654156004,186,3,5,4,354,Standard,2009-12-10 12:10:00,2011-09-22 12:24:00,651,126,United Kingdom,99.9,72.33333333333333
17028,580,3,1593.83,16.777157894736842,7.4936295871692025,95,1,3,4,134,Standard,2009-12-18 14:28:00,2010-05-07 15:33:00,140,85,United Kingdom,59.400000000000006,46.666666666666664
17029,110,7,2137.3,73.7,109.13910766278315,29,3,4,4,344,Standard,2010-02-14 10:19:00,2011-08-21 11:06:00,553,19,United Kingdom,358.0,79.0
17030,63,1,146.87,13.351818181818182,7.166989351438745,11,3,2,1,321,Standard,2011-10-07 08:49:00,2011-10-07 08:49:00,0,11,United Kingdom,30.0,0.0
17031,11,6,2773.85,55.477,54.55735720789822,50,5,4,4,544,Champions,2010-05-07 14:52:00,2011-11-28 10:23:00,569,34,United Kingdom,165.0,94.83333333333333
17032,547,8,3004.6,12.571548117154812,8.98948936379785,239,1,5,5,155,At_Risk_HighValue,2009-12-10 15:36:00,2010-06-10 12:16:00,181,183,United Kingdom,63.75,22.625
17033,85,4,1332.79,33.31975,44.45851240850197,40,3,4,4,344,Standard,2010-11-07 12:55:00,2011-09-14 14:34:00,311,33,United Kingdom,254.4,77.75
17034,15,5,1283.92,21.76135593220339,14.523666709253309,59,5,4,4,544,Champions,2010-07-14 12:55:00,2011-11-23 15:14:00,497,49,United Kingdom,75.0,99.4
17035,245,4,613.59,18.593636363636364,11.18996950905749,33,2,4,2,242,Standard,2009-12-03 10:37:00,2011-04-08 11:23:00,491,29,United Kingdom,59.4,122.75
17036,382,1,176.9,14.741666666666667,7.716064509525016,12,2,2,1,221,Dormant,2010-11-21 14:26:00,2010-11-21 14:26:00,0,12,United Kingdom,30.0,0.0
17037,87,1,1267.32,16.8976,5.3271032745102,75,3,2,4,324,Standard,2011-09-13 12:49:00,2011-09-13 12:49:00,0,75,United Kingdom,30.6,0.0
17038,29,2,743.17,11.796349206349205,9.15088807634349,63,4,3,3,433,Standard,2010-10-20 16:04:00,2011-11-09 13:50:00,384,61,United Kingdom,40.56,192.0
17039,603,1,1954.99,44.43159090909091,42.98545805719525,44,1,2,4,124,Dormant,2010-04-14 12:56:00,2010-04-14 12:56:00,0,44,United Kingdom,170.0,0.0
17040,137,2,463.25,28.953125,44.91875610013408,16,3,3,2,332,Standard,2010-06-07 15:08:00,2011-07-25 10:19:00,412,15,United Kingdom,175.2,206.0
17041,26,6,1686.28,13.071937984496124,7.335945755055994,129,4,4,4,444,Champions,2010-04-18 14:25:00,2011-11-13 11:21:00,573,93,United Kingdom,35.400000000000006,95.5
17042,2,5,1044.38,10.656938775510206,7.666506806542967,98,5,4,3,543,Loyal,2011-04-06 14:53:00,2011-12-07 12:26:00,244,74,United Kingdom,40.56,48.8
17043,31,8,2616.55,12.763658536585366,15.778174264411115,205,4,5,4,454,Champions,2009-12-09 15:20:00,2011-11-07 15:33:00,698,175,United Kingdom,175.2,87.25
17044,24,12,11962.300000000001,80.28389261744967,45.538508440235105,149,4,5,5,455,Champions,2009-12-07 12:25:00,2011-11-14 14:28:00,707,92,United Kingdom,225.0,58.916666666666664
17045,112,5,827.6800000000001,15.616603773584908,14.76988801887088,53,3,4,3,343,Standard,2010-10-06 14:52:00,2011-08-18 17:09:00,316,44,United Kingdom,79.9,63.2
17046,156,5,1906.07,22.42435294117647,17.630988307053958,85,3,4,4,344,Standard,2010-03-29 13:46:00,2011-07-05 14:24:00,463,76,United Kingdom,101.76,92.6
17047,84,6,2289.23,16.121338028169014,5.6159581676011205,142,3,4,4,344,Standard,2009-12-08 08:48:00,2011-09-15 13:27:00,646,114,United Kingdom,39.8,107.66666666666667
17048,117,7,2071.68,20.51168316831683,15.652005179484634,101,3,4,4,344,Standard,2010-01-18 13:55:00,2011-08-14 11:49:00,572,88,United Kingdom,94.8,81.71428571428571
17049,2,19,9947.48,17.795134168157425,13.300527057558604,559,5,5,5,555,Champions,2010-03-04 10:23:00,2011-12-07 10:48:00,643,316,United Kingdom,250.0,33.8421052631579
17050,95,11,4691.79,13.142268907563025,21.35038836463504,357,3,5,5,355,Standard,2010-01-26 14:54:00,2011-09-04 13:48:00,585,193,United Kingdom,300.13,53.18181818181818
17051,193,4,714.39,4.550254777070063,4.939632492953477,157,2,4,3,243,Standard,2010-03-21 14:55:00,2011-05-29 14:13:00,433,107,United Kingdom,29.25,108.25
17052,27,1,413.75,4.497282608695652,5.994983636205819,92,4,2,2,422,Standard,2011-11-11 14:50:00,2011-11-11 14:50:00,0,72,United Kingdom,45.0,0.0
17053,130,1,498.48,38.34461538461539,16.529364081024923,13,3,2,2,322,Standard,2011-08-01 10:23:00,2011-08-01 10:23:00,0,13,United Kingdom,65.69999999999999,0.0
17054,27,5,1356.33,16.34132530120482,8.673253077932424,83,4,4,4,444,Champions,2011-04-08 13:14:00,2011-11-11 12:56:00,216,64,United Kingdom,65.4,43.2
17055,445,1,239.55,7.985,7.743586333885924,30,1,2,1,121,Dormant,2010-09-20 12:21:00,2010-09-20 12:21:00,0,24,United Kingdom,30.6,0.0
17056,737,1,128.60000000000002,16.075000000000003,27.607749947122766,8,1,2,1,121,Dormant,2009-12-01 12:55:00,2009-12-01 12:55:00,0,8,United Kingdom,83.4,0.0
17057,595,1,294.74,5.8948,5.319559687164542,50,1,2,2,122,Dormant,2010-04-22 19:21:00,2010-04-22 19:21:00,0,48,United Kingdom,27.04,0.0
17058,81,3,1179.89,19.030483870967743,8.679344129375735,62,3,3,3,333,Standard,2011-04-14 09:18:00,2011-09-19 10:13:00,158,51,United Kingdom,41.7,52.666666666666664
17059,29,9,5602.53,6.661747919143876,6.38294872618772,841,4,5,5,455,Champions,2010-01-26 14:43:00,2011-11-10 12:27:00,652,349,United Kingdom,70.80000000000001,72.44444444444444
17060,265,1,234.24,46.848,59.477546351543445,5,2,2,1,221,Dormant,2011-03-18 13:27:00,2011-03-18 13:27:00,0,5,United Kingdom,152.64,0.0
17061,73,11,5232.2300000000005,52.850808080808086,63.89261749818137,99,3,5,5,355,Standard,2011-04-21 13:29:00,2011-09-27 11:24:00,158,57,United Kingdom,415.00000000000006,14.363636363636363
17062,313,6,1208.22,7.3671951219512195,5.2640967680865955,164,2,4,3,243,Standard,2010-09-26 11:57:00,2011-01-30 11:01:00,125,82,United Kingdom,25.5,20.833333333333332
17063,20,13,3638.53,17.748926829268292,8.592088518932336,205,4,5,5,455,Champions,2009-12-01 12:36:00,2011-11-18 16:19:00,717,150,United Kingdom,50.400000000000006,55.15384615384615
17064,58,3,859.35,13.860483870967743,10.539122654159014,62,4,3,3,433,Loyal,2011-01-16 16:10:00,2011-10-12 10:18:00,268,53,United Kingdom,76.5,89.33333333333333
17065,637,2,194.7,16.224999999999998,20.481338512722438,12,1,3,1,131,Dormant,2010-03-12 11:40:00,2010-03-12 11:41:00,0,6,United Kingdom,59.7,0.0
17066,725,1,228.34,12.685555555555556,8.184245426587253,18,1,2,1,121,Dormant,2009-12-13 13:24:00,2009-12-13 13:24:00,0,17,United Kingdom,29.700000000000003,0.0
17067,724,3,454.54,34.964615384615385,20.32248041594358,13,1,3,2,132,Standard,2009-12-08 12:03:00,2009-12-15 08:39:00,6,8,United Kingdom,76.32000000000001,2.0
17068,11,47,9161.08,8.9463671875,7.197318285607338,1024,5,5,5,555,Champions,2010-03-28 14:26:00,2011-11-27 13:14:00,608,250,United Kingdom,85.0,12.936170212765957
17069,27,14,5794.28,19.641627118644067,12.821106617390726,295,4,5,5,455,Champions,2009-12-03 12:27:00,2011-11-11 17:13:00,708,202,United Kingdom,122.4,50.57142857142857
17070,113,2,445.32,4.241142857142857,4.15543951074643,105,3,3,2,332,Standard,2010-10-25 15:57:00,2011-08-17 17:01:00,296,102,United Kingdom,23.8,148.0
17071,27,13,3801.2000000000003,17.930188679245283,10.841548566495543,212,4,5,5,455,Champions,2010-01-24 13:05:00,2011-11-11 16:31:00,656,141,United Kingdom,60.0,50.46153846153846
17072,624,1,282.05,12.820454545454545,7.803306062037776,22,1,2,1,121,Dormant,2010-03-24 16:33:00,2010-03-24 16:33:00,0,20,United Kingdom,34.8,0.0
17073,17,4,1446.09,8.310862068965516,6.503015383584061,174,5,4,4,544,Champions,2011-08-22 14:37:00,2011-11-22 11:47:00,91,142,United Kingdom,34.65,22.75
17074,562,1,203.05,50.7625,37.85928716972891,4,1,2,1,121,Dormant,2010-05-26 12:04:00,2010-05-26 12:04:00,0,4,United Kingdom,89.25,0.0
17075,17,10,2241.73,11.20865,8.8911739126634,200,5,5,4,554,Champions,2009-12-14 11:24:00,2011-11-22 11:58:00,708,153,United Kingdom,59.5,70.8
17076,35,6,1242.75,24.855,19.550575360811646,50,4,4,3,443,Loyal,2009-12-04 12:12:00,2011-11-03 17:53:00,699,31,United Kingdom,76.32000000000001,116.5
17077,577,1,306.0,306.0,0.0,1,1,2,2,122,Dormant,2010-05-10 16:36:00,2010-05-10 16:36:00,0,1,United Kingdom,306.0,0.0
17078,35,2,378.2,13.507142857142856,17.697888523805833,28,4,3,2,432,Standard,2011-11-03 18:49:00,2011-11-03 19:17:00,0,28,United Kingdom,61.2,0.0
17079,77,1,118.80000000000001,59.400000000000006,0.0,2,3,2,1,321,Standard,2011-09-22 15:34:00,2011-09-22 15:34:00,0,2,United Kingdom,59.400000000000006,0.0
17080,21,7,957.53,29.016060606060606,17.04234797852726,33,4,4,3,443,Loyal,2010-07-01 16:03:00,2011-11-17 12:59:00,503,26,United Kingdom,76.32000000000001,71.85714285714286
17081,24,6,964.39,4.506495327102804,4.026717620563019,214,4,4,3,443,Loyal,2010-02-22 13:19:00,2011-11-14 12:56:00,629,166,United Kingdom,25.5,104.83333333333333
17082,32,6,4732.03,27.835470588235292,23.113411718232477,170,4,4,5,445,Champions,2009-12-15 11:25:00,2011-11-06 15:17:00,691,117,United Kingdom,250.0,115.16666666666667
17083,108,9,4049.79,35.2155652173913,34.51891724408579,115,3,5,5,355,Standard,2010-02-09 11:46:00,2011-08-22 15:43:00,559,30,United Kingdom,150.0,62.111111111111114
17084,34,3,5202.97,17.6971768707483,11.79879263748619,294,4,3,5,435,Loyal,2010-11-08 14:20:00,2011-11-04 14:54:00,361,263,United Kingdom,87.0,120.33333333333333
17085,122,28,7891.41,7.915155466399198,6.3120017558271435,997,3,5,5,355,Standard,2009-12-06 12:16:00,2011-08-08 14:15:00,610,411,United Kingdom,68.0,21.785714285714285
17086,6,6,2050.08,21.355,27.4117883208551,96,5,4,4,544,Champions,2011-10-07 11:22:00,2011-12-02 13:54:00,56,76,United Kingdom,208.8,9.333333333333334
17087,737,1,221.53,18.460833333333333,6.794733867734139,12,1,2,1,121,Dormant,2009-12-02 10:41:00,2009-12-02 10:41:00,0,12,United Kingdom,33.0,0.0
17088,27,4,1991.01,17.313130434782607,5.921995628137497,115,4,4,4,444,Champions,2011-03-31 09:48:00,2011-11-11 14:23:00,225,96,United Kingdom,39.8,56.25
17089,385,1,128.45,32.1125,15.303941485774178,4,2,2,1,221,Dormant,2010-11-18 15:33:00,2010-11-18 15:33:00,0,4,United Kingdom,45.0,0.0
17090,3,13,3149.48,34.23347826086957,34.83696493999287,92,5,5,5,555,Champions,2010-07-19 16:02:00,2011-12-05 13:44:00,503,54,United Kingdom,162.72,38.69230769230769
17091,2,19,7811.1,16.479113924050633,8.82955078573667,474,5,5,5,555,Champions,2009-12-16 15:45:00,2011-12-07 10:43:00,720,242,United Kingdom,69.6,37.89473684210526
17092,49,11,5594.96,14.093098236775818,9.629351212341787,397,4,5,5,455,Champions,2010-02-02 16:42:00,2011-10-20 19:51:00,625,273,United Kingdom,71.4,56.81818181818182
17093,592,1,235.88,18.144615384615385,9.616333860836829,13,1,2,1,121,Dormant,2010-04-26 10:22:00,2010-04-26 10:22:00,0,13,United Kingdom,47.7,0.0
17094,321,2,402.20000000000005,22.34444444444445,17.96821449187826,18,2,3,2,232,Dormant,2010-10-12 10:48:00,2011-01-21 13:09:00,101,18,United Kingdom,59.400000000000006,50.5
17095,22,7,2572.25,18.775547445255473,16.39126784744333,137,4,4,4,444,Champions,2009-12-15 12:32:00,2011-11-17 12:21:00,701,110,United Kingdom,135.6,100.14285714285714
17096,14,11,3759.1800000000003,17.32341013824885,11.529738857924482,217,5,5,5,555,Champions,2010-06-02 14:48:00,2011-11-24 15:01:00,540,162,United Kingdom,102.0,49.09090909090909
17097,1,9,1340.45,4.324032258064516,4.462551789942658,310,5,5,4,554,Champions,2010-10-05 14:09:00,2011-12-07 17:05:00,428,182,Spain,39.8,47.55555555555556
17098,381,3,591.07,32.83722222222222,20.55464561932284,18,2,3,2,232,Standard,2010-06-17 10:30:00,2010-11-23 12:13:00,159,10,United Kingdom,76.19999999999999,53.0
17099,532,1,582.17,14.55425,4.982324597759153,40,1,2,2,122,Dormant,2010-06-24 16:25:00,2010-06-24 16:25:00,0,40,United Kingdom,30.6,0.0
17100,17,2,971.74,14.949846153846154,4.540519825797652,65,5,3,3,533,Standard,2011-11-21 16:36:00,2011-11-21 16:36:00,0,65,United Kingdom,25.200000000000003,0.0
17101,9,7,2507.05,34.34315068493151,32.155865193214765,73,5,4,4,544,Champions,2010-06-07 15:12:00,2011-11-29 13:57:00,539,54,United Kingdom,179.0,77.0
17102,261,1,25.5,25.5,0.0,1,2,2,1,221,Dormant,2011-03-23 10:08:00,2011-03-23 10:08:00,0,1,United Kingdom,25.5,0.0
17103,721,1,424.3,13.259375,3.504298685071458,32,1,2,2,122,Dormant,2009-12-17 14:08:00,2009-12-17 14:08:00,0,32,United Kingdom,20.4,0.0
17104,423,1,474.03000000000003,24.948947368421056,20.23209411217096,19,1,2,2,122,Dormant,2010-10-12 12:21:00,2010-10-12 12:21:00,0,19,United Kingdom,102.0,0.0
17105,158,2,665.78,7.397555555555555,4.124410291143195,90,3,3,3,333,Standard,2011-02-06 14:46:00,2011-07-03 15:53:00,147,80,United Kingdom,16.5,73.5
17106,388,1,491.23,9.268490566037736,8.610983012817101,53,2,2,2,222,Dormant,2010-11-15 14:11:00,2010-11-15 14:11:00,0,51,United Kingdom,45.0,0.0
17107,32,10,16075.42,23.850771513353116,33.56457936298304,674,4,5,5,455,Champions,2010-01-31 15:47:00,2011-11-06 14:14:00,643,377,United Kingdom,222.0,64.3
17108,663,1,174.95,19.438888888888886,11.853369188172245,9,1,2,1,121,Dormant,2010-02-14 12:22:00,2010-02-14 12:22:00,0,9,United Kingdom,38.1,0.0
17109,28,8,1295.46,9.253285714285715,9.171258392026669,140,4,5,4,454,Champions,2010-07-30 12:42:00,2011-11-10 16:59:00,468,124,United Kingdom,40.56,58.5
17110,164,3,510.7,10.013725490196078,9.690144882463692,51,3,3,2,332,Standard,2010-04-08 13:32:00,2011-06-27 12:58:00,444,38,United Kingdom,38.25,148.0
17111,46,2,476.58,9.726122448979591,6.012769334343969,49,4,3,2,432,Standard,2010-10-10 15:21:00,2011-10-23 15:59:00,378,44,United Kingdom,25.5,189.0
17112,502,1,205.17000000000002,4.103400000000001,3.000487450194636,50,1,2,1,121,Dormant,2010-07-25 11:14:00,2010-07-25 11:14:00,0,44,United Kingdom,15.3,0.0
17113,573,6,2322.59,14.607484276729561,8.397413628992965,159,1,4,4,144,At_Risk_HighValue,2010-01-11 10:14:00,2010-05-14 13:59:00,123,122,United Kingdom,59.400000000000006,20.5
17114,5,8,808.62,6.367086614173228,4.460699124903476,127,5,5,3,553,Loyal,2011-01-09 11:39:00,2011-12-04 12:17:00,329,85,United Kingdom,25.0,41.125
17115,7,7,2761.4900000000002,23.01241666666667,14.927646338357604,120,5,4,4,544,Champions,2009-12-05 12:13:00,2011-12-01 14:30:00,726,102,United Kingdom,102.0,103.71428571428571
17116,647,1,389.78,8.293191489361702,5.806801524143524,47,1,2,2,122,Dormant,2010-03-01 16:29:00,2010-03-01 16:29:00,0,47,United Kingdom,23.1,0.0
17117,287,1,116.2,12.911111111111111,4.861376976856568,9,2,2,1,221,Dormant,2011-02-24 13:54:00,2011-02-24 13:54:00,0,9,United Kingdom,19.8,0.0
17118,317,1,157.02,15.702000000000002,6.476668896894451,10,2,2,1,221,Dormant,2011-01-26 12:19:00,2011-01-26 12:19:00,0,10,United Kingdom,30.6,0.0
17119,2,2,606.91,17.340285714285713,5.99062428530876,35,5,3,2,532,Standard,2011-10-11 11:03:00,2011-12-06 14:40:00,56,35,United Kingdom,30.6,28.0
17120,232,1,307.46,17.08111111111111,3.730700752482724,18,2,2,2,222,Dormant,2011-04-20 15:21:00,2011-04-20 15:21:00,0,18,United Kingdom,25.5,0.0
17121,402,1,314.74,26.228333333333335,13.8100291839158,12,2,2,2,222,Dormant,2010-11-02 11:47:00,2010-11-02 11:47:00,0,12,United Kingdom,59.7,0.0
17122,118,4,570.5,19.016666666666666,8.436730995181575,30,3,4,2,342,Standard,2010-07-28 09:34:00,2011-08-12 14:33:00,380,23,United Kingdom,47.2,95.0
17123,161,3,977.1700000000001,22.724883720930233,17.600135331202246,43,3,3,3,333,Standard,2010-05-16 11:52:00,2011-07-01 10:47:00,410,37,United Kingdom,81.6,136.66666666666666
17124,184,1,298.89,9.3403125,7.593073025047874,32,3,2,2,322,Standard,2011-06-07 14:02:00,2011-06-07 14:02:00,0,31,United Kingdom,29.75,0.0
17125,49,1,259.35,6.483750000000001,6.621204742612159,40,4,2,1,421,Standard,2011-10-20 14:41:00,2011-10-20 14:41:00,0,34,United Kingdom,35.400000000000006,0.0
17126,151,9,2070.44,4.358821052631579,5.521236396837831,475,3,5,4,354,Standard,2010-08-31 13:41:00,2011-07-10 13:52:00,313,295,United Kingdom,71.6,34.77777777777778
17127,428,5,1155.0300000000002,31.217027027027033,26.91122038448986,37,1,4,3,143,Standard,2009-12-04 15:18:00,2010-10-07 09:54:00,306,27,United Kingdom,153.0,61.2
17128,334,1,157.09,11.220714285714285,7.111962256849873,14,2,2,1,221,Dormant,2011-01-09 12:02:00,2011-01-09 12:02:00,0,14,United Kingdom,30.0,0.0
17129,519,1,31.85,15.925,1.520279579551078,2,1,2,1,121,Dormant,2010-07-07 13:46:00,2010-07-07 13:46:00,0,2,United Kingdom,17.0,0.0
17131,4,5,2463.17,18.38186567164179,15.07564725317361,134,5,4,4,544,Champions,2011-09-25 12:42:00,2011-12-04 12:52:00,70,78,United Kingdom,81.6,14.0
17132,451,2,1272.8,16.317948717948717,10.498851805987606,78,1,3,4,134,Dormant,2010-08-08 13:49:00,2010-09-13 16:31:00,36,62,United Kingdom,45.0,18.0
17133,15,12,14622.33,261.11303571428573,313.1340877058007,56,5,5,5,555,Champions,2010-03-21 12:31:00,2011-11-24 12:27:00,612,22,United Kingdom,1632.0,51.0
17134,106,3,637.1,17.21891891891892,5.8292884946924985,37,3,3,3,333,Standard,2010-09-23 18:32:00,2011-08-25 09:53:00,335,31,United Kingdom,31.8,111.66666666666667
17135,15,10,1954.16,12.2135,13.544566558972653,160,5,5,4,554,Champions,2010-05-09 16:03:00,2011-11-23 16:48:00,563,98,United Kingdom,85.0,56.3
17136,661,1,231.68,16.548571428571428,2.1669292599396095,14,1,2,1,121,Dormant,2010-02-15 13:13:00,2010-02-15 13:13:00,0,14,United Kingdom,19.8,0.0
17137,415,6,1133.63,6.441079545454546,6.331908714659365,176,1,4,3,143,Standard,2010-01-31 12:27:00,2010-10-19 14:51:00,261,125,United Kingdom,35.400000000000006,43.5
17138,275,7,4417.27,17.2549609375,7.718887149194343,256,2,4,5,245,At_Risk_HighValue,2010-02-04 14:19:00,2011-03-09 11:54:00,397,234,United Kingdom,90.0,56.714285714285715
17139,15,25,19584.46,24.208232385661308,18.443201824251894,809,5,5,5,555,Champions,2010-01-11 11:31:00,2011-11-24 10:12:00,681,447,United Kingdom,165.0,27.24
17140,246,1,465.32,23.266,43.17676682759156,20,2,2,2,222,Dormant,2011-04-06 13:33:00,2011-04-06 13:33:00,0,16,United Kingdom,180.0,0.0
17141,417,4,754.33,4.335229885057472,2.9706723911461363,174,1,4,3,143,Standard,2010-01-24 14:19:00,2010-10-17 14:54:00,266,138,United Kingdom,17.0,66.5
17142,238,4,1283.75,14.26388888888889,22.06096510436092,90,2,4,4,244,Standard,2010-01-24 15:23:00,2011-04-14 18:22:00,445,78,United Kingdom,195.0,111.25
17143,416,2,924.11,7.637272727272728,7.810894528370829,121,1,3,3,133,Dormant,2010-07-12 13:26:00,2010-10-18 15:27:00,98,82,United Kingdom,45.9,49.0
17144,0,2,984.57,20.511875,17.38363165742601,48,5,3,3,533,Standard,2011-09-16 12:50:00,2011-12-08 17:57:00,83,42,United Kingdom,99.0,41.5
17145,512,4,3120.91,17.33838888888889,9.950963411088114,180,1,4,5,145,At_Risk_HighValue,2010-02-19 12:07:00,2010-07-15 09:02:00,145,168,United Kingdom,106.2,36.25
17146,105,13,5860.24,19.34072607260726,17.605554797732832,303,3,5,5,355,Standard,2010-02-02 09:39:00,2011-08-26 12:44:00,570,164,United Kingdom,197.1,43.84615384615385
17147,22,9,3199.95,23.529044117647057,21.632424972495148,136,4,5,5,455,Champions,2010-01-11 09:38:00,2011-11-17 12:32:00,675,99,United Kingdom,175.2,75.0
17148,51,1,124.88,13.875555555555556,4.187944337951232,9,4,2,1,421,Standard,2011-10-19 09:59:00,2011-10-19 09:59:00,0,9,United Kingdom,19.8,0.0
17149,450,1,143.10000000000002,23.850000000000005,0.0,6,1,2,1,121,Dormant,2010-09-14 14:56:00,2010-09-14 14:56:00,0,6,United Kingdom,23.85,0.0
17150,376,6,1375.65,14.791935483870969,6.646618011875846,93,2,4,4,244,Standard,2009-12-06 10:51:00,2010-11-28 11:27:00,357,64,United Kingdom,35.400000000000006,59.5
17151,734,1,231.90000000000003,57.97500000000001,14.85,4,1,2,1,121,Dormant,2009-12-04 14:56:00,2009-12-04 14:56:00,0,4,United Kingdom,65.4,0.0
17152,194,4,2016.5,126.03125,177.40816391868782,16,2,4,4,244,Standard,2010-10-10 12:40:00,2011-05-29 12:19:00,230,9,United Kingdom,558.0,57.5
17153,23,1,213.78,15.27,4.696928620017389,14,4,2,1,421,Standard,2011-11-15 13:42:00,2011-11-15 13:42:00,0,14,United Kingdom,20.8,0.0
17154,74,1,329.34,14.319130434782608,6.322728059831221,23,3,2,2,322,Standard,2011-09-25 13:42:00,2011-09-25 13:42:00,0,23,United Kingdom,25.5,0.0
17155,17,7,892.46,12.225479452054795,18.309960179662376,73,5,4,3,543,Loyal,2009-12-03 11:34:00,2011-11-22 12:38:00,719,43,United Kingdom,120.0,102.71428571428571
17156,491,1,591.87,15.176153846153847,4.274689656562103,39,1,2,2,122,Dormant,2010-08-05 11:30:00,2010-08-05 11:30:00,0,39,United Kingdom,30.0,0.0
17157,7,19,5151.900000000001,36.53829787234043,53.73656698531998,141,5,5,5,555,Champions,2009-12-04 13:00:00,2011-12-02 09:10:00,727,78,United Kingdom,325.44,38.26315789473684
17158,31,5,1980.0,17.52212389380531,7.657045011356657,113,4,4,4,444,Champions,2010-03-07 15:50:00,2011-11-07 15:15:00,609,74,United Kingdom,45.0,121.8
17159,21,5,2099.59,16.15069230769231,9.142342090342039,130,4,4,4,444,Champions,2010-03-04 14:53:00,2011-11-18 10:52:00,623,115,United Kingdom,76.5,124.6
17160,30,17,10209.16,15.68227342549923,6.708374999303284,651,4,5,5,455,Champions,2009-12-04 10:57:00,2011-11-08 14:05:00,704,215,United Kingdom,45.0,41.411764705882355
17161,443,1,856.01,16.46173076923077,5.193912621353038,52,1,2,3,123,Dormant,2010-09-21 16:44:00,2010-09-21 16:44:00,0,52,United Kingdom,35.400000000000006,0.0
17162,28,10,1715.46,16.494807692307692,5.63700464093139,104,4,5,4,454,Champions,2011-02-07 12:27:00,2011-11-11 11:34:00,276,81,United Kingdom,30.6,27.6
17163,21,4,699.78,23.326,20.94094827085819,30,4,4,3,443,Loyal,2010-02-02 10:39:00,2011-11-18 08:57:00,653,27,United Kingdom,102.0,163.25
17164,32,7,2467.35,17.134375,6.506924522346215,144,4,4,4,444,Champions,2011-03-11 14:26:00,2011-11-07 09:14:00,240,92,United Kingdom,35.7,34.285714285714285
17165,283,6,1794.32,17.9432,6.594616702625367,100,2,4,4,244,Standard,2009-12-11 09:18:00,2011-02-28 16:39:00,444,77,United Kingdom,53.1,74.0
17166,38,2,206.34,17.195,12.872979100002102,12,4,3,1,431,Standard,2011-05-20 08:18:00,2011-11-01 09:46:00,165,11,United Kingdom,56.25,82.5
17167,379,3,867.11,10.97607594936709,7.321029670070676,79,2,3,3,233,Standard,2010-09-20 14:02:00,2010-11-25 10:05:00,65,64,United Kingdom,38.25,21.666666666666668
17168,498,1,400.2,19.057142857142857,16.74983765379747,21,1,2,2,122,Dormant,2010-07-29 12:33:00,2010-07-29 12:33:00,0,21,United Kingdom,67.5,0.0
17169,57,3,1156.73,15.423066666666667,4.5879021212177005,75,4,3,3,433,Loyal,2010-05-10 13:00:00,2011-10-13 10:25:00,520,64,United Kingdom,30.0,173.33333333333334
17170,373,2,178.68,17.868000000000002,7.140745059165745,10,2,3,1,231,Dormant,2010-11-15 16:23:00,2010-11-30 15:55:00,14,8,United Kingdom,30.0,7.0
17171,288,2,384.59000000000003,15.383600000000001,7.678353165447221,25,2,3,2,232,Dormant,2010-02-16 12:02:00,2011-02-23 16:37:00,372,25,United Kingdom,39.6,186.0
17172,78,3,956.5699999999999,24.527435897435897,14.390968607529096,39,3,3,3,333,Standard,2009-12-13 11:46:00,2011-09-22 09:36:00,647,39,United Kingdom,60.0,215.66666666666666
17173,4,8,3766.6,43.79767441860465,21.862159716487763,86,5,5,5,555,Champions,2011-07-31 15:26:00,2011-12-04 14:40:00,125,36,United Kingdom,142.8,15.625
17174,217,1,59.9,14.975,5.225179422756696,4,2,2,1,221,Dormant,2011-05-06 11:47:00,2011-05-06 11:47:00,0,4,United Kingdom,19.5,0.0
17175,43,4,1443.69,22.915714285714287,15.52180066398659,63,4,4,4,444,Champions,2011-02-16 14:56:00,2011-10-26 15:31:00,252,42,United Kingdom,95.2,63.0
17176,201,3,902.3199999999999,21.483809523809523,20.21786941470715,42,2,3,3,233,Standard,2010-01-31 15:49:00,2011-05-22 12:41:00,475,37,United Kingdom,81.6,158.33333333333334
17177,504,1,119.5,4.120689655172414,3.25553148067637,29,1,2,1,121,Dormant,2010-07-22 14:53:00,2010-07-22 14:53:00,0,29,United Kingdom,14.95,0.0
17178,730,1,436.71000000000004,13.647187500000001,10.78723834860045,32,1,2,2,122,Dormant,2009-12-08 16:20:00,2009-12-08 16:20:00,0,31,United Kingdom,39.9,0.0
17179,177,6,1507.26,9.539620253164557,10.071767685638534,158,3,4,4,344,Standard,2010-05-26 11:22:00,2011-06-14 16:48:00,384,75,United Kingdom,59.5,64.0
17180,55,11,2256.98,5.5318137254901965,6.922557767106504,408,4,5,4,454,Champions,2010-01-21 17:43:00,2011-10-14 15:46:00,630,189,United Kingdom,60.0,57.27272727272727
17181,56,3,465.37,15.512333333333334,26.24479648699297,30,4,3,2,432,Loyal,2010-04-23 11:21:00,2011-10-13 14:48:00,538,28,United Kingdom,79.2,179.33333333333334
17182,422,2,321.3,53.550000000000004,29.868762947266497,6,1,3,2,132,Dormant,2009-12-21 15:22:00,2010-10-13 10:09:00,295,4,United Kingdom,107.1,147.5
17183,7,6,3347.31,45.85356164383562,41.30307290726627,73,5,4,5,545,Champions,2011-08-26 15:25:00,2011-12-02 10:07:00,97,42,United Kingdom,180.0,16.166666666666668
17184,568,2,198.41000000000003,14.172142857142859,6.274160904451291,14,1,3,1,131,Dormant,2009-12-09 14:17:00,2010-05-19 14:24:00,161,14,United Kingdom,30.0,80.5
17185,591,3,229.46,5.215,4.12907078909957,44,1,3,1,131,Standard,2010-04-20 13:49:00,2010-04-27 12:15:00,6,38,United Kingdom,15.0,2.0
17186,46,2,144.0,72.0,0.0,2,4,3,1,431,Standard,2011-10-10 12:52:00,2011-10-24 10:20:00,13,1,United Kingdom,72.0,6.5
17187,226,2,467.71,20.335217391304347,16.624778295053552,23,2,3,2,232,Dormant,2010-07-01 14:38:00,2011-04-27 12:39:00,299,21,United Kingdom,72.0,149.5
17188,10,13,4592.93,26.70308139534884,27.904022710568675,172,5,5,5,555,Champions,2009-12-08 19:16:00,2011-11-28 13:53:00,719,136,United Kingdom,175.2,55.30769230769231
17189,105,5,957.63,7.785609756097561,7.608618188061964,123,3,4,3,343,Standard,2009-12-02 11:45:00,2011-08-25 19:39:00,631,101,United Kingdom,40.23,126.2
17190,58,7,1743.04,8.938666666666666,21.100360486163463,195,4,4,4,444,Champions,2010-03-05 13:21:00,2011-10-12 11:33:00,585,160,United Kingdom,195.0,83.57142857142857
17191,27,15,4836.05,8.410521739130434,8.020757873802898,575,4,5,5,455,Champions,2009-12-01 16:34:00,2011-11-11 16:58:00,710,269,United Kingdom,60.0,47.333333333333336
17192,535,1,77.83,3.7061904761904763,2.9570770639103676,21,1,2,1,121,Dormant,2010-06-21 16:07:00,2010-06-21 16:07:00,0,20,United Kingdom,12.75,0.0
17193,35,9,2310.04,52.50090909090909,30.352898931946164,44,4,5,4,454,Champions,2009-12-02 10:02:00,2011-11-04 12:47:00,702,28,United Kingdom,140.4,78.0
17194,273,3,812.5,13.319672131147541,19.001687115202266,61,2,3,3,233,Standard,2010-06-27 13:16:00,2011-03-11 12:05:00,256,57,United Kingdom,102.0,85.33333333333333
17195,654,1,562.98,18.160645161290322,12.295456595963644,31,1,2,2,122,Dormant,2010-02-22 13:05:00,2010-02-22 13:05:00,0,31,United Kingdom,51.0,0.0
17196,427,1,352.9,3.3932692307692305,2.590011223991757,104,1,2,2,122,Dormant,2010-10-08 11:31:00,2010-10-08 11:31:00,0,84,United Kingdom,19.9,0.0
17197,29,1,1013.01,34.93137931034483,26.552396007589266,29,4,2,3,423,Standard,2011-11-10 10:32:00,2011-11-10 10:32:00,0,29,United Kingdom,119.4,0.0
17198,23,3,1213.88,7.016647398843931,9.148669383326446,173,4,3,3,433,Loyal,2010-12-03 14:54:00,2011-11-16 10:39:00,347,89,United Kingdom,51.0,115.66666666666667
17199,581,1,145.12,16.124444444444446,15.559399177917438,9,1,2,1,121,Dormant,2010-05-06 13:53:00,2010-05-06 13:53:00,0,8,United Kingdom,50.400000000000006,0.0
17200,386,4,356.71,14.2684,35.39131316203643,25,2,4,2,242,Standard,2010-02-25 13:23:00,2010-11-17 13:04:00,264,25,United Kingdom,180.0,66.0
17201,53,4,1242.04,6.677634408602151,7.806212065154327,186,4,4,3,443,Loyal,2010-02-10 12:26:00,2011-10-17 11:55:00,613,154,United Kingdom,52.2,153.25
17202,420,1,160.65,20.08125,17.05453306937149,8,1,2,1,121,Dormant,2010-10-15 11:25:00,2010-10-15 11:25:00,0,8,United Kingdom,51.0,0.0
17203,35,10,5575.88,20.651407407407408,35.476113701545735,270,4,5,5,455,Champions,2010-11-16 12:52:00,2011-11-04 12:27:00,352,195,United Kingdom,214.56,35.2
17204,174,9,5504.6900000000005,31.09994350282486,32.01089744306501,177,3,5,5,355,Standard,2010-06-10 11:37:00,2011-06-17 14:46:00,372,110,United Kingdom,333.6,41.333333333333336
17205,53,3,999.35,28.552857142857142,18.26528587422674,35,4,3,3,433,Loyal,2010-05-24 15:36:00,2011-10-17 12:46:00,510,27,United Kingdom,73.5,170.0
17206,52,1,204.24,29.177142857142858,9.70626896097863,7,4,2,1,421,Standard,2011-10-17 13:25:00,2011-10-17 13:25:00,0,7,United Kingdom,45.0,0.0
17207,651,1,303.21999999999997,4.525671641791044,4.197387074619593,67,1,2,2,122,Dormant,2010-02-25 19:08:00,2010-02-25 19:08:00,0,55,United Kingdom,22.5,0.0
17208,395,1,115.35,4.8062499999999995,3.1761445215448134,24,2,2,1,221,Dormant,2010-11-09 12:50:00,2010-11-09 12:50:00,0,21,United Kingdom,11.8,0.0
17209,648,3,611.6,15.290000000000001,43.29166319932861,40,1,3,2,132,Standard,2009-12-03 11:10:00,2010-02-28 16:01:00,87,36,United Kingdom,277.20000000000005,29.0
17210,392,1,253.37,4.6920370370370375,3.6599429728672153,54,2,2,1,221,Dormant,2010-11-12 12:15:00,2010-11-12 12:15:00,0,47,United Kingdom,15.0,0.0
17211,26,13,4046.65,10.733819628647215,7.248232341320376,377,4,5,5,455,Champions,2009-12-13 13:17:00,2011-11-13 12:03:00,699,217,United Kingdom,50.0,53.76923076923077
17212,252,3,794.41,27.393448275862067,21.60780749700409,29,2,3,3,233,Standard,2010-08-10 09:22:00,2011-03-31 19:42:00,233,29,United Kingdom,117.3,77.66666666666667
17213,39,13,5182.3,18.4423487544484,7.276161775135016,281,4,5,5,455,Champions,2009-12-15 10:28:00,2011-10-30 14:53:00,684,130,United Kingdom,61.2,52.61538461538461
17214,59,6,1069.1200000000001,10.37980582524272,9.625697528132857,103,3,4,3,343,Standard,2010-12-15 15:14:00,2011-10-10 13:17:00,298,79,United Kingdom,85.0,49.666666666666664
17215,463,1,186.15,16.922727272727272,16.050067969269843,11,1,2,1,121,Dormant,2010-09-01 13:39:00,2010-09-01 13:39:00,0,11,United Kingdom,45.0,0.0
17216,553,1,65.05,4.646428571428571,4.6319735072027965,14,1,2,1,121,Dormant,2010-06-03 13:03:00,2010-06-03 13:03:00,0,13,United Kingdom,17.85,0.0
17217,233,2,218.0,7.517241379310345,13.475654475638578,29,2,3,1,231,Dormant,2010-03-30 13:35:00,2011-04-19 17:19:00,385,27,United Kingdom,65.45,192.5
17218,3,18,4192.68,7.986057142857144,7.348131888353449,525,5,5,5,555,Champions,2010-01-25 16:12:00,2011-12-05 13:52:00,678,248,United Kingdom,44.85,37.666666666666664
17219,31,2,259.13,5.1826,4.9646796596003036,50,4,3,1,431,Standard,2010-10-19 11:29:00,2011-11-08 11:25:00,384,43,United Kingdom,25.5,192.0
17220,23,21,4481.75,6.581130690161527,5.36222816798596,681,4,5,5,455,Champions,2010-01-20 11:57:00,2011-11-15 13:47:00,664,408,United Kingdom,33.9,31.61904761904762
17221,6,5,978.52,7.766031746031746,16.027619115981764,126,5,4,3,543,Loyal,2010-04-11 15:34:00,2011-12-02 13:35:00,599,115,United Kingdom,119.0,119.8
17222,64,6,1605.01,14.203628318584071,11.750262235823483,113,3,4,4,344,Standard,2010-01-10 15:24:00,2011-10-05 13:58:00,632,94,United Kingdom,70.80000000000001,105.33333333333333
17223,309,3,873.53,8.648811881188118,11.926722792714578,101,2,3,3,233,Standard,2010-11-29 17:19:00,2011-02-02 15:57:00,64,62,United Kingdom,76.5,21.333333333333332
17224,500,1,100.86000000000001,12.607500000000002,14.491402130721712,8,1,2,1,121,Dormant,2010-07-26 13:30:00,2010-07-26 13:30:00,0,8,United Kingdom,39.95,0.0
17225,581,1,131.15,26.23,38.18948808245536,5,1,2,1,121,Dormant,2010-05-07 11:38:00,2010-05-07 11:38:00,0,5,United Kingdom,93.5,0.0
17226,308,3,900.12,14.756065573770492,21.16138671249189,61,2,3,3,233,Standard,2010-02-12 14:31:00,2011-02-04 11:52:00,356,51,United Kingdom,102.0,118.66666666666667
17227,18,12,2022.03,16.17624,29.629371180550535,125,5,5,4,554,Champions,2010-01-15 15:05:00,2011-11-21 10:51:00,674,58,United Kingdom,201.6,56.166666666666664
17228,15,13,3177.24,8.874972067039106,6.080320864884176,358,5,5,5,555,Champions,2010-03-12 11:54:00,2011-11-24 10:24:00,621,199,United Kingdom,49.92,47.76923076923077
17229,95,2,318.76,6.782127659574468,7.086697561712003,47,3,3,2,332,Standard,2011-07-20 12:38:00,2011-09-04 13:56:00,46,39,United Kingdom,23.700000000000003,23.0
17230,263,18,9924.95,44.50650224215247,42.38640332476536,223,2,5,5,255,At_Risk_HighValue,2009-12-08 13:41:00,2011-03-20 16:12:00,467,141,United Kingdom,326.4,25.944444444444443
17231,11,25,7197.04,5.82284789644013,4.847374110748859,1236,5,5,5,555,Champions,2009-12-07 16:38:00,2011-11-27 15:18:00,719,509,United Kingdom,33.6,28.76
17232,2,2,421.52,11.708888888888888,8.696425136728893,36,5,3,2,532,Standard,2011-11-25 12:24:00,2011-12-07 12:21:00,11,30,United Kingdom,35.7,5.5
17233,34,3,560.86,9.67,8.787820319334726,58,4,3,2,432,Loyal,2009-12-15 12:03:00,2011-11-04 14:06:00,689,56,United Kingdom,47.7,229.66666666666666
17234,182,1,149.89,10.706428571428571,8.78977781039111,14,3,2,1,321,Standard,2011-06-10 11:20:00,2011-06-10 11:20:00,0,14,United Kingdom,35.849999999999994,0.0
17235,24,8,1904.88,19.241212121212122,19.04680584248929,99,4,5,4,454,Champions,2010-06-04 17:01:00,2011-11-14 15:51:00,527,52,United Kingdom,91.8,65.875
17236,12,12,1929.26,12.210506329113924,20.428632079980183,158,5,5,4,554,Champions,2010-03-07 13:00:00,2011-11-27 12:00:00,629,123,United Kingdom,202.8,52.416666666666664
17237,10,4,1002.08,12.526,12.60917022134629,80,5,4,3,543,Loyal,2010-11-23 11:45:00,2011-11-28 15:02:00,370,76,United Kingdom,90.0,92.5
17238,2,32,7783.1,6.322583265637693,5.192902847924262,1231,5,5,5,555,Champions,2009-12-01 10:59:00,2011-12-07 11:35:00,736,486,United Kingdom,47.7,23.0
17239,312,4,1189.45,37.1703125,47.329234400436405,32,2,4,3,243,Standard,2010-07-01 10:53:00,2011-01-31 09:41:00,213,18,United Kingdom,244.8,53.25
17240,595,1,130.60000000000002,18.657142857142862,6.671545833577389,7,1,2,1,121,Dormant,2010-04-22 15:44:00,2010-04-22 15:44:00,0,7,United Kingdom,30.6,0.0
17241,384,12,2744.14,16.047602339181285,15.677624241716765,171,2,5,4,254,At_Risk_HighValue,2010-02-15 14:47:00,2010-11-19 13:01:00,276,116,United Kingdom,90.0,23.0
17242,107,5,2889.2799999999997,34.396190476190476,23.868611737521196,84,3,4,4,344,Standard,2010-01-24 10:27:00,2011-08-23 14:55:00,576,44,United Kingdom,108.16,115.2
17243,0,69,20889.86,18.421393298059964,21.49436459732432,1134,5,5,5,555,Champions,2009-12-01 15:36:00,2011-12-08 13:26:00,736,359,United Kingdom,408.0,10.666666666666666
17244,52,5,1826.04,15.217,20.325066967340863,120,4,4,4,444,Champions,2009-12-06 11:27:00,2011-10-17 15:19:00,680,109,United Kingdom,157.92000000000002,136.0
17245,204,2,371.63,14.8652,11.03447216680526,25,2,3,2,232,Dormant,2010-01-19 15:39:00,2011-05-19 10:43:00,484,24,United Kingdom,36.0,242.0
17246,546,2,38.92,6.486666666666667,2.915576558189935,6,1,3,1,131,Dormant,2009-12-01 17:45:00,2010-06-11 12:36:00,191,6,United Kingdom,10.08,95.5
17247,14,1,282.19,5.130727272727273,5.365418369157645,55,5,2,1,521,Standard,2011-11-24 15:21:00,2011-11-24 15:21:00,0,53,United Kingdom,25.0,0.0
17248,119,2,546.16,4.668034188034188,6.444825943894603,117,3,3,2,332,Standard,2010-08-15 11:55:00,2011-08-11 13:34:00,361,85,United Kingdom,44.55,180.5
17249,428,1,68.03,2.51962962962963,1.2869208375674248,27,1,2,1,121,Dormant,2010-10-07 11:33:00,2010-10-07 11:33:00,0,27,United Kingdom,5.9,0.0
17250,3,2,384.52,6.7459649122807015,8.317515910854532,57,5,3,2,532,Standard,2011-03-23 16:45:00,2011-12-06 12:15:00,257,55,United Kingdom,45.0,128.5
17251,362,3,812.4300000000001,10.155375000000001,5.624349851316151,80,2,3,3,233,Standard,2009-12-15 10:36:00,2010-12-12 11:06:00,362,65,United Kingdom,29.700000000000003,120.66666666666667
17252,116,2,353.86,4.067356321839081,3.0798366989969845,87,3,3,2,332,Standard,2011-06-06 16:41:00,2011-08-15 09:45:00,69,86,United Kingdom,15.0,34.5
17253,17,1,178.26,9.903333333333332,4.937136583796201,18,5,2,1,521,Standard,2011-11-21 12:59:00,2011-11-21 12:59:00,0,18,United Kingdom,17.85,0.0
17254,4,3,470.73,3.180608108108108,3.7376612838226637,148,5,3,2,532,Loyal,2010-11-03 14:00:00,2011-12-05 12:46:00,396,129,United Kingdom,27.04,132.0
17255,40,4,799.13,4.205947368421053,4.072168396192711,190,4,4,3,443,Loyal,2010-09-19 15:53:00,2011-10-30 12:18:00,405,163,United Kingdom,25.5,101.25
17256,106,5,498.93,16.094516129032257,28.599966764399067,31,3,4,2,342,Standard,2010-04-18 13:40:00,2011-08-24 13:30:00,492,20,United Kingdom,105.3,98.4
17257,435,2,192.73,12.848666666666666,18.786148722117684,15,1,3,1,131,Dormant,2010-09-29 12:49:00,2010-09-29 12:51:00,0,14,United Kingdom,55.25,0.0
17258,396,2,417.3,7.587272727272728,3.5665396937655656,55,2,3,2,232,Dormant,2010-02-12 15:51:00,2010-11-08 12:37:00,268,46,United Kingdom,17.0,134.0
17259,147,6,1889.34,5.725272727272727,5.561085707081231,330,3,4,4,344,Standard,2010-02-22 13:38:00,2011-07-14 15:01:00,507,179,United Kingdom,40.8,84.5
17260,410,1,120.95,20.158333333333335,13.196909360402028,6,1,2,1,121,Dormant,2010-10-24 13:21:00,2010-10-24 13:21:00,0,6,United Kingdom,39.95,0.0
17261,509,1,230.44,5.009565217391304,8.615945671066136,46,1,2,1,121,Dormant,2010-07-18 11:49:00,2010-07-18 11:49:00,0,43,United Kingdom,60.0,0.0
17262,51,11,2757.62,131.3152380952381,129.10388497713956,21,4,5,4,454,Champions,2009-12-15 11:26:00,2011-10-18 12:56:00,672,12,United Kingdom,510.0,61.09090909090909
17263,207,1,63.440000000000005,2.7582608695652175,1.8700356150568438,23,2,2,1,221,Dormant,2011-05-15 14:32:00,2011-05-15 14:32:00,0,23,United Kingdom,6.75,0.0
17264,423,1,279.59,3.3284523809523807,5.598172570601519,84,1,2,1,121,Dormant,2010-10-11 12:52:00,2010-10-11 12:52:00,0,70,United Kingdom,30.6,0.0
17265,138,2,562.9,4.432283464566929,3.709289323319157,127,3,3,2,332,Standard,2011-06-12 12:00:00,2011-07-24 10:49:00,41,106,United Kingdom,21.75,20.5
17266,1,5,517.73,4.0766141732283465,3.762574519743486,127,5,4,2,542,Loyal,2010-03-09 10:42:00,2011-12-07 14:12:00,638,95,United Kingdom,26.85,127.6
17267,126,2,317.62,8.358421052631579,11.01961777095391,38,3,3,2,332,Standard,2011-08-04 17:19:00,2011-08-04 17:22:00,0,37,United Kingdom,67.5,0.0
17268,107,11,1733.8899999999999,57.79633333333333,65.6987333359938,30,3,5,4,354,Standard,2009-12-08 11:46:00,2011-08-24 10:06:00,623,26,United Kingdom,299.52,56.63636363636363
17269,385,1,537.46,3.681232876712329,3.846984827450688,146,2,2,2,222,Dormant,2010-11-19 11:12:00,2010-11-19 11:12:00,0,110,United Kingdom,25.5,0.0
17270,468,2,604.4,12.33469387755102,23.664142890848666,49,1,3,2,132,Dormant,2009-12-07 17:18:00,2010-08-27 14:09:00,262,45,United Kingdom,163.2,131.0
17271,735,1,210.39,4.045961538461539,3.1883072278066082,52,1,2,1,121,Dormant,2009-12-03 13:49:00,2009-12-03 13:49:00,0,46,United Kingdom,12.6,0.0
17272,41,4,2148.63,18.847631578947368,17.67160540821837,114,4,4,4,444,Champions,2011-03-22 12:05:00,2011-10-28 16:37:00,220,70,United Kingdom,141.6,55.0
17273,423,1,141.12,11.76,5.117648607781437,12,1,2,1,121,Dormant,2010-10-11 15:57:00,2010-10-11 15:57:00,0,12,United Kingdom,19.8,0.0
17274,34,2,577.38,7.308607594936709,5.531163631034153,79,4,3,2,432,Standard,2010-11-09 12:06:00,2011-11-04 13:16:00,360,76,United Kingdom,26.56,180.0
17275,382,1,114.52,4.7716666666666665,4.3332904122735005,24,2,2,1,221,Dormant,2010-11-21 13:26:00,2010-11-21 13:26:00,0,23,United Kingdom,19.95,0.0
17276,401,1,508.39,9.41462962962963,14.542864776170244,54,2,2,2,222,Dormant,2010-11-02 16:20:00,2010-11-02 16:20:00,0,50,United Kingdom,101.7,0.0
17277,227,2,1065.3500000000001,15.43985507246377,11.93004579311186,69,2,3,3,233,Dormant,2011-01-21 12:37:00,2011-04-26 12:47:00,95,67,United Kingdom,89.10000000000001,47.5
17278,240,2,271.24,15.955294117647059,8.341788715292918,17,2,3,1,231,Dormant,2010-05-23 13:49:00,2011-04-12 13:10:00,323,17,United Kingdom,39.95,161.5
17279,57,1,187.82999999999998,20.869999999999997,26.1326562943762,9,4,2,1,421,Standard,2011-10-13 11:58:00,2011-10-13 11:58:00,0,8,United Kingdom,76.5,0.0
17280,437,1,118.86,19.81,8.70063675830683,6,1,2,1,121,Dormant,2010-09-27 16:46:00,2010-09-27 16:46:00,0,6,United Kingdom,33.0,0.0
17281,373,6,797.85,132.975,53.88109826274887,6,2,4,3,243,Standard,2010-02-04 13:00:00,2010-11-30 18:05:00,299,2,United Kingdom,216.75,49.833333333333336
17282,129,5,2339.66,10.78184331797235,30.440627599040813,217,3,4,4,344,Standard,2010-06-09 12:07:00,2011-08-01 14:29:00,418,168,United Kingdom,381.6,83.6
17283,378,1,188.46,12.564,13.60489974762244,15,2,2,1,221,Dormant,2010-11-26 11:53:00,2010-11-26 11:53:00,0,15,United Kingdom,49.75,0.0
17284,59,8,2793.16,7.468342245989304,13.497448788050248,374,3,5,4,354,Standard,2010-09-20 16:18:00,2011-10-10 14:38:00,384,285,United Kingdom,229.46,48.0
17285,627,2,428.34,8.741632653061224,6.739763332559354,49,1,3,2,132,Dormant,2010-02-14 14:10:00,2010-03-21 13:38:00,34,41,United Kingdom,26.1,17.0
17286,21,3,395.48,4.25247311827957,7.972034088791673,93,4,3,2,432,Loyal,2010-11-04 13:43:00,2011-11-18 12:47:00,378,89,United Kingdom,72.0,126.0
17287,25,21,4111.96,8.3069898989899,7.808618566488041,495,4,5,5,455,Champions,2009-12-03 12:45:00,2011-11-13 13:27:00,710,279,United Kingdom,60.0,33.80952380952381
17288,8,11,2499.98,8.474508474576272,11.112027452014136,295,5,5,4,554,Champions,2010-11-10 14:44:00,2011-11-30 16:09:00,385,233,United Kingdom,70.80000000000001,35.0
17289,31,9,2079.39,7.453010752688171,10.258753390085415,279,4,5,4,454,Champions,2010-03-08 12:52:00,2011-11-08 12:01:00,609,202,United Kingdom,90.0,67.66666666666667
17290,3,8,1501.44,7.396256157635468,12.826245361471619,203,5,5,4,554,Champions,2009-12-13 13:28:00,2011-12-06 12:38:00,722,184,United Kingdom,137.16,90.25
17291,307,1,550.8000000000001,550.8000000000001,0.0,1,2,2,2,222,Dormant,2011-02-04 13:04:00,2011-02-04 13:04:00,0,1,United Kingdom,550.8000000000001,0.0
17292,471,2,271.75,18.116666666666667,17.97146534556008,15,1,3,1,131,Dormant,2010-05-09 14:52:00,2010-08-24 17:14:00,107,14,United Kingdom,76.32000000000001,53.5
17293,7,17,3774.23,15.405020408163265,16.528343207968597,245,5,5,5,555,Champions,2009-12-03 15:09:00,2011-12-01 14:37:00,727,148,United Kingdom,100.8,42.76470588235294
17294,668,2,467.79,27.517058823529414,33.32752424136577,17,1,3,2,132,Dormant,2010-02-08 14:21:00,2010-02-08 16:12:00,0,17,United Kingdom,122.4,0.0
17295,28,3,556.95,8.071739130434784,6.4239425672570345,69,4,3,2,432,Loyal,2011-10-06 12:22:00,2011-11-11 10:49:00,35,53,United Kingdom,30.0,11.666666666666666
17296,729,1,338.13,10.246363636363636,10.472527696962008,33,1,2,2,122,Dormant,2009-12-09 14:01:00,2009-12-09 14:01:00,0,32,United Kingdom,51.0,0.0
17297,16,1,131.78,2.583921568627451,2.5328608950602653,51,5,2,1,521,Standard,2011-11-22 14:43:00,2011-11-22 14:43:00,0,49,United Kingdom,9.95,0.0
17298,100,5,957.5600000000001,13.679428571428572,15.64136098879444,70,3,4,3,343,Standard,2010-03-08 08:56:00,2011-08-30 16:43:00,540,61,United Kingdom,83.2,108.0
17299,11,6,1016.08,8.467333333333334,9.061255012908727,120,5,4,3,543,Loyal,2010-08-15 16:00:00,2011-11-28 12:01:00,469,96,United Kingdom,67.6,78.16666666666667
17300,390,2,393.64,8.946363636363635,8.844332330725782,44,2,3,2,232,Dormant,2010-08-15 11:02:00,2010-11-14 10:56:00,90,37,United Kingdom,31.200000000000003,45.0
17301,20,2,330.43,2.7308264462809917,2.233856376604092,121,4,3,2,432,Standard,2010-03-25 13:16:00,2011-11-18 13:43:00,603,107,United Kingdom,13.52,301.5
17302,14,5,1135.63,14.375063291139242,14.714734188544917,79,5,4,3,543,Loyal,2011-02-07 10:14:00,2011-11-25 09:36:00,290,68,United Kingdom,90.0,58.0
17303,360,1,250.04,4.717735849056604,4.045409383823667,53,2,2,1,221,Dormant,2010-12-13 13:32:00,2010-12-13 13:32:00,0,53,United Kingdom,20.28,0.0
17304,533,1,111.5,22.3,19.24162155328911,5,1,2,1,121,Dormant,2010-06-23 16:23:00,2010-06-23 16:23:00,0,5,United Kingdom,52.5,0.0
17305,648,1,2135.46,237.27333333333334,156.38919208180596,9,1,2,4,124,Dormant,2010-03-01 12:47:00,2010-03-01 12:47:00,0,9,United Kingdom,595.0,0.0
17306,10,21,9782.35,135.86597222222224,77.55836282511316,72,5,5,5,555,Champions,2010-11-01 11:38:00,2011-11-29 12:14:00,393,17,United Kingdom,360.0,18.714285714285715
17307,394,11,3999.8900000000003,83.33104166666668,52.897813623304764,48,2,5,5,255,At_Risk_HighValue,2010-01-19 16:38:00,2010-11-09 13:40:00,293,22,United Kingdom,228.96,26.636363636363637
17308,392,2,4511.76,644.5371428571428,465.1432317653809,7,2,3,5,235,At_Risk_HighValue,2010-09-13 09:35:00,2010-11-11 13:19:00,59,5,United Kingdom,1270.2,29.5
17309,94,3,330.59,8.934864864864863,6.424417665620934,37,3,3,2,332,HighEngagement_LowValue,2010-02-04 15:49:00,2011-09-05 15:20:00,577,33,United Kingdom,38.25,192.33333333333334
17310,386,2,1025.1,512.55,357.0182138210878,2,2,3,3,233,Dormant,2010-06-23 11:38:00,2010-11-17 16:00:00,147,1,United Kingdom,765.0,73.5
17311,77,6,3566.56,28.083149606299212,22.079427604323975,127,3,4,5,345,Standard,2010-02-03 12:38:00,2011-09-22 14:11:00,596,124,United Kingdom,144.0,99.33333333333333
17312,138,3,644.3,46.021428571428565,85.21574365710228,14,3,3,3,333,Standard,2011-07-03 13:12:00,2011-07-24 11:52:00,20,11,United Kingdom,244.8,6.666666666666667
17313,30,1,2328.84,97.03500000000001,63.955690979737305,24,4,2,4,424,Standard,2011-11-08 15:45:00,2011-11-08 15:45:00,0,24,United Kingdom,224.64,0.0
17314,24,17,4904.43,19.1579296875,11.279584369121707,256,4,5,5,455,Champions,2009-12-03 11:25:00,2011-11-15 09:41:00,711,200,United Kingdom,76.19999999999999,41.8235294117647
17315,1,43,9650.6,12.714888010540186,19.661730973190327,759,5,5,5,555,Champions,2010-09-27 12:45:00,2011-12-08 12:15:00,436,385,United Kingdom,238.8,10.13953488372093
17316,419,1,124.45,3.5557142857142856,2.1497527706203607,35,1,2,1,121,Dormant,2010-10-15 14:35:00,2010-10-15 14:35:00,0,35,United Kingdom,11.9,0.0
17317,45,3,2600.34,288.9266666666667,204.6930560619974,9,4,3,4,434,Loyal,2011-09-11 12:45:00,2011-10-24 17:19:00,43,8,United Kingdom,622.5,14.333333333333334
17318,724,1,164.28,9.126666666666667,7.298725110270569,18,1,2,1,121,Dormant,2009-12-14 13:11:00,2009-12-14 13:11:00,0,17,United Kingdom,29.68,0.0
17319,668,1,29.099999999999998,9.7,5.0229473419497435,3,1,2,1,121,Dormant,2010-02-08 15:47:00,2010-02-08 15:47:00,0,3,United Kingdom,12.6,0.0
17320,99,6,2895.77,16.64235632183908,11.048715494066839,174,3,4,4,344,Standard,2010-01-21 16:29:00,2011-08-31 13:31:00,586,86,United Kingdom,66.6,97.66666666666667
17321,7,6,1741.18,5.9023050847457625,7.8023198260845135,295,5,4,4,544,Champions,2010-05-11 12:10:00,2011-12-01 13:41:00,569,241,United Kingdom,79.9,94.83333333333333
17322,375,5,922.59,5.2123728813559325,4.223314620401464,177,2,4,3,243,Standard,2009-12-03 11:46:00,2010-11-28 14:41:00,360,115,United Kingdom,27.36,72.0
17323,14,12,1565.59,4.659494047619047,3.109923267272469,336,5,5,4,554,Champions,2010-01-10 11:58:00,2011-11-24 17:29:00,683,168,United Kingdom,20.8,56.916666666666664
17324,17,12,2301.87,15.143881578947367,33.86608237107876,152,5,5,4,554,Champions,2009-12-18 15:29:00,2011-11-22 10:34:00,703,111,United Kingdom,306.0,58.583333333333336
17325,279,3,609.5699999999999,15.629999999999999,5.792808154581806,39,2,3,2,232,Standard,2010-03-08 11:31:00,2011-03-04 13:09:00,361,39,United Kingdom,33.9,120.33333333333333
17326,407,2,321.95,3.6174157303370786,2.61789450794904,89,2,3,2,232,Dormant,2010-06-28 14:05:00,2010-10-27 15:38:00,121,82,United Kingdom,16.95,60.5
17327,409,2,152.35,38.0875,45.61857032320646,4,2,3,1,231,Dormant,2010-05-26 11:20:00,2010-10-26 09:54:00,152,3,United Kingdom,102.0,76.0
17328,672,1,104.7,17.45,28.311234519179838,6,1,2,1,121,Dormant,2010-02-04 17:11:00,2010-02-04 17:11:00,0,6,United Kingdom,75.0,0.0
17329,13,5,1004.4300000000001,9.566,10.70806611858556,105,5,4,3,543,Loyal,2009-12-03 16:09:00,2011-11-25 14:24:00,721,80,United Kingdom,68.58,144.2
17330,22,4,423.8,52.975,25.44823878273027,8,4,4,2,442,Loyal,2010-03-02 09:20:00,2011-11-17 08:56:00,624,7,United Kingdom,99.0,156.0
17331,123,1,175.2,175.2,0.0,1,3,2,1,321,Standard,2011-08-08 11:55:00,2011-08-08 11:55:00,0,1,United Kingdom,175.2,0.0
17332,527,5,838.27,8.823894736842105,8.578479666762469,95,1,4,3,143,Standard,2010-02-21 14:41:00,2010-06-29 16:10:00,128,82,United Kingdom,57.75,25.6
17333,85,1,494.25,17.651785714285715,9.9163647212935,28,3,2,2,322,Standard,2011-09-15 10:11:00,2011-09-15 10:11:00,0,28,United Kingdom,39.6,0.0
17334,301,3,635.1500000000001,20.488709677419358,13.691736861317848,31,2,3,3,233,Standard,2010-10-29 12:16:00,2011-02-10 14:59:00,104,20,United Kingdom,70.2,34.666666666666664
17335,383,2,508.0,13.025641025641026,15.049082118341584,39,2,3,2,232,Dormant,2010-01-24 11:15:00,2010-11-21 10:17:00,300,34,United Kingdom,51.0,150.0
17336,471,1,81.12,81.12,0.0,1,1,2,1,121,Dormant,2010-08-24 15:37:00,2010-08-24 15:37:00,0,1,United Kingdom,81.12,0.0
17337,150,4,2027.8700000000001,3.7345672191528547,4.516596797335172,543,3,4,4,344,Standard,2011-02-02 17:06:00,2011-07-11 14:55:00,158,421,United Kingdom,38.35,39.5
17338,16,17,12142.57,8.915249632892804,6.924386511186418,1362,5,5,5,555,Champions,2010-03-10 16:09:00,2011-11-22 14:23:00,621,590,United Kingdom,51.0,36.529411764705884
17339,93,3,362.36,25.882857142857144,21.131660325962756,14,3,3,2,332,Standard,2010-07-18 13:08:00,2011-09-06 13:29:00,415,10,United Kingdom,82.80000000000001,138.33333333333334
17340,29,18,22404.82,28.835032175032175,25.19415374686895,777,4,5,5,455,Champions,2010-02-14 14:54:00,2011-11-10 10:45:00,633,322,United Kingdom,276.0,35.166666666666664
17341,156,5,1889.83,4.643316953316953,7.369608177169761,407,3,4,4,344,Standard,2010-06-17 18:17:00,2011-07-06 12:33:00,383,200,United Kingdom,81.6,76.6
17342,379,4,1227.54,35.07257142857143,28.44173273273512,35,2,4,3,243,Standard,2010-02-08 09:16:00,2010-11-25 11:07:00,290,31,United Kingdom,142.8,72.5
17343,354,6,1259.94,15.74925,11.538956666413437,80,2,4,4,244,Standard,2009-12-03 18:30:00,2010-12-19 15:07:00,380,61,United Kingdom,67.8,63.333333333333336
17344,45,2,468.11,6.784202898550725,11.22696889660275,69,4,3,2,432,Standard,2009-12-11 12:31:00,2011-10-24 12:56:00,682,64,United Kingdom,81.0,341.0
17345,14,10,1604.68,7.533708920187793,8.39121175778144,213,5,5,4,554,Champions,2009-12-01 16:17:00,2011-11-24 15:03:00,722,174,United Kingdom,61.2,72.2
17346,3,26,5323.0,5.275520317145689,6.107399310762692,1009,5,5,5,555,Champions,2010-04-18 12:18:00,2011-12-06 12:18:00,597,517,United Kingdom,54.08,22.96153846153846
17347,85,1,228.96,228.96,0.0,1,3,2,1,321,Standard,2011-09-14 13:12:00,2011-09-14 13:12:00,0,1,United Kingdom,228.96,0.0
17348,14,9,2476.41,5.371822125813448,6.182913740690038,461,5,5,4,554,Champions,2010-03-10 12:13:00,2011-11-25 11:25:00,624,326,United Kingdom,50.88,69.33333333333333
17349,178,5,852.25,9.066489361702128,17.832068111531374,94,3,4,3,343,Standard,2010-03-18 14:26:00,2011-06-13 14:29:00,452,74,United Kingdom,121.8,90.4
17350,7,7,1906.041,13.055075342465752,14.208544573520985,146,5,4,4,544,Champions,2010-02-01 15:38:00,2011-12-01 15:47:00,668,124,United Kingdom,122.04,95.42857142857143
17351,35,12,1988.23,28.814927536231885,27.823522984062816,69,4,5,4,454,Champions,2009-12-10 18:43:00,2011-11-03 18:45:00,693,45,United Kingdom,135.0,57.75
17352,695,1,36.25,7.25,1.9940536602609262,5,1,2,1,121,Dormant,2010-01-12 16:13:00,2010-01-12 16:13:00,0,5,United Kingdom,10.2,0.0
17353,128,4,3242.0,231.57142857142858,41.96605640407364,14,3,4,5,345,Standard,2010-03-25 12:52:00,2011-08-02 17:19:00,495,7,United Kingdom,290.0,123.75
17354,50,4,3143.46,30.225576923076922,52.50249351132427,104,4,4,5,445,Champions,2010-10-07 13:22:00,2011-10-20 10:34:00,377,85,United Kingdom,270.0,94.25
17355,385,1,285.11,7.705675675675676,10.625317130049066,37,2,2,1,221,Dormant,2010-11-18 13:18:00,2010-11-18 13:18:00,0,28,United Kingdom,60.0,0.0
17356,311,5,946.47,11.00546511627907,12.11283467644006,86,2,4,3,243,Standard,2010-01-20 12:14:00,2011-02-01 11:07:00,376,73,United Kingdom,79.2,75.2
17357,23,2,388.14,8.625333333333334,14.945527242136846,45,4,3,2,432,Standard,2011-11-15 16:29:00,2011-11-15 16:30:00,0,41,United Kingdom,75.46,0.0
17358,302,5,866.05,5.891496598639455,4.94236402224816,147,2,4,3,243,Standard,2010-02-24 16:42:00,2011-02-09 16:57:00,350,126,United Kingdom,30.0,70.0
17359,10,2,284.46,7.48578947368421,6.566922283597174,38,5,3,1,531,Standard,2010-03-01 14:48:00,2011-11-28 14:37:00,636,36,United Kingdom,25.5,318.0
17360,16,6,1231.3799999999999,5.13075,5.847744859109238,240,5,4,3,543,Loyal,2010-10-01 12:07:00,2011-11-22 13:11:00,417,189,United Kingdom,46.5,69.5
17361,48,5,880.64,15.18344827586207,14.347289682519131,58,4,4,3,443,Loyal,2010-02-01 14:30:00,2011-10-21 15:43:00,627,51,United Kingdom,83.4,125.4
17362,238,7,1024.04,7.1113888888888885,6.4108549347618995,144,2,4,3,243,Standard,2010-01-06 10:53:00,2011-04-14 14:43:00,463,99,United Kingdom,35.95,66.14285714285714
17363,394,3,940.86,26.135,32.695469804153085,36,2,3,3,233,Standard,2010-11-02 17:25:00,2010-11-09 17:11:00,6,34,United Kingdom,153.0,2.0
17364,0,28,12070.42,13.120021739130435,17.427539036412618,920,5,5,5,555,Champions,2009-12-07 15:28:00,2011-12-09 09:00:00,731,513,United Kingdom,358.47,26.107142857142858
17365,12,15,8224.98,10.294092615769712,8.394042680839336,799,5,5,5,555,Champions,2010-02-01 11:56:00,2011-11-27 12:13:00,664,395,United Kingdom,71.4,44.266666666666666
17366,431,2,1096.24,8.120296296296296,10.784879889915862,135,1,3,3,133,Dormant,2010-09-09 19:46:00,2010-10-03 16:04:00,23,120,United Kingdom,76.32000000000001,11.5
17367,237,1,168.4,4.952941176470588,4.465538434678002,34,2,2,1,221,Dormant,2011-04-15 14:21:00,2011-04-15 14:21:00,0,33,United Kingdom,17.4,0.0
17368,22,14,2826.14,11.775583333333334,28.721056649360733,240,4,5,4,454,Champions,2009-12-15 17:45:00,2011-11-16 15:26:00,700,195,United Kingdom,297.0,50.0
17369,455,1,979.2,979.2,0.0,1,1,2,3,123,Dormant,2010-09-10 09:49:00,2010-09-10 09:49:00,0,1,United Kingdom,979.2,0.0
17370,72,4,446.18,13.520606060606061,5.09686542113995,33,3,4,2,342,Standard,2011-06-23 11:50:00,2011-09-28 10:14:00,96,31,United Kingdom,24.96,24.0
17371,16,6,662.55,4.538013698630136,6.142956114160405,146,5,4,3,543,Loyal,2009-12-08 12:25:00,2011-11-22 13:30:00,714,135,United Kingdom,47.7,119.0
17372,40,28,4377.56,6.632666666666667,7.5083763347759245,660,4,5,5,455,Champions,2009-12-03 18:41:00,2011-10-30 11:37:00,695,412,United Kingdom,76.5,24.821428571428573
17373,39,7,1167.5,12.82967032967033,10.318958759977187,91,4,4,3,443,Loyal,2010-02-28 14:17:00,2011-10-30 15:28:00,609,65,United Kingdom,53.1,87.0
17374,218,3,727.11,17.312142857142856,4.70524229474581,42,2,3,3,233,Standard,2010-11-09 17:14:00,2011-05-05 09:05:00,176,34,United Kingdom,35.7,58.666666666666664
17375,198,4,660.55,7.6808139534883715,5.543525574963427,86,2,4,3,243,Standard,2010-10-04 09:14:00,2011-05-24 15:45:00,232,77,United Kingdom,22.5,58.0
17376,70,4,453.64,8.248,5.589124823824951,55,3,4,2,342,Standard,2010-07-05 11:11:00,2011-09-30 12:36:00,452,41,United Kingdom,29.25,113.0
17377,23,78,18319.41,10.314983108108107,16.93619844600704,1776,4,5,5,455,Champions,2009-12-02 12:39:00,2011-11-16 11:17:00,713,505,United Kingdom,305.64,9.14102564102564
17378,373,1,10.95,10.95,0.0,1,2,2,1,221,Dormant,2010-11-30 18:46:00,2010-11-30 18:46:00,0,1,United Kingdom,10.95,0.0
17379,10,1,404.66,4.875421686746988,4.983323971789979,83,5,2,2,522,Standard,2011-11-28 13:56:00,2011-11-28 13:56:00,0,71,United Kingdom,23.1,0.0
17380,433,3,645.0,64.5,32.48784388044242,10,1,3,3,133,Standard,2010-06-23 11:24:00,2010-10-01 16:42:00,100,5,United Kingdom,102.0,33.333333333333336
17381,8,38,40002.37,229.89867816091956,231.58107251164006,174,5,5,5,555,Champions,2010-06-09 12:55:00,2011-12-01 11:59:00,539,50,United Kingdom,1326.0,14.18421052631579
17382,64,8,902.28,50.126666666666665,37.908780295987,18,3,5,3,353,Standard,2010-05-19 11:33:00,2011-10-05 13:05:00,504,16,United Kingdom,182.88,63.0
17383,3,2,309.99,5.848867924528302,15.017732423881357,53,5,3,2,532,Standard,2010-09-12 14:54:00,2011-12-05 17:36:00,449,51,United Kingdom,109.45,224.5
17384,18,3,507.55,25.3775,53.797372159946526,20,5,3,2,532,Loyal,2010-08-29 16:01:00,2011-11-20 15:48:00,447,15,United Kingdom,214.2,149.0
17385,14,1,261.11,5.555531914893617,4.533361267848489,47,5,2,1,521,Standard,2011-11-25 11:02:00,2011-11-25 11:02:00,0,42,United Kingdom,25.0,0.0
17386,7,7,2812.77,74.02026315789473,138.74439264027237,38,5,4,4,544,Champions,2010-11-19 13:40:00,2011-12-02 11:28:00,377,32,United Kingdom,851.76,53.857142857142854
17387,19,2,784.11,10.052692307692308,8.782879992862874,78,4,3,3,433,Standard,2011-11-06 11:25:00,2011-11-20 11:00:00,13,71,United Kingdom,50.0,6.5
17388,77,11,2691.57,47.22052631578948,89.6311109178108,57,3,5,4,354,Standard,2009-12-10 11:45:00,2011-09-23 10:31:00,651,41,United Kingdom,381.6,59.18181818181818
17389,0,61,57224.68,132.77187935034803,166.37666003699096,431,5,5,5,555,Champions,2009-12-04 12:06:00,2011-12-09 09:38:00,734,63,United Kingdom,1248.3,12.032786885245901
17390,420,1,149.3,12.441666666666668,21.788767261776854,12,1,2,1,121,Dormant,2010-10-15 11:29:00,2010-10-15 11:29:00,0,12,United Kingdom,66.0,0.0
17391,163,2,508.8,169.6,58.75116339273632,3,3,3,2,332,Standard,2011-06-28 12:21:00,2011-06-29 09:58:00,0,2,United Kingdom,203.52,0.0
17392,306,3,626.56,8.244210526315788,8.580830769905347,76,2,3,3,233,Standard,2010-09-15 16:17:00,2011-02-06 12:48:00,143,66,United Kingdom,52.5,47.666666666666664
17393,410,2,381.15000000000003,7.940625000000001,12.118658974727552,48,1,3,2,132,Dormant,2010-08-08 15:53:00,2010-10-25 11:10:00,77,45,United Kingdom,81.12,38.5
17394,218,1,203.86999999999998,50.967499999999994,70.36217893868836,4,2,2,1,221,Dormant,2011-05-04 13:22:00,2011-05-04 13:22:00,0,4,United Kingdom,155.51999999999998,0.0
17395,507,1,97.5,32.5,11.4564392373896,3,1,2,1,121,Dormant,2010-07-19 15:34:00,2010-07-19 15:34:00,0,3,United Kingdom,45.0,0.0
17396,38,14,8807.1,176.142,208.5534420718105,50,4,5,5,455,Champions,2010-09-24 13:04:00,2011-10-31 14:12:00,402,29,United Kingdom,1226.4,28.714285714285715
17397,21,3,1233.18,8.93608695652174,9.489974459041461,138,4,3,3,433,Loyal,2010-10-19 13:20:00,2011-11-17 14:08:00,394,132,United Kingdom,59.7,131.33333333333334
17398,114,3,653.38,17.19421052631579,8.113940833304905,38,3,3,3,333,Standard,2011-03-29 13:04:00,2011-08-17 09:48:00,140,30,United Kingdom,43.8,46.666666666666664
17400,125,8,4677.05,9.723596673596674,7.043469977834475,481,3,5,5,355,Standard,2009-12-17 15:41:00,2011-08-05 15:38:00,595,345,United Kingdom,60.0,74.375
17401,540,1,114.85,9.570833333333333,5.466736534106371,12,1,2,1,121,Dormant,2010-06-16 16:54:00,2010-06-16 16:54:00,0,11,United Kingdom,19.8,0.0
17402,4,23,5096.18,25.104334975369458,52.951409343019264,203,5,5,5,555,Champions,2009-12-16 17:40:00,2011-12-05 10:15:00,718,105,United Kingdom,271.2,31.217391304347824
17403,35,2,400.57,8.708043478260869,7.791719427861355,46,4,3,2,432,Standard,2010-09-15 12:29:00,2011-11-03 15:18:00,414,45,United Kingdom,35.400000000000006,207.0
17404,3,23,47781.12,163.63397260273973,149.3165162351115,292,5,5,5,555,Champions,2010-01-07 11:31:00,2011-12-05 16:26:00,697,126,Sweden,1188.0,30.304347826086957
17405,0,3,1031.41,12.578170731707319,8.139991374407536,82,5,3,3,533,Loyal,2011-07-12 14:17:00,2011-12-08 17:12:00,149,77,United Kingdom,53.1,49.666666666666664
17406,332,13,4905.05,18.93841698841699,30.40075848521891,259,2,5,5,255,At_Risk_HighValue,2009-12-06 13:45:00,2011-01-10 15:07:00,400,155,United Kingdom,295.0,30.76923076923077
17407,411,1,552.9,24.039130434782606,12.141242228283309,23,1,2,2,122,Dormant,2010-10-24 11:57:00,2010-10-24 11:57:00,0,23,United Kingdom,59.7,0.0
17408,162,3,316.09000000000003,39.511250000000004,47.06690388236122,8,3,3,2,332,HighEngagement_LowValue,2010-07-13 14:02:00,2011-06-29 12:53:00,350,7,United Kingdom,151.20000000000002,116.66666666666667
17409,184,10,7793.51,74.93759615384616,58.745613056539995,104,3,5,5,355,Standard,2009-12-11 12:17:00,2011-06-08 10:36:00,543,50,United Kingdom,255.2,54.3
17410,15,5,1214.72,18.98,10.461742396381874,64,5,4,3,543,Loyal,2011-05-08 15:21:00,2011-11-23 15:46:00,199,57,United Kingdom,72.0,39.8
17411,11,5,1425.38,19.005066666666668,9.449461642513471,75,5,4,4,544,Champions,2009-12-03 12:02:00,2011-11-27 14:25:00,724,69,United Kingdom,54.0,144.8
17412,2,16,4417.52,18.718305084745765,26.983830282031985,236,5,5,5,555,Champions,2009-12-02 13:51:00,2011-12-07 11:36:00,734,161,United Kingdom,295.0,45.875
17413,404,2,560.14,56.013999999999996,57.01134939641405,10,2,3,2,232,Dormant,2010-05-19 11:11:00,2010-10-31 12:33:00,165,10,United Kingdom,175.2,82.5
17414,43,6,2249.52,107.12,111.05269668044986,21,4,4,4,444,Champions,2009-12-03 16:49:00,2011-10-27 12:13:00,692,6,United Kingdom,390.0,115.33333333333333
17415,79,1,507.84,36.27428571428571,42.50745757453096,14,3,2,2,322,Standard,2011-09-21 12:50:00,2011-09-21 12:50:00,0,14,United Kingdom,170.0,0.0
17416,29,22,17298.45,28.97562814070352,28.50075670399674,597,4,5,5,455,Champions,2009-12-14 16:29:00,2011-11-10 12:47:00,695,324,United Kingdom,279.8,31.59090909090909
17417,548,1,164.18,10.26125,8.623121534572038,16,1,2,1,121,Dormant,2010-06-09 10:00:00,2010-06-09 10:00:00,0,16,United Kingdom,35.7,0.0
17418,41,3,670.0600000000001,15.953809523809525,8.034772585420155,42,4,3,3,433,Loyal,2010-11-17 13:42:00,2011-10-28 13:00:00,344,40,United Kingdom,35.400000000000006,114.66666666666667
17419,10,18,6500.52,20.44188679245283,11.24444085121818,318,5,5,5,555,Champions,2010-01-25 13:19:00,2011-11-28 13:47:00,672,203,United Kingdom,85.0,37.333333333333336
17420,49,6,1084.43,19.025087719298245,4.763133018600492,57,4,4,3,443,Loyal,2010-11-03 13:09:00,2011-10-20 14:52:00,351,43,United Kingdom,39.6,58.5
17421,385,3,1059.41,18.265689655172416,8.774918225653654,58,2,3,3,233,Standard,2009-12-04 15:43:00,2010-11-18 16:57:00,349,46,United Kingdom,50.400000000000006,116.33333333333333
17422,15,11,3594.76,17.535414634146342,9.66656398434885,205,5,5,5,555,Champions,2010-06-23 10:19:00,2011-11-23 13:27:00,518,149,United Kingdom,60.0,47.09090909090909
17423,45,3,1118.95,26.022093023255817,23.793071376242075,43,4,3,3,433,Loyal,2010-11-11 12:26:00,2011-10-24 13:36:00,347,39,United Kingdom,102.0,115.66666666666667
17425,18,2,759.1700000000001,17.65511627906977,9.428552979947723,43,5,3,3,533,Standard,2011-10-10 11:37:00,2011-11-20 15:30:00,41,42,United Kingdom,70.2,20.5
17426,7,13,8077.77,18.917494145199065,14.616847169302288,427,5,5,5,555,Champions,2010-02-17 13:39:00,2011-12-01 18:07:00,652,248,United Kingdom,239.7,50.15384615384615
17427,71,1,100.8,50.4,28.84995667241114,2,3,2,1,321,Standard,2011-09-29 11:29:00,2011-09-29 11:29:00,0,2,United Kingdom,70.8,0.0
17428,0,45,31819.760000000002,43.648504801097396,51.50612304460005,729,5,5,5,555,Champions,2009-12-01 17:28:00,2011-12-09 09:45:00,737,422,United Kingdom,489.6,16.377777777777776
17429,127,5,1357.46,14.289052631578947,6.702942680816153,95,3,4,4,344,Standard,2010-10-06 12:30:00,2011-08-03 13:22:00,301,80,United Kingdom,35.400000000000006,60.2
17430,32,4,735.17,17.50404761904762,6.721541656612683,42,4,4,3,443,Loyal,2010-08-17 11:52:00,2011-11-07 09:24:00,446,30,United Kingdom,39.0,111.5
17431,312,1,403.3,9.37906976744186,8.21637876843839,43,2,2,2,222,Dormant,2011-01-30 14:36:00,2011-01-30 14:36:00,0,41,United Kingdom,34.8,0.0
17432,17,9,1751.39,6.322707581227437,5.601512046551334,277,5,5,4,554,Champions,2009-12-03 19:13:00,2011-11-21 17:33:00,717,213,United Kingdom,31.6,79.66666666666667
17433,87,2,569.96,6.128602150537635,4.223522790740968,93,3,3,2,332,Standard,2010-11-19 13:37:00,2011-09-12 14:24:00,297,81,United Kingdom,29.9,148.5
17434,1,7,2373.82,17.715074626865672,12.168506605245677,134,5,4,4,544,Champions,2011-09-15 13:54:00,2011-12-07 13:16:00,82,100,United Kingdom,83.4,11.714285714285714
17435,410,1,331.35,22.09,8.481391395284147,15,1,2,2,122,Dormant,2010-10-24 13:55:00,2010-10-24 13:55:00,0,15,United Kingdom,40.8,0.0
17436,1,5,534.0600000000001,31.41529411764706,21.49391719697897,17,5,4,2,542,Loyal,2009-12-07 12:31:00,2011-12-08 12:30:00,730,8,United Kingdom,101.76,146.0
17437,529,1,373.17,7.040943396226416,3.560090893476081,53,1,2,2,122,Dormant,2010-06-28 11:11:00,2010-06-28 11:11:00,0,52,United Kingdom,19.95,0.0
17438,253,5,1422.77,20.03901408450704,11.726803504905162,71,2,4,4,244,Standard,2010-03-08 16:53:00,2011-03-31 10:26:00,387,49,United Kingdom,89.69999999999999,77.4
17439,655,1,325.74,40.7175,29.43057775754423,8,1,2,2,122,Dormant,2010-02-22 12:48:00,2010-02-22 12:48:00,0,8,United Kingdom,102.0,0.0
17440,156,4,323.58,53.93,52.8557217337915,6,3,4,2,342,HighEngagement_LowValue,2010-06-08 14:40:00,2011-07-06 11:54:00,392,4,United Kingdom,137.16,98.0
17441,731,1,293.35,13.96904761904762,4.246954090594699,21,1,2,2,122,Dormant,2009-12-07 13:32:00,2009-12-07 13:32:00,0,21,United Kingdom,20.4,0.0
17442,36,15,4620.3,16.326148409893992,5.919599223832995,283,4,5,5,455,Champions,2010-02-15 15:54:00,2011-11-03 09:17:00,625,188,United Kingdom,49.8,41.666666666666664
17443,219,1,534.24,534.24,0.0,1,2,2,2,222,Dormant,2011-05-04 10:47:00,2011-05-04 10:47:00,0,1,Canada,534.24,0.0
17444,147,3,2940.04,21.778074074074073,47.08854353326321,135,3,3,4,334,Standard,2011-06-20 09:04:00,2011-07-15 12:05:00,25,132,Canada,550.94,8.333333333333334
17446,176,2,120.89999999999999,13.433333333333332,0.7000000000000003,9,3,3,1,331,Standard,2011-02-02 14:40:00,2011-06-16 10:42:00,133,6,United Kingdom,15.3,66.5
17447,39,2,541.53,15.042499999999999,7.787466624555861,36,4,3,2,432,Standard,2011-09-29 10:10:00,2011-10-30 14:18:00,31,33,United Kingdom,40.56,15.5
17448,496,46,14556.970000000001,13.032202327663384,4.816741877438062,1117,1,5,5,155,At_Risk_HighValue,2010-03-04 17:29:00,2010-07-30 14:07:00,147,569,United Kingdom,39.6,3.1956521739130435
17449,1,13,4951.15,8.279515050167223,6.37237912222174,598,5,5,5,555,Champions,2009-12-09 14:16:00,2011-12-07 16:56:00,728,292,United Kingdom,50.400000000000006,56.0
17450,7,51,246973.09,582.4837028301887,869.114531350148,424,5,5,5,555,Champions,2010-09-27 16:59:00,2011-12-01 13:29:00,429,144,United Kingdom,7144.719999999999,8.411764705882353
17451,0,7,1721.4,17.214000000000002,7.543136287414211,100,5,4,4,544,Champions,2011-08-26 11:54:00,2011-12-08 15:02:00,104,83,United Kingdom,45.0,14.857142857142858
17453,17,2,486.72,25.61684210526316,18.632280844643912,19,5,3,2,532,Standard,2011-10-06 17:02:00,2011-11-22 09:42:00,46,19,United Kingdom,61.2,23.0
17454,191,10,1547.94,12.285238095238096,7.382574479330173,126,2,5,4,254,Standard,2010-01-15 15:40:00,2011-05-31 13:58:00,500,98,United Kingdom,39.8,50.0
17455,203,1,131.7,16.4625,2.2990292982660563,8,2,2,1,221,Dormant,2011-05-20 12:31:00,2011-05-20 12:31:00,0,8,United Kingdom,19.9,0.0
17456,364,2,1225.42,15.914545454545456,5.981106336987672,77,2,3,3,233,Dormant,2010-09-09 15:28:00,2010-12-09 15:23:00,90,59,United Kingdom,35.400000000000006,45.0
17457,126,14,5984.81,93.51265625,88.8531112664111,64,3,5,5,355,Standard,2009-12-07 14:52:00,2011-08-05 12:48:00,605,30,United Kingdom,496.8,43.214285714285715
17458,14,2,529.58,6.1579069767441865,4.696445493519307,86,5,3,2,532,Standard,2010-11-23 11:43:00,2011-11-24 13:01:00,366,81,United Kingdom,33.0,183.0
17459,42,2,657.3,5.921621621621621,6.205466291254178,111,4,3,3,433,Standard,2011-10-10 17:00:00,2011-10-27 13:25:00,16,88,United Kingdom,30.24,8.0
17460,93,16,2228.27,16.030719424460433,11.270235819214568,139,3,5,4,354,Standard,2010-01-22 13:25:00,2011-09-06 15:04:00,592,93,United Kingdom,68.0,37.0
17461,22,3,757.46,6.823963963963965,5.005901295521894,111,4,3,3,433,Loyal,2011-11-10 12:01:00,2011-11-17 10:21:00,6,104,United Kingdom,29.700000000000003,2.0
17462,59,2,675.69,25.025555555555556,22.00111436571642,27,3,3,3,333,Standard,2011-02-28 17:01:00,2011-10-10 13:56:00,223,25,United Kingdom,102.0,111.5
17463,15,7,2557.91,7.894783950617284,5.915042294030964,324,5,4,4,544,Champions,2010-04-29 17:57:00,2011-11-23 13:40:00,572,234,United Kingdom,35.7,81.71428571428571
17464,157,3,1000.94,23.831904761904763,28.285290949330356,42,3,3,3,333,Standard,2010-03-30 13:15:00,2011-07-04 13:19:00,461,35,United Kingdom,142.8,153.66666666666666
17465,425,7,2542.79,17.906971830985917,8.765315187694418,142,1,4,4,144,At_Risk_HighValue,2009-12-03 13:25:00,2010-10-10 11:56:00,310,103,United Kingdom,84.0,44.285714285714285
17466,9,2,763.28,18.61658536585366,7.6398892694057094,41,5,3,3,533,Standard,2011-09-22 09:16:00,2011-11-29 13:15:00,68,41,United Kingdom,38.25,34.0
17467,394,1,102.6,25.65,11.614502428716722,4,2,2,1,221,Dormant,2010-11-09 12:58:00,2010-11-09 12:58:00,0,4,United Kingdom,39.8,0.0
17468,9,3,194.8,24.35,6.1752964069982665,8,5,3,1,531,HighEngagement_LowValue,2010-11-29 17:25:00,2011-11-29 15:33:00,364,8,United Kingdom,30.0,121.33333333333333
17469,15,17,5051.25,18.918539325842698,6.695847588325112,267,5,5,5,555,Champions,2009-12-16 15:06:00,2011-11-23 13:15:00,706,165,United Kingdom,49.5,41.529411764705884
17470,44,11,2804.87,16.896807228915662,12.88036080988872,166,4,5,4,454,Champions,2010-07-19 16:16:00,2011-10-26 12:42:00,463,111,United Kingdom,102.0,42.09090909090909
17471,474,1,321.65000000000003,16.928947368421053,4.2103152359372,19,1,2,2,122,Dormant,2010-08-22 11:53:00,2010-08-22 11:53:00,0,19,United Kingdom,30.6,0.0
17472,190,4,935.1,4.065652173913044,3.639468417068356,230,2,4,3,243,Standard,2010-03-21 13:27:00,2011-06-01 14:57:00,437,183,United Kingdom,20.4,109.25
17473,408,2,607.0,17.852941176470587,12.094576427727096,34,2,3,2,232,Dormant,2010-09-09 19:03:00,2010-10-27 11:45:00,47,33,United Kingdom,81.0,23.5
17474,599,1,1047.0,174.5,100.68165672057646,6,1,2,3,123,Dormant,2010-04-19 10:43:00,2010-04-19 10:43:00,0,6,United Kingdom,306.0,0.0
17475,78,1,194.37,13.883571428571429,5.753291508937575,14,3,2,1,321,Standard,2011-09-21 14:55:00,2011-09-21 14:55:00,0,14,United Kingdom,26.1,0.0
17476,395,2,489.86,15.801935483870968,4.328777671471736,31,2,3,2,232,Dormant,2009-12-02 12:09:00,2010-11-09 10:21:00,341,29,United Kingdom,25.5,170.5
17477,612,2,1144.3,26.00681818181818,22.14662752138176,44,1,3,3,133,Dormant,2010-03-02 11:53:00,2010-04-06 10:06:00,34,44,United Kingdom,102.0,17.0
17478,407,2,1272.8000000000002,31.820000000000004,19.508473372699708,40,2,3,4,234,Dormant,2010-03-16 14:19:00,2010-10-27 15:01:00,225,40,United Kingdom,89.10000000000001,112.5
17479,632,1,389.26000000000005,21.625555555555557,11.901406353982473,18,1,2,2,122,Dormant,2010-03-17 09:26:00,2010-03-17 09:26:00,0,18,United Kingdom,59.400000000000006,0.0
17480,77,2,902.03,16.70425925925926,7.956893202811659,54,3,3,3,333,Standard,2010-09-21 12:31:00,2011-09-23 11:39:00,366,50,United Kingdom,45.0,183.0
17481,3,4,1255.59,15.312073170731706,6.56916322871065,82,5,4,4,544,Champions,2011-09-07 09:57:00,2011-12-06 12:28:00,90,69,United Kingdom,46.8,22.5
17482,486,2,778.19,14.410925925925927,9.924332260892829,54,1,3,3,133,Dormant,2010-05-10 14:10:00,2010-08-09 15:33:00,91,50,United Kingdom,51.0,45.5
17483,64,4,591.73,21.133214285714285,12.943070233275105,28,3,4,2,342,Standard,2010-10-21 12:43:00,2011-10-05 13:10:00,349,23,United Kingdom,63.75,87.25
17484,575,2,209.57,14.969285714285714,7.7418726260667565,14,1,3,1,131,Dormant,2010-03-25 16:17:00,2010-05-12 15:41:00,47,14,United Kingdom,30.6,23.5
17486,260,1,396.87,16.53625,4.668632434059018,24,2,2,2,222,Dormant,2011-03-23 14:00:00,2011-03-23 14:00:00,0,24,United Kingdom,25.200000000000003,0.0
17487,727,1,160.55,20.06875,5.986170818764578,8,1,2,1,121,Dormant,2009-12-11 15:06:00,2009-12-11 15:06:00,0,8,United Kingdom,29.700000000000003,0.0
17488,640,1,336.5,18.694444444444443,6.583198062646007,18,1,2,2,122,Dormant,2010-03-08 14:07:00,2010-03-08 14:07:00,0,18,United Kingdom,30.0,0.0
17489,58,2,376.64,12.987586206896552,5.257246465031734,29,4,3,2,432,Standard,2011-05-11 11:34:00,2011-10-12 08:56:00,153,28,United Kingdom,30.0,76.5
17490,0,9,2750.5,23.711206896551722,22.976862545695354,116,5,5,4,554,Champions,2010-05-19 12:40:00,2011-12-09 09:08:00,568,93,United Kingdom,131.39999999999998,63.111111111111114
17491,0,17,5981.07,32.863021978021976,28.466439330644434,182,5,5,5,555,Champions,2010-04-28 11:57:00,2011-12-08 16:18:00,589,105,United Kingdom,152.64,34.64705882352941
17492,247,3,1122.42,28.78,16.85278721286498,39,2,3,3,233,Standard,2010-07-09 13:27:00,2011-04-05 15:21:00,270,32,United Kingdom,67.5,90.0
17493,384,1,100.91,12.61375,4.356744975978544,8,2,2,1,221,Dormant,2010-11-19 16:57:00,2010-11-19 16:57:00,0,8,United Kingdom,17.700000000000003,0.0
17494,501,1,54.7,18.233333333333334,2.80059517483933,3,1,2,1,121,Dormant,2010-07-26 10:06:00,2010-07-26 10:06:00,0,3,United Kingdom,19.9,0.0
17495,7,3,806.72,16.80666666666667,6.435552624961783,48,5,3,3,533,Loyal,2010-11-14 11:50:00,2011-12-02 12:08:00,383,38,United Kingdom,35.400000000000006,127.66666666666667
17496,358,4,1412.89,19.623472222222222,10.994744091292912,72,2,4,4,244,Standard,2010-01-14 13:36:00,2010-12-16 08:39:00,335,54,United Kingdom,79.95,83.75
17497,389,2,287.25,41.035714285714285,35.20857748576942,7,2,3,1,231,Dormant,2010-04-08 08:01:00,2010-11-14 14:17:00,220,7,United Kingdom,93.0,110.0
17498,75,1,272.21999999999997,16.012941176470587,6.715187790287292,17,3,2,1,321,Standard,2011-09-25 12:25:00,2011-09-25 12:25:00,0,17,United Kingdom,29.700000000000003,0.0
17499,289,2,1341.3899999999999,18.892816901408448,14.917900291078748,71,2,3,4,234,Dormant,2010-05-27 09:59:00,2011-02-23 09:14:00,271,66,United Kingdom,76.5,135.5
17500,16,3,1138.0,227.6,213.46000796402123,5,5,3,3,533,Loyal,2011-11-10 09:08:00,2011-11-22 14:25:00,12,3,United Kingdom,510.0,4.0
17501,220,2,288.6,16.033333333333335,4.6310016703288115,18,2,3,1,231,Dormant,2011-05-03 09:46:00,2011-05-03 09:47:00,0,18,United Kingdom,25.5,0.0
17502,8,4,689.1,24.610714285714288,9.33146407018329,28,5,4,3,543,Loyal,2011-11-10 16:39:00,2011-11-30 13:13:00,19,25,United Kingdom,40.56,4.75
17503,2,2,558.96,14.709473684210527,10.293772440988597,38,5,3,2,532,Standard,2011-11-01 11:12:00,2011-12-07 09:18:00,35,36,United Kingdom,53.1,17.5
17504,205,18,9565.12,27.644855491329483,27.428651001756517,346,2,5,5,255,At_Risk_HighValue,2010-02-08 09:22:00,2011-05-17 12:59:00,463,244,United Kingdom,305.28000000000003,25.72222222222222
17505,161,5,2435.48,23.877254901960786,14.737287198598851,102,3,4,4,344,Standard,2010-04-13 16:33:00,2011-07-01 12:50:00,443,83,United Kingdom,100.8,88.6
17506,75,1,302.2,21.585714285714285,7.825667545166517,14,3,2,2,322,Standard,2011-09-25 11:39:00,2011-09-25 11:39:00,0,14,United Kingdom,31.6,0.0
17507,261,2,605.58,6.881590909090909,4.212801750538672,88,2,3,2,232,Dormant,2011-02-03 18:08:00,2011-03-23 11:48:00,47,79,United Kingdom,23.4,23.5
17508,280,8,4579.23,19.823506493506493,18.118246611075257,231,2,5,5,255,At_Risk_HighValue,2009-12-07 11:46:00,2011-03-04 08:10:00,451,199,Greece,163.2,56.375
17509,57,8,6115.14,16.708032786885248,3.8385463799791264,366,4,5,5,455,Champions,2011-10-07 13:14:00,2011-10-13 10:26:00,5,75,United Kingdom,30.0,0.625
17510,24,2,514.56,14.701714285714283,5.014586655720598,35,4,3,2,432,Standard,2010-10-15 10:20:00,2011-11-15 10:00:00,395,28,United Kingdom,25.5,197.5
17511,2,60,175603.55,91.89092098377812,85.09192772014502,1911,5,5,5,555,Champions,2009-12-02 10:52:00,2011-12-07 10:12:00,734,657,United Kingdom,1401.6,12.233333333333333
17512,28,18,5467.820000000001,27.75543147208122,27.355331951283702,197,4,5,5,455,Champions,2009-12-10 19:35:00,2011-11-11 12:11:00,700,102,United Kingdom,158.4,38.888888888888886
17513,71,3,1158.8,64.37777777777778,51.82513080549374,18,3,3,3,333,Standard,2010-08-17 15:08:00,2011-09-28 16:42:00,407,18,United Kingdom,199.2,135.66666666666666
17514,127,2,542.83,6.2394252873563225,5.645206313061333,87,3,3,2,332,Standard,2010-02-08 14:00:00,2011-08-03 15:45:00,541,72,United Kingdom,33.6,270.5
17515,30,9,1617.46,8.985888888888889,7.3253593188045425,180,4,5,4,454,Champions,2010-06-07 13:29:00,2011-11-08 14:04:00,519,91,United Kingdom,49.95,57.666666666666664
17516,14,6,957.55,4.885459183673469,4.244690595273998,196,5,4,3,543,Loyal,2010-11-26 12:50:00,2011-11-24 16:51:00,363,150,United Kingdom,20.65,60.5
17517,308,1,153.94,13.994545454545454,5.913469985780538,11,2,2,1,221,Dormant,2011-02-04 11:48:00,2011-02-04 11:48:00,0,11,United Kingdom,25.5,0.0
17518,425,2,329.42,4.278181818181818,3.3525276117520364,77,1,3,2,132,Dormant,2010-03-28 13:31:00,2010-10-10 12:40:00,195,71,United Kingdom,19.9,97.5
17519,16,15,5109.47,23.015630630630632,17.11340493103395,222,5,5,5,555,Champions,2009-12-01 09:57:00,2011-11-22 16:43:00,721,142,United Kingdom,106.2,48.06666666666667
17520,53,1,546.81,18.226999999999997,7.678954288541976,30,4,2,2,422,Standard,2011-10-17 12:04:00,2011-10-17 12:04:00,0,30,United Kingdom,34.0,0.0
17521,29,5,1278.06,16.385384615384616,5.47026785172631,78,4,4,4,444,Champions,2010-10-01 11:49:00,2011-11-10 11:22:00,404,65,United Kingdom,39.6,80.8
17522,1,5,1070.71,14.667260273972603,14.945725537226165,73,5,4,3,543,Loyal,2011-05-05 16:31:00,2011-12-08 12:31:00,216,59,United Kingdom,93.6,43.2
17523,10,4,652.74,19.78,38.17857211512762,33,5,4,3,543,Loyal,2011-11-20 13:40:00,2011-11-28 13:20:00,7,25,United Kingdom,217.5,1.75
17524,360,3,539.14,12.53813953488372,11.779917587191298,43,2,3,2,232,Standard,2010-09-27 16:20:00,2010-12-13 14:32:00,76,37,United Kingdom,39.8,25.333333333333332
17525,359,3,1161.9,44.68846153846154,23.554181402427503,26,2,3,3,233,Standard,2010-10-07 09:12:00,2010-12-15 12:05:00,69,19,United Kingdom,102.0,23.0
17526,4,12,4166.04,42.948865979381445,48.255285696583904,97,5,5,5,555,Champions,2009-12-17 16:18:00,2011-12-05 11:05:00,717,67,United Kingdom,262.79999999999995,59.75
17527,53,4,939.37,19.98659574468085,12.894872468745042,47,4,4,3,443,Loyal,2011-05-05 13:43:00,2011-10-17 12:32:00,164,45,United Kingdom,63.75,41.0
17528,0,8,3628.5,14.34189723320158,12.28773883801661,253,5,5,5,555,Champions,2011-09-29 13:04:00,2011-12-08 13:27:00,70,183,United Kingdom,101.7,8.75
17529,609,2,1240.25,15.125,4.862346700112895,82,1,3,3,133,Dormant,2010-01-11 12:29:00,2010-04-08 17:51:00,87,78,United Kingdom,30.0,43.5
17530,0,12,3141.51,5.629946236559141,5.303639125013971,558,5,5,5,555,Champions,2009-12-06 16:17:00,2011-12-08 18:42:00,732,359,United Kingdom,39.8,61.0
17531,189,3,1266.82,21.841724137931035,11.896525386575789,58,2,3,4,234,Standard,2010-03-31 12:57:00,2011-06-02 19:17:00,428,54,United Kingdom,87.6,142.66666666666666
17532,385,1,65.34,16.335,10.28206691283421,4,2,2,1,221,Dormant,2010-11-19 08:13:00,2010-11-19 08:13:00,0,4,United Kingdom,30.0,0.0
17533,434,1,34.8,34.8,0.0,1,1,2,1,121,Dormant,2010-10-01 09:14:00,2010-10-01 09:14:00,0,1,United Kingdom,34.8,0.0
17534,53,5,1668.83,18.13945652173913,7.344942696704249,92,4,4,4,444,Champions,2010-02-25 16:55:00,2011-10-17 12:47:00,598,76,United Kingdom,39.8,119.6
17535,279,1,164.4,12.646153846153847,2.6490927329356198,13,2,2,1,221,Dormant,2011-03-04 15:20:00,2011-03-04 15:20:00,0,13,United Kingdom,17.700000000000003,0.0
17536,176,3,364.83,22.801875,15.97907974769928,16,3,3,2,332,Standard,2010-01-26 12:00:00,2011-06-15 13:23:00,505,16,United Kingdom,60.0,168.33333333333334
17537,29,2,897.62,11.968266666666667,10.544871351506371,75,4,3,3,433,Standard,2011-02-09 13:37:00,2011-11-10 10:56:00,273,74,United Kingdom,40.8,136.5
17538,25,1,98.42,10.935555555555556,3.7581880977111535,9,4,2,1,421,Standard,2011-11-14 12:12:00,2011-11-14 12:12:00,0,9,United Kingdom,16.6,0.0
17539,617,4,1226.57,8.232013422818792,7.744796158735176,149,1,4,3,143,Standard,2009-12-13 12:36:00,2010-04-01 12:07:00,108,132,United Kingdom,47.400000000000006,27.0
17540,24,6,1590.6000000000001,24.853125000000002,15.634185871261186,64,4,4,4,444,Champions,2010-04-19 09:47:00,2011-11-15 11:56:00,575,41,United Kingdom,102.0,95.83333333333333
17541,509,1,124.46,3.7715151515151515,3.826624753954293,33,1,2,1,121,Dormant,2010-07-18 11:36:00,2010-07-18 11:36:00,0,31,United Kingdom,19.9,0.0
17542,269,3,341.7,5.256923076923076,5.944007466315582,65,2,3,2,232,Standard,2010-03-08 12:08:00,2011-03-15 11:45:00,371,57,United Kingdom,26.4,123.66666666666667
17543,549,1,120.05,9.234615384615385,4.243936096331281,13,1,2,1,121,Dormant,2010-06-08 12:41:00,2010-06-08 12:41:00,0,13,United Kingdom,15.0,0.0
17544,389,3,960.69,10.442282608695653,9.255198017159714,92,2,3,3,233,Standard,2010-11-14 14:47:00,2010-11-14 15:08:00,0,80,United Kingdom,47.7,0.0
17545,42,6,1448.54,5.210575539568345,13.018172179218361,278,4,4,4,444,Champions,2010-05-11 10:04:00,2011-10-27 14:04:00,534,204,United Kingdom,175.2,89.0
17547,375,2,727.85,23.479032258064517,23.125605484662625,31,2,3,3,233,Dormant,2010-02-12 14:34:00,2010-11-29 09:41:00,289,22,United Kingdom,139.8,144.5
17548,233,4,731.26,21.50764705882353,12.304787946856797,34,2,4,3,243,Standard,2010-11-08 16:19:00,2011-04-20 12:01:00,162,22,United Kingdom,59.400000000000006,40.5
17549,23,2,148.86,24.810000000000002,16.10736850016166,6,4,3,1,431,Standard,2011-10-19 10:05:00,2011-11-16 09:59:00,27,5,United Kingdom,47.7,13.5
17550,196,9,2547.64,7.627664670658683,9.936148941673553,334,2,5,4,254,At_Risk_HighValue,2010-02-07 15:07:00,2011-05-26 14:09:00,472,250,United Kingdom,59.8,52.44444444444444
17551,358,1,306.84,7.1358139534883716,5.38672408292043,43,2,2,2,222,Dormant,2010-12-15 14:12:00,2010-12-15 14:12:00,0,39,United Kingdom,30.0,0.0
17552,59,12,3085.29,19.7775,9.27513203975225,156,3,5,5,355,Standard,2010-03-22 09:19:00,2011-10-10 17:00:00,567,78,United Kingdom,59.4,47.25
17553,129,4,3757.6,626.2666666666667,396.4003363604358,6,3,4,5,345,Standard,2010-04-08 09:44:00,2011-08-02 10:00:00,481,2,United Kingdom,1250.0,120.25
17554,0,5,1952.45,22.18693181818182,18.016070881806783,88,5,4,4,544,Champions,2011-07-14 20:01:00,2011-12-08 14:15:00,146,58,United Kingdom,76.32000000000001,29.2
17555,19,5,1057.74,3.88875,2.784508658387452,272,4,4,3,443,Loyal,2010-05-02 16:02:00,2011-11-20 12:22:00,566,220,United Kingdom,20.4,113.2
17556,205,2,300.67,21.476428571428574,16.948651231629867,14,2,3,2,232,Dormant,2010-11-25 17:00:00,2011-05-18 10:48:00,173,13,United Kingdom,75.0,86.5
17557,13,4,575.46,16.441714285714287,11.526044034812507,35,5,4,2,542,Loyal,2009-12-07 10:15:00,2011-11-25 12:57:00,718,28,United Kingdom,59.400000000000006,179.5
17558,392,1,259.17,9.25607142857143,8.351595252044262,28,2,2,1,221,Dormant,2010-11-11 14:36:00,2010-11-11 14:36:00,0,28,United Kingdom,31.8,0.0
17559,512,1,167.62,13.968333333333334,7.276509944313756,12,1,2,1,121,Dormant,2010-07-15 12:02:00,2010-07-15 12:02:00,0,12,United Kingdom,26.4,0.0
17560,94,8,1895.8,34.46909090909091,25.324482391897146,55,3,5,4,354,Standard,2010-02-17 12:11:00,2011-09-06 09:18:00,565,37,United Kingdom,93.0,70.625
17561,18,4,722.34,3.5583251231527093,3.147152123401577,203,5,4,3,543,Loyal,2009-12-06 13:29:00,2011-11-20 12:53:00,713,163,United Kingdom,23.1,178.25
17562,13,7,1122.38,17.81555555555556,7.760598949652512,63,5,4,3,543,Loyal,2011-06-19 13:06:00,2011-11-25 14:21:00,159,48,United Kingdom,49.8,22.714285714285715
17563,577,2,392.38,13.530344827586207,4.785720189688292,29,1,3,2,132,Dormant,2010-04-07 10:02:00,2010-05-10 14:54:00,33,27,United Kingdom,25.200000000000003,16.5
17564,23,3,454.01,9.265510204081632,4.6491007469296735,49,4,3,2,432,Loyal,2011-09-20 14:00:00,2011-11-15 13:27:00,55,38,United Kingdom,25.5,18.333333333333332
17565,586,1,131.83,4.394333333333334,2.664925027519321,30,1,2,1,121,Dormant,2010-05-02 11:54:00,2010-05-02 11:54:00,0,30,United Kingdom,11.9,0.0
17566,7,2,901.21,5.929013157894737,5.335691363914479,152,5,3,3,533,Standard,2011-11-14 13:42:00,2011-12-01 19:54:00,17,113,United Kingdom,39.6,8.5
17567,6,9,5356.03,24.018071748878924,25.7050640075933,223,5,5,5,555,Champions,2010-09-24 10:48:00,2011-12-02 15:48:00,434,128,United Kingdom,232.0,48.22222222222222
17568,632,1,382.79,5.8890769230769235,6.595923154465598,65,1,2,2,122,Dormant,2010-03-16 16:45:00,2010-03-16 16:45:00,0,61,United Kingdom,39.0,0.0
17569,331,1,344.14,11.866896551724137,9.532123172068628,29,2,2,2,222,Dormant,2011-01-11 14:15:00,2011-01-11 14:15:00,0,29,United Kingdom,40.56,0.0
17570,381,1,100.0,100.0,0.0,1,2,2,1,221,Dormant,2010-11-23 11:56:00,2010-11-23 11:56:00,0,1,United Kingdom,100.0,0.0
17571,49,5,1703.75,4.826487252124646,5.658016899867268,353,4,4,4,444,Champions,2010-06-15 12:50:00,2011-10-20 15:57:00,492,290,United Kingdom,45.0,98.4
17572,70,10,723.0100000000001,20.083611111111114,8.395043487602083,36,3,5,3,353,Standard,2009-12-15 10:00:00,2011-09-29 17:53:00,653,14,United Kingdom,52.2,65.3
17573,28,3,380.6,15.224,5.029856691132793,25,4,3,2,432,Loyal,2011-09-07 10:36:00,2011-11-10 13:01:00,64,24,United Kingdom,30.24,21.333333333333332
17574,242,1,185.65,23.20625,7.1713934439947895,8,2,2,1,221,Dormant,2011-04-11 09:47:00,2011-04-11 09:47:00,0,8,United Kingdom,35.7,0.0
17575,666,1,171.7,34.339999999999996,18.792232437898377,5,1,2,1,121,Dormant,2010-02-10 13:48:00,2010-02-10 13:48:00,0,5,United Kingdom,63.900000000000006,0.0
17576,7,41,9056.81,9.759493534482758,8.35218083916917,928,5,5,5,555,Champions,2009-12-03 16:54:00,2011-12-01 17:56:00,728,417,United Kingdom,59.8,17.75609756097561
17577,644,2,348.75,16.607142857142858,6.619748592550281,21,1,3,2,132,Dormant,2010-02-09 10:10:00,2010-03-04 13:01:00,23,20,United Kingdom,31.2,11.5
17578,217,7,1047.33,16.11276923076923,11.011715991912363,65,2,4,3,243,Standard,2010-06-28 11:55:00,2011-05-05 18:38:00,311,57,United Kingdom,63.5,44.42857142857143
17579,4,4,753.28,8.013617021276595,7.66641633781087,94,5,4,3,543,Loyal,2010-05-10 14:28:00,2011-12-05 12:28:00,573,89,United Kingdom,39.95,143.25
17580,252,5,545.27,5.739684210526316,6.127899999988123,95,2,4,2,242,Standard,2010-10-13 14:28:00,2011-04-01 12:41:00,169,78,United Kingdom,47.7,33.8
17581,0,43,18757.75,22.067941176470587,17.573448655310177,850,5,5,5,555,Champions,2009-12-03 12:34:00,2011-12-09 12:21:00,735,387,United Kingdom,195.0,17.093023255813954
17582,235,5,1450.7,11.699193548387097,18.02399252833349,124,2,4,4,244,Standard,2010-03-26 12:23:00,2011-04-17 13:18:00,387,92,United Kingdom,102.0,77.4
17583,559,1,135.95,19.42142857142857,1.9794479749956255,7,1,2,1,121,Dormant,2010-05-28 14:24:00,2010-05-28 14:24:00,0,7,United Kingdom,23.25,0.0
17584,6,6,5309.42,42.817903225806454,38.70211175251784,124,5,4,5,545,Champions,2010-01-25 08:17:00,2011-12-02 17:12:00,676,85,United Kingdom,238.8,112.66666666666667
17585,108,7,2093.3,5.2727959697733,7.054846674964415,397,3,4,4,344,Standard,2010-08-18 16:39:00,2011-08-22 13:30:00,368,295,United Kingdom,79.2,52.57142857142857
17586,618,1,167.4,20.925,13.30453735707162,8,1,2,1,121,Dormant,2010-03-30 13:12:00,2010-03-30 13:12:00,0,8,United Kingdom,45.0,0.0
17587,627,1,181.66,4.224651162790698,3.408280776521465,43,1,2,1,121,Dormant,2010-03-21 14:16:00,2010-03-21 14:16:00,0,42,United Kingdom,13.52,0.0
17588,99,7,2939.55,41.40211267605634,46.44457320030567,71,3,4,4,344,Standard,2010-03-12 12:34:00,2011-08-31 13:37:00,537,35,United Kingdom,264.0,76.71428571428571
17589,59,18,14049.87,10.461556217423679,10.455460336832198,1343,3,5,5,355,Standard,2010-03-07 13:48:00,2011-10-10 16:58:00,582,601,United Kingdom,123.9,32.333333333333336
17590,1,3,1479.22,7.359303482587065,7.619195660464286,201,5,3,4,534,Loyal,2011-10-30 14:05:00,2011-12-07 12:55:00,37,162,United Kingdom,49.5,12.333333333333334
17591,72,8,2776.67,10.360708955223881,13.417112133293537,268,3,5,4,354,Standard,2010-01-17 16:09:00,2011-09-27 13:42:00,617,93,United Kingdom,75.60000000000001,77.125
17592,738,1,148.3,11.407692307692308,2.354680282069994,13,1,2,1,121,Dormant,2009-12-01 10:49:00,2009-12-01 10:49:00,0,13,United Kingdom,12.75,0.0
17593,3,11,8095.8,19.794132029339853,13.038455501134884,409,5,5,5,555,Champions,2009-12-04 14:35:00,2011-12-06 10:30:00,731,311,United Kingdom,79.80000000000001,66.45454545454545
17594,84,4,2497.88,24.018076923076926,11.029355276681775,104,3,4,4,344,Standard,2010-04-14 08:53:00,2011-09-15 16:34:00,519,70,United Kingdom,51.0,129.75
17595,11,2,388.79,4.68421686746988,4.848283357372025,83,5,3,2,532,Standard,2011-11-02 16:19:00,2011-11-27 16:08:00,24,68,United Kingdom,34.68,12.0
17596,22,13,4920.67,8.834236983842011,12.725366441891891,557,4,5,5,455,Champions,2009-12-15 13:21:00,2011-11-16 14:11:00,701,274,United Kingdom,142.8,53.92307692307692
17597,213,5,3484.09,27.219453125,27.46110507289459,128,2,4,5,245,At_Risk_HighValue,2010-05-05 15:33:00,2011-05-10 11:54:00,369,109,United Kingdom,207.50000000000003,73.8
17598,380,1,409.98,40.998000000000005,34.232137531857404,10,2,2,2,222,Dormant,2010-11-23 17:43:00,2010-11-23 17:43:00,0,10,United Kingdom,91.8,0.0
17599,477,1,52.05,17.349999999999998,3.375277766347533,3,1,2,1,121,Dormant,2010-08-19 12:50:00,2010-08-19 12:50:00,0,3,United Kingdom,19.8,0.0
17600,17,1,161.67000000000002,12.436153846153847,5.956925295348177,13,5,2,1,521,Standard,2011-11-22 09:43:00,2011-11-22 09:43:00,0,13,United Kingdom,19.8,0.0
17601,238,2,421.48,5.545789473684211,7.129278086530762,76,2,3,2,232,Dormant,2010-11-24 14:29:00,2011-04-14 18:02:00,141,69,United Kingdom,37.5,70.5
17602,1,14,7451.13,8.03789644012945,12.06537447081578,927,5,5,5,555,Champions,2010-03-30 17:25:00,2011-12-07 13:53:00,616,450,United Kingdom,252.0,44.0
17603,77,4,1793.48,16.761495327102804,28.94127094273225,107,3,4,4,344,Standard,2009-12-10 09:44:00,2011-09-22 14:18:00,651,104,United Kingdom,250.0,162.75
17604,216,6,945.9300000000001,4.504428571428572,3.8263640851464245,210,2,4,3,243,Standard,2010-01-27 12:19:00,2011-05-06 13:43:00,464,142,United Kingdom,22.95,77.33333333333333
17605,589,1,160.75,12.365384615384615,17.65067733137769,13,1,2,1,121,Dormant,2010-04-28 14:45:00,2010-04-28 14:45:00,0,13,United Kingdom,68.0,0.0
17606,736,1,87.30000000000001,14.550000000000002,2.6748831750190516,6,1,2,1,121,Dormant,2009-12-02 13:32:00,2009-12-02 13:32:00,0,6,United Kingdom,17.700000000000003,0.0
17607,375,1,333.81,15.173181818181819,6.968992129332714,22,2,2,2,222,Dormant,2010-11-28 13:11:00,2010-11-28 13:11:00,0,22,United Kingdom,35.7,0.0
17608,32,4,498.53,2.9498816568047337,2.494391086151774,169,4,4,2,442,Loyal,2010-04-11 13:37:00,2011-11-06 13:06:00,573,134,United Kingdom,15.0,143.25
17609,40,11,1894.34,4.869768637532133,7.008129903201559,389,4,5,4,454,Champions,2010-04-09 16:54:00,2011-10-30 12:28:00,568,317,United Kingdom,122.1,51.63636363636363
17610,539,5,1529.49,9.741974522292994,6.5181981385737044,157,1,4,4,144,Standard,2009-12-06 16:07:00,2010-06-17 16:34:00,193,114,United Kingdom,33.75,38.6
17611,6,28,8371.98,7.448380782918149,5.978946027090183,1124,5,5,5,555,Champions,2009-12-01 13:29:00,2011-12-02 13:29:00,731,722,United Kingdom,50.0,26.107142857142858
17612,52,18,5394.86,15.867235294117647,10.758320838314296,340,4,5,5,455,Champions,2009-12-17 11:59:00,2011-10-17 14:59:00,669,213,United Kingdom,179.0,37.166666666666664
17613,22,14,4559.150000000001,14.612660256410258,12.867884559199998,312,4,5,5,455,Champions,2011-02-07 11:20:00,2011-11-17 10:51:00,282,211,United Kingdom,124.8,20.142857142857142
17614,56,1,390.07,3.9007,3.161252550314303,100,4,2,2,422,Standard,2011-10-13 16:01:00,2011-10-13 16:01:00,0,97,United Kingdom,18.72,0.0
17615,129,6,733.2,12.427118644067797,15.40240040079372,59,3,4,3,343,Standard,2010-08-11 12:54:00,2011-08-01 14:06:00,355,47,United Kingdom,88.80000000000001,59.166666666666664
17616,173,4,1060.8,212.16,109.4778881783897,5,3,4,3,343,Standard,2010-09-14 10:43:00,2011-06-19 10:11:00,277,1,United Kingdom,326.4,69.25
17617,558,1,395.33,20.806842105263158,9.319368154924323,19,1,2,2,122,Dormant,2010-05-30 12:48:00,2010-05-30 12:48:00,0,18,United Kingdom,46.5,0.0
17618,5,11,4073.2400000000002,10.861973333333333,9.934129112772464,375,5,5,5,555,Champions,2010-01-24 11:03:00,2011-12-04 11:50:00,679,202,United Kingdom,79.9,61.72727272727273
17619,311,1,218.52,2.837922077922078,2.743737528523311,77,2,2,1,221,Dormant,2011-01-31 14:18:00,2011-01-31 14:18:00,0,71,United Kingdom,15.9,0.0
17620,59,1,81.44,20.36,11.169768723359196,4,3,2,1,321,Standard,2011-10-11 12:08:00,2011-10-11 12:08:00,0,4,United Kingdom,34.0,0.0
17621,20,6,3175.12,48.10787878787879,41.19831824480783,66,4,4,5,445,Champions,2010-10-04 09:37:00,2011-11-18 17:11:00,410,61,United Kingdom,204.0,68.33333333333333
17622,597,2,1130.21,29.742368421052632,17.397263598780768,38,1,3,3,133,Dormant,2010-04-20 13:38:00,2010-04-21 12:36:00,0,19,United Kingdom,79.6,0.0
17623,32,7,2383.67,12.161581632653062,8.680212986189314,196,4,4,4,444,Champions,2009-12-14 14:36:00,2011-11-07 11:32:00,692,130,United Kingdom,51.0,98.85714285714286
17624,14,4,1568.63,16.171443298969074,6.400963467467664,97,5,4,4,544,Champions,2009-12-20 12:35:00,2011-11-25 10:52:00,704,91,United Kingdom,35.8,176.0
17625,17,8,6067.8,8.631294452347085,8.366292711536676,703,5,5,5,555,Champions,2009-12-15 11:49:00,2011-11-21 13:36:00,706,429,United Kingdom,102.0,88.25
17626,602,1,254.0,14.11111111111111,6.570931430876527,18,1,2,1,121,Dormant,2010-04-16 12:15:00,2010-04-16 12:15:00,0,18,United Kingdom,30.0,0.0
17627,478,1,296.36,29.636000000000003,17.550523385674605,10,1,2,2,122,Dormant,2010-08-18 11:27:00,2010-08-18 11:27:00,0,10,United Kingdom,62.400000000000006,0.0
17628,80,1,75.75,15.15,2.9355578686171415,5,3,2,1,321,Standard,2011-09-19 15:21:00,2011-09-19 15:21:00,0,5,United Kingdom,19.8,0.0
17629,5,10,2455.52,15.740512820512821,12.849111569381563,156,5,5,4,554,Champions,2010-10-14 13:35:00,2011-12-04 10:56:00,415,129,United Kingdom,85.0,41.5
17630,169,2,503.6,19.36923076923077,7.797397988086499,26,3,3,2,332,Standard,2011-04-21 14:03:00,2011-06-23 11:58:00,62,24,United Kingdom,39.95,31.0
17631,1,7,998.49,14.470869565217392,4.4115325932120095,69,5,4,3,543,Loyal,2009-12-09 14:15:00,2011-12-08 09:47:00,728,66,United Kingdom,30.0,104.0
17633,30,7,2057.39,20.37019801980198,13.123200522753438,101,4,4,4,444,Champions,2010-11-15 14:55:00,2011-11-08 13:25:00,357,84,United Kingdom,75.0,51.0
17634,35,9,2361.9700000000003,7.952760942760944,9.842018157141165,297,4,5,4,454,Champions,2011-01-06 12:45:00,2011-11-03 13:09:00,301,209,United Kingdom,119.0,33.44444444444444
17635,423,3,1265.58,17.10243243243243,14.959841202256857,74,1,3,4,134,Standard,2010-04-28 10:51:00,2010-10-11 15:12:00,166,60,United Kingdom,139.8,55.333333333333336
17636,18,1,285.56,14.278,3.8729569826521035,20,5,2,1,521,Standard,2011-11-20 14:40:00,2011-11-20 14:40:00,0,20,United Kingdom,20.8,0.0
17637,30,2,547.0600000000001,15.630285714285716,6.108236717606754,35,4,3,2,432,Standard,2011-08-16 13:25:00,2011-11-08 12:51:00,83,35,United Kingdom,25.5,41.5
17638,646,2,842.4000000000001,280.8,46.800000000000026,3,1,3,3,133,Dormant,2009-12-18 09:58:00,2010-03-02 14:32:00,74,2,United Kingdom,327.6,37.0
17639,275,6,615.17,7.7869620253164555,6.407555306929465,79,2,4,2,242,Standard,2010-08-13 11:59:00,2011-03-08 15:22:00,207,59,United Kingdom,30.0,34.5
17640,86,6,3168.94,48.014242424242425,46.0875603794011,66,3,4,5,345,Standard,2010-03-23 09:15:00,2011-09-14 09:13:00,539,48,United Kingdom,236.88,89.83333333333333
17642,119,5,1824.49,16.893425925925925,8.543844498090182,108,3,4,4,344,Standard,2009-12-05 16:01:00,2011-08-12 09:11:00,614,88,United Kingdom,45.0,122.8
17643,372,2,541.25,13.878205128205128,3.2149076042996225,39,2,3,2,232,Dormant,2010-07-22 13:07:00,2010-12-01 14:38:00,132,30,United Kingdom,19.8,66.0
17644,0,20,6028.6,18.436085626911318,10.045781092554064,327,5,5,5,555,Champions,2010-02-16 08:44:00,2011-12-08 13:43:00,660,160,United Kingdom,74.0,33.0
17646,218,12,4149.79,20.242878048780486,15.555698470706021,205,2,5,5,255,At_Risk_HighValue,2009-12-16 09:37:00,2011-05-04 13:17:00,504,124,United Kingdom,175.2,42.0
17647,64,3,331.65999999999997,27.638333333333332,23.485792546029856,12,3,3,2,332,HighEngagement_LowValue,2010-02-08 14:39:00,2011-10-05 15:38:00,604,12,United Kingdom,89.69999999999999,201.33333333333334
17648,60,5,2216.37,17.73096,8.520050679843212,125,3,4,4,344,Standard,2010-11-19 16:41:00,2011-10-10 09:41:00,324,114,United Kingdom,52.02,64.8
17649,137,3,1578.89,16.111122448979593,3.690679227474179,98,3,3,4,334,Standard,2010-08-24 13:01:00,2011-07-24 15:53:00,334,88,United Kingdom,25.5,111.33333333333333
17650,20,1,166.07999999999998,20.759999999999998,9.423834524377916,8,4,2,1,421,Standard,2011-11-18 14:52:00,2011-11-18 14:52:00,0,8,United Kingdom,34.65,0.0
17651,11,16,5703.52,17.179277108433737,8.763826783934617,332,5,5,5,555,Champions,2010-07-01 12:17:00,2011-11-28 10:29:00,514,198,United Kingdom,92.5,32.125
17652,24,12,4867.72,18.794285714285714,8.785993068351509,259,4,5,5,455,Champions,2011-03-03 14:05:00,2011-11-14 12:55:00,255,118,United Kingdom,69.12,21.25
17653,36,4,1207.56,27.44454545454545,33.248005602333045,44,4,4,3,443,Loyal,2011-08-11 15:24:00,2011-11-03 12:46:00,83,44,United Kingdom,211.2,20.75
17654,276,1,117.55,5.343181818181818,4.309521447704502,22,2,2,1,221,Dormant,2011-03-07 13:17:00,2011-03-07 13:17:00,0,22,United Kingdom,19.9,0.0
17655,10,9,3652.48,30.437333333333335,31.588516281971188,120,5,5,5,555,Champions,2010-10-19 10:20:00,2011-11-29 11:34:00,406,75,United Kingdom,197.1,45.111111111111114
17656,72,5,1674.69,20.423048780487804,13.916274040948469,82,3,4,4,344,Standard,2011-08-03 10:45:00,2011-09-27 13:04:00,55,67,United Kingdom,89.5,11.0
17657,429,1,126.0,18.0,4.113392760240626,7,1,2,1,121,Dormant,2010-10-05 14:52:00,2010-10-05 14:52:00,0,7,United Kingdom,23.4,0.0
17658,25,2,595.42,31.337894736842102,16.77886487318938,19,4,3,2,432,Standard,2011-05-12 15:23:00,2011-11-14 12:07:00,185,17,United Kingdom,61.2,92.5
17659,16,14,3834.79,18.79799019607843,7.861739386872063,204,5,5,5,555,Champions,2010-11-18 14:20:00,2011-11-22 13:29:00,368,150,United Kingdom,53.1,26.285714285714285
17660,140,2,359.47,4.0389887640449444,5.6829825805853,89,3,3,2,332,Standard,2009-12-02 16:02:00,2011-07-21 13:37:00,595,75,United Kingdom,49.8,297.5
17662,661,2,412.92,27.528000000000002,24.031853623293994,15,1,3,2,132,Dormant,2009-12-17 09:54:00,2010-02-16 09:38:00,60,14,United Kingdom,91.8,30.0
17663,25,17,5175.83,21.74718487394958,20.644091748225158,238,4,5,5,455,Champions,2010-03-04 11:42:00,2011-11-14 08:56:00,619,153,United Kingdom,270.0,36.411764705882355
17664,18,4,1166.23,14.577875,5.652847091275493,80,5,4,3,543,Loyal,2010-03-29 17:17:00,2011-11-21 11:29:00,601,68,United Kingdom,40.8,150.25
17665,492,1,563.1,29.63684210526316,32.40818707477609,19,1,2,2,122,Dormant,2010-08-03 13:12:00,2010-08-03 13:12:00,0,19,United Kingdom,152.64,0.0
17666,3,5,2047.8,46.54090909090909,26.753233650948456,44,5,4,4,544,Champions,2010-06-30 12:03:00,2011-12-06 09:06:00,523,30,United Kingdom,99.0,104.6
17667,65,9,3950.7,17.17695652173913,8.232395235175789,230,3,5,5,355,Standard,2010-02-23 09:57:00,2011-10-04 14:32:00,588,140,United Kingdom,79.0,65.33333333333333
17668,0,2,347.75,23.183333333333334,9.649309128982585,15,5,3,2,532,Standard,2011-11-01 14:45:00,2011-12-08 13:25:00,36,14,United Kingdom,44.85,18.0
17669,42,10,6142.35,42.655208333333334,50.12120125596462,144,4,5,5,455,Champions,2010-04-01 18:48:00,2011-10-28 08:53:00,574,85,United Kingdom,179.0,57.4
17670,227,1,205.7,18.7,5.739512174392524,11,2,2,1,221,Dormant,2011-04-26 09:12:00,2011-04-26 09:12:00,0,11,United Kingdom,31.8,0.0
17671,15,5,2403.34,26.123260869565218,27.123870761269604,92,5,4,4,544,Champions,2010-11-29 11:53:00,2011-11-24 12:21:00,360,54,United Kingdom,232.0,72.0
17672,49,7,5778.63,28.051601941747574,24.945278801697828,206,4,4,5,445,Champions,2010-01-26 17:20:00,2011-10-20 14:18:00,631,179,United Kingdom,252.0,90.14285714285714
17673,1,13,4233.58,8.1415,13.41758125606123,520,5,5,5,555,Champions,2010-03-19 14:02:00,2011-12-08 12:50:00,628,195,United Kingdom,138.0,48.30769230769231
17674,73,2,851.7,22.413157894736845,35.181817870557765,38,3,3,3,333,Standard,2010-12-06 10:20:00,2011-09-26 13:35:00,294,19,United Kingdom,152.64,147.0
17675,0,70,38259.6,33.918085106382975,28.5407526481833,1128,5,5,5,555,Champions,2009-12-10 16:10:00,2011-12-08 18:03:00,728,345,United Kingdom,306.0,10.4
17676,3,10,2765.84,16.86487804878049,7.775869745037215,164,5,5,4,554,Champions,2010-03-30 10:49:00,2011-12-05 15:16:00,615,85,United Kingdom,50.400000000000006,61.5
17677,1,54,36692.91,51.534985955056186,59.2684652610649,712,5,5,5,555,Champions,2009-12-16 11:23:00,2011-12-08 09:56:00,721,346,United Kingdom,252.0,13.351851851851851
17678,263,2,599.76,21.419999999999998,9.081273772623163,28,2,3,2,232,Dormant,2010-04-15 13:54:00,2011-03-21 11:52:00,339,27,United Kingdom,39.9,169.5
17679,52,7,3577.61,44.16802469135803,31.473555106619,81,4,4,5,445,Champions,2009-12-03 17:32:00,2011-10-18 07:43:00,683,70,United Kingdom,178.4,97.57142857142857
17680,23,3,497.45000000000005,24.872500000000002,28.07735777698539,20,4,3,2,432,Loyal,2010-07-16 16:07:00,2011-11-16 12:42:00,487,20,United Kingdom,139.8,162.33333333333334
17681,596,5,731.2,52.228571428571435,45.37846708214453,14,1,4,3,143,Standard,2010-01-15 11:53:00,2010-04-21 17:22:00,96,12,United Kingdom,163.2,19.2
17682,9,11,4456.78,18.72596638655462,9.239334534946469,238,5,5,5,555,Champions,2010-03-08 09:49:00,2011-11-29 15:59:00,631,85,United Kingdom,49.5,57.36363636363637
17683,385,3,819.01,17.804565217391303,15.683009306822283,46,2,3,3,233,Standard,2010-06-03 17:15:00,2010-11-19 10:11:00,168,41,United Kingdom,103.5,56.0
17684,43,1,239.41,15.960666666666667,5.447954356147513,15,4,2,1,421,Standard,2011-10-27 11:10:00,2011-10-27 11:10:00,0,15,United Kingdom,24.75,0.0
17685,16,12,5943.17,27.902206572769952,32.49555350300346,213,5,5,5,555,Champions,2010-02-11 13:44:00,2011-11-23 11:36:00,649,124,United Kingdom,174.0,54.083333333333336
17686,6,9,8296.81,19.339883449883448,9.165115686511113,429,5,5,5,555,Champions,2010-06-24 09:49:00,2011-12-02 15:39:00,526,283,United Kingdom,81.6,58.44444444444444
17687,420,1,432.68,16.641538461538463,5.763826987207504,26,1,2,2,122,Dormant,2010-10-15 12:30:00,2010-10-15 12:30:00,0,26,United Kingdom,34.0,0.0
17688,393,1,304.2,16.010526315789473,3.9849222405409486,19,2,2,2,222,Dormant,2010-11-11 10:41:00,2010-11-11 10:41:00,0,19,United Kingdom,31.8,0.0
17689,387,2,317.08,14.412727272727272,7.481073377160451,22,2,3,2,232,Dormant,2010-08-22 13:54:00,2010-11-16 13:22:00,85,17,United Kingdom,33.0,42.5
17690,29,20,7448.1,19.4467362924282,20.45251746690224,383,4,5,5,455,Champions,2010-02-03 14:26:00,2011-11-09 15:17:00,644,237,United Kingdom,250.0,32.2
17691,357,4,780.0500000000001,15.00096153846154,2.6831078406888933,52,2,4,3,243,Standard,2010-06-11 11:50:00,2010-12-16 17:20:00,188,37,United Kingdom,19.8,47.0
17692,126,12,2975.8,18.36913580246914,9.363037702846304,162,3,5,5,355,Standard,2010-06-17 11:14:00,2011-08-04 14:01:00,413,90,United Kingdom,47.2,34.416666666666664
17693,136,1,200.47,12.529375,4.770877583492021,16,3,2,1,321,Standard,2011-07-25 15:48:00,2011-07-25 15:48:00,0,16,United Kingdom,17.4,0.0
17694,141,3,1695.97,20.937901234567903,17.882626255394463,81,3,3,4,334,Standard,2010-05-26 08:27:00,2011-07-21 12:00:00,421,54,United Kingdom,122.4,140.33333333333334
17695,131,5,1746.04,28.623606557377048,31.007594877856775,61,3,4,4,344,Standard,2010-01-28 09:27:00,2011-07-31 10:40:00,549,46,United Kingdom,204.0,109.8
17696,37,27,7679.59,21.039972602739727,18.09303474594378,365,4,5,5,455,Champions,2009-12-10 17:09:00,2011-11-01 13:43:00,690,191,United Kingdom,139.2,25.555555555555557
17697,235,1,338.95,17.839473684210525,6.3940636302434735,19,2,2,2,222,Dormant,2011-04-17 15:40:00,2011-04-17 15:40:00,0,19,United Kingdom,39.6,0.0
17698,260,1,154.95,19.36875,5.525585780194323,8,2,2,1,221,Dormant,2011-03-24 11:34:00,2011-03-24 11:34:00,0,8,United Kingdom,30.0,0.0
17699,476,2,442.0,23.263157894736842,21.199907246293836,19,1,3,2,132,Dormant,2010-05-27 11:53:00,2010-08-20 09:39:00,84,17,United Kingdom,81.6,42.0
17700,16,14,6679.97,18.555472222222225,14.174318583172754,360,5,5,5,555,Champions,2009-12-01 11:37:00,2011-11-23 11:51:00,722,259,United Kingdom,125.0,51.57142857142857
17701,252,1,417.95,17.414583333333333,3.6797175921490255,24,2,2,2,222,Dormant,2011-04-01 12:25:00,2011-04-01 12:25:00,0,24,United Kingdom,31.8,0.0
17702,29,6,3144.04,20.549281045751634,27.87614590763785,153,4,4,5,445,Champions,2010-11-04 12:09:00,2011-11-09 16:03:00,370,120,United Kingdom,179.0,61.666666666666664
17703,34,4,1094.84,14.036410256410255,5.849567632897452,78,4,4,3,443,Loyal,2010-10-17 16:16:00,2011-11-04 15:51:00,382,63,United Kingdom,24.96,95.5
17704,168,2,885.19,28.554516129032258,20.546334926811916,31,3,3,3,333,Standard,2011-04-14 09:28:00,2011-06-24 09:40:00,71,27,United Kingdom,99.0,35.5
17705,2,11,2083.9,17.365833333333335,7.507729751556657,120,5,5,4,554,Champions,2010-05-12 09:47:00,2011-12-06 13:45:00,573,74,United Kingdom,51.0,52.09090909090909
17706,3,31,20749.98,27.124156862745096,22.93552097704455,765,5,5,5,555,Champions,2010-01-19 12:13:00,2011-12-05 13:34:00,685,408,United Kingdom,379.5,22.096774193548388
17707,184,8,609.3,25.3875,15.448971050582598,24,3,5,2,352,Standard,2009-12-07 12:19:00,2011-06-07 15:03:00,547,9,United Kingdom,51.0,68.375
17708,187,4,887.9300000000001,11.999054054054055,7.692095065077448,74,3,4,3,343,Standard,2010-10-12 12:13:00,2011-06-05 10:12:00,235,57,United Kingdom,35.400000000000006,58.75
17709,169,5,671.01,16.77525,8.726245407404976,40,3,4,3,343,Standard,2010-04-15 14:48:00,2011-06-23 11:55:00,433,37,United Kingdom,49.95,86.6
17710,423,1,293.5,14.675,5.682867604522062,20,1,2,2,122,Dormant,2010-10-12 07:49:00,2010-10-12 07:49:00,0,20,United Kingdom,33.9,0.0
17711,10,2,385.1,16.743478260869566,7.200521198746439,23,5,3,2,532,Standard,2011-02-23 11:32:00,2011-11-29 11:40:00,279,22,United Kingdom,30.0,139.5
17712,44,1,522.91,18.031379310344825,12.815959560568537,29,4,2,2,422,Standard,2011-10-26 12:28:00,2011-10-26 12:28:00,0,29,United Kingdom,79.9,0.0
17713,381,4,1198.09,15.764342105263157,7.259276425930492,76,2,4,3,243,Standard,2010-06-09 09:33:00,2010-11-22 16:50:00,166,55,United Kingdom,34.8,41.5
17714,320,5,1410.18,17.40962962962963,6.416218014618201,81,2,4,4,244,Standard,2010-07-14 10:41:00,2011-01-23 10:32:00,192,69,United Kingdom,55.5,38.4
17715,200,2,489.59999999999997,244.79999999999998,115.39982668964456,2,2,3,2,232,Dormant,2010-04-26 12:17:00,2011-05-23 12:32:00,392,1,United Kingdom,326.4,196.0
17716,22,24,15956.970000000001,26.550698835274545,21.94247933827932,601,4,5,5,455,Champions,2009-12-02 17:18:00,2011-11-17 12:00:00,714,334,United Kingdom,163.2,29.75
17717,420,1,376.92,14.496923076923078,10.316267064876044,26,1,2,2,122,Dormant,2010-10-14 12:54:00,2010-10-14 12:54:00,0,26,United Kingdom,47.7,0.0
17718,231,2,439.18,19.094782608695652,9.606691734773033,23,2,3,2,232,Dormant,2010-03-05 08:01:00,2011-04-21 13:39:00,412,22,United Kingdom,52.2,206.0
17719,37,15,5396.04,19.693576642335767,11.553176988001285,274,4,5,5,455,Champions,2011-03-29 11:29:00,2011-11-02 10:36:00,217,111,United Kingdom,90.0,14.466666666666667
17720,25,10,2768.91,20.818872180451127,17.976304886008982,133,4,5,4,454,Champions,2010-05-10 09:58:00,2011-11-13 15:04:00,552,81,United Kingdom,102.0,55.2
17721,658,1,307.21000000000004,27.928181818181823,18.165326761818417,11,1,2,2,122,Dormant,2010-02-18 15:18:00,2010-02-18 15:18:00,0,11,United Kingdom,70.80000000000001,0.0
17722,95,5,4430.36,20.229954337899542,23.28875683569292,219,3,4,5,345,Standard,2010-11-29 09:44:00,2011-09-04 15:22:00,279,163,United Kingdom,306.0,55.8
17723,126,7,3378.4000000000005,281.53333333333336,288.05120546475234,12,3,4,5,345,Standard,2010-11-29 10:35:00,2011-08-04 18:37:00,248,6,United Kingdom,830.0000000000001,35.42857142857143
17724,70,3,1033.0,25.825,14.356232453412359,40,3,3,3,333,Standard,2011-07-24 13:26:00,2011-09-29 15:26:00,67,38,United Kingdom,89.10000000000001,22.333333333333332
17725,15,11,3439.08,17.911875,10.846018094575232,192,5,5,5,555,Champions,2011-03-17 19:47:00,2011-11-23 16:34:00,250,115,United Kingdom,88.80000000000001,22.727272727272727
17726,394,7,1092.06,17.0634375,5.747099535887371,64,2,4,3,243,Standard,2010-01-26 14:58:00,2010-11-09 13:37:00,286,52,United Kingdom,35.7,40.857142857142854
17727,14,1,1060.25,16.064393939393938,4.09150983183014,66,5,2,3,523,Standard,2011-11-24 17:06:00,2011-11-24 17:06:00,0,66,United Kingdom,27.0,0.0
17728,3,5,4238.76,17.371967213114754,4.464835379035107,244,5,4,5,545,Champions,2010-09-12 14:58:00,2011-12-06 08:52:00,449,196,United Kingdom,33.9,89.8
17729,595,1,438.65000000000003,19.071739130434786,6.852236298646604,23,1,2,2,122,Dormant,2010-04-22 15:03:00,2010-04-22 15:03:00,0,23,United Kingdom,31.6,0.0
17730,2,20,7773.8,24.757324840764333,25.410115086933438,314,5,5,5,555,Champions,2010-04-29 11:48:00,2011-12-06 15:43:00,586,177,United Kingdom,204.0,29.3
17731,78,6,1708.99,17.262525252525254,6.651527574041421,99,3,4,4,344,Standard,2010-02-09 12:37:00,2011-09-21 15:02:00,589,82,United Kingdom,39.6,98.16666666666667
17732,372,8,2470.39,17.645642857142857,5.468842447287906,140,2,5,4,254,At_Risk_HighValue,2010-08-09 08:41:00,2010-12-02 09:29:00,115,90,United Kingdom,36.48,14.375
17733,38,2,692.19,19.776857142857143,16.16155346556042,35,4,3,3,433,Standard,2011-03-23 09:54:00,2011-11-01 08:16:00,222,33,United Kingdom,101.88,111.0
17734,53,6,1442.32,16.771162790697673,8.374889979063767,86,4,4,4,444,Champions,2010-03-07 13:55:00,2011-10-17 12:33:00,588,76,United Kingdom,59.5,98.0
17735,1,26,17244.93,19.246573660714287,10.816977870840592,896,5,5,5,555,Champions,2010-07-30 13:25:00,2011-12-07 16:47:00,495,391,United Kingdom,165.0,19.03846153846154
17736,8,3,377.44,15.0976,8.855617463885094,25,5,3,2,532,Loyal,2011-08-18 14:33:00,2011-11-30 15:36:00,104,24,United Kingdom,39.95,34.666666666666664
17737,8,2,168.24,16.824,5.304409486455585,10,5,3,1,531,Standard,2011-10-12 14:42:00,2011-11-30 15:16:00,49,8,United Kingdom,30.6,24.5
17738,18,13,4183.56,18.18939130434783,10.362376250130517,230,5,5,5,555,Champions,2010-03-19 10:07:00,2011-11-20 15:05:00,611,173,United Kingdom,102.0,47.0
17739,11,18,7730.59,51.88315436241611,34.75552503398809,149,5,5,5,555,Champions,2009-12-07 10:48:00,2011-11-28 09:12:00,720,56,United Kingdom,212.4,40.0
17740,388,6,426.90000000000003,47.43333333333334,36.82987374401384,9,2,4,2,242,Standard,2010-01-11 13:11:00,2010-11-15 16:33:00,308,5,United Kingdom,121.68,51.333333333333336
17741,406,2,101.1,16.849999999999998,7.509394116704757,6,2,3,1,231,Dormant,2010-05-28 12:11:00,2010-10-29 11:59:00,153,6,United Kingdom,31.200000000000003,76.5
17742,112,11,2098.48,24.688,14.959575353662443,85,3,5,4,354,Standard,2009-12-01 13:16:00,2011-08-18 15:28:00,625,52,United Kingdom,91.9,56.81818181818182
17743,447,1,229.2,76.39999999999999,20.95781477158342,3,1,2,1,121,Dormant,2010-09-17 14:54:00,2010-09-17 14:54:00,0,3,United Kingdom,88.5,0.0
17744,3,7,2649.14,17.543973509933775,12.247086623872102,151,5,4,4,544,Champions,2010-11-24 09:34:00,2011-12-06 12:11:00,377,121,United Kingdom,70.80000000000001,53.857142857142854
17745,477,2,600.34,21.440714285714286,13.984837802412597,28,1,3,2,132,Dormant,2010-06-02 09:03:00,2010-08-19 12:30:00,78,27,United Kingdom,79.8,39.0
17746,239,4,904.1800000000001,25.116111111111113,21.10173158470688,36,2,4,3,243,Standard,2010-04-08 12:54:00,2011-04-13 14:31:00,370,32,United Kingdom,101.76,92.5
17747,112,1,71.4,71.4,0.0,1,3,2,1,321,Standard,2011-08-19 08:13:00,2011-08-19 08:13:00,0,1,United Kingdom,71.4,0.0
17748,526,1,358.15,21.06764705882353,13.95759136160846,17,1,2,2,122,Dormant,2010-06-30 13:49:00,2010-06-30 13:49:00,0,17,United Kingdom,68.0,0.0
17749,177,3,1026.18,18.003157894736844,9.921704771051685,57,3,3,3,333,Standard,2010-06-11 14:56:00,2011-06-14 15:45:00,368,52,United Kingdom,79.2,122.66666666666667
17750,4,9,1797.57,9.313834196891191,6.886501955325324,193,5,5,4,554,Champions,2011-06-28 15:44:00,2011-12-04 14:09:00,158,101,United Kingdom,40.32,17.555555555555557
17751,420,1,157.85999999999999,4.9331249999999995,6.188919045488712,32,1,2,1,121,Dormant,2010-10-14 13:57:00,2010-10-14 13:57:00,0,31,United Kingdom,32.550000000000004,0.0
17752,358,1,80.64,80.64,0.0,1,2,2,1,221,Dormant,2010-12-15 16:19:00,2010-12-15 16:19:00,0,1,United Kingdom,80.64,0.0
17753,463,4,390.56,5.424444444444444,10.697624441954177,72,1,4,2,142,Standard,2010-01-06 14:20:00,2010-09-01 15:49:00,238,63,United Kingdom,76.19999999999999,59.5
17754,0,13,4577.53,20.07688596491228,34.32891032486562,228,5,5,5,555,Champions,2009-12-11 15:52:00,2011-12-09 11:20:00,727,185,United Kingdom,179.0,55.92307692307692
17756,375,3,733.7,8.631764705882354,7.165316291904024,85,2,3,3,233,Standard,2010-11-10 12:54:00,2010-11-29 12:20:00,18,54,United Kingdom,29.700000000000003,6.0
17757,0,56,9422.45,7.192709923664123,11.391005413878759,1310,5,5,5,555,Champions,2010-01-13 15:56:00,2011-12-08 15:31:00,693,362,United Kingdom,252.0,12.375
17758,18,12,5012.53,9.351735074626864,9.338037786075256,536,5,5,5,555,Champions,2010-05-20 13:18:00,2011-11-20 14:45:00,549,403,United Kingdom,153.0,45.75
17759,16,5,1276.91,9.252971014492754,9.414318913107513,138,5,4,4,544,Champions,2010-05-05 11:40:00,2011-11-22 16:02:00,566,114,United Kingdom,64.5,113.2
17760,21,6,918.93,12.091184210526315,14.404198921805666,76,4,4,3,443,Loyal,2010-02-28 12:15:00,2011-11-18 10:56:00,627,58,United Kingdom,107.28,104.5
17761,32,1,712.78,37.514736842105265,42.75931586195523,19,4,2,3,423,Standard,2011-11-07 10:23:00,2011-11-07 10:23:00,0,19,United Kingdom,175.2,0.0
17762,455,1,129.75,7.632352941176471,4.963458382785844,17,1,2,1,121,Dormant,2010-09-09 17:40:00,2010-09-09 17:40:00,0,16,United Kingdom,16.5,0.0
17763,262,4,86.15,6.153571428571429,3.613833692361058,14,2,4,1,241,Standard,2010-02-18 14:32:00,2011-03-21 14:25:00,395,11,United Kingdom,15.0,98.75
17764,50,5,1623.64,10.211572327044026,10.797903250203179,159,4,4,4,444,Champions,2009-12-03 14:28:00,2011-10-20 11:03:00,685,126,United Kingdom,71.4,137.0
17765,158,4,530.8,6.395180722891566,5.6787634692872775,83,3,4,2,342,Standard,2010-09-17 12:45:00,2011-07-04 12:41:00,289,71,United Kingdom,39.95,72.25
17766,380,2,299.61,13.618636363636364,8.811729896350306,22,2,3,2,232,Dormant,2010-11-23 14:17:00,2010-11-23 14:29:00,0,21,United Kingdom,35.7,0.0
17767,14,2,413.05,10.591025641025642,7.309840085683996,39,5,3,2,532,Standard,2010-10-25 16:22:00,2011-11-24 14:42:00,394,35,United Kingdom,30.0,197.0
17768,7,7,3509.51,18.471105263157895,17.46885017066542,190,5,4,5,545,Champions,2009-12-02 12:26:00,2011-12-01 13:22:00,729,134,United Kingdom,100.8,104.14285714285714
17769,12,17,7103.08,12.018747884940778,11.19864231128003,591,5,5,5,555,Champions,2010-01-19 11:33:00,2011-11-27 11:18:00,676,330,United Kingdom,85.92,39.76470588235294
17770,198,5,1143.27,30.086052631578948,26.8693632972044,38,2,4,3,243,Standard,2011-03-02 13:35:00,2011-05-25 12:34:00,83,33,United Kingdom,102.0,16.6
17771,56,4,387.41,5.6146376811594205,5.158677036203502,69,4,4,2,442,Loyal,2010-04-29 13:21:00,2011-10-14 11:43:00,532,63,United Kingdom,33.9,133.0
17772,10,3,384.77,3.6644761904761904,3.353361969998394,105,5,3,2,532,Loyal,2010-11-12 11:31:00,2011-11-29 11:05:00,381,94,United Kingdom,23.9,127.0
17773,513,2,585.27,10.45125,8.950431591929977,56,1,3,2,132,Dormant,2010-01-18 14:32:00,2010-07-13 14:07:00,175,48,United Kingdom,47.6,87.5
17774,96,9,3328.05,8.11719512195122,5.674075019000678,410,3,5,5,355,Standard,2010-02-08 16:06:00,2011-09-04 12:49:00,572,286,United Kingdom,38.25,63.55555555555556
17775,254,1,56.4,18.8,2.7712812921102024,3,2,2,1,221,Dormant,2011-03-30 10:50:00,2011-03-30 10:50:00,0,3,United Kingdom,20.4,0.0
17776,386,2,338.56,4.0304761904761905,3.8611297131897646,84,2,3,2,232,Dormant,2009-12-16 14:59:00,2010-11-18 12:14:00,336,74,United Kingdom,23.4,168.0
17777,24,3,665.86,3.4322680412371134,2.636534271359101,194,4,3,3,433,Loyal,2011-08-31 14:35:00,2011-11-15 12:02:00,75,141,United Kingdom,12.48,25.0
17778,661,1,197.70000000000002,19.770000000000003,10.421324292046572,10,1,2,1,121,Dormant,2010-02-16 12:44:00,2010-02-16 12:44:00,0,10,United Kingdom,31.200000000000003,0.0
17779,20,3,658.57,8.031341463414634,8.758044592935105,82,4,3,3,433,Loyal,2011-07-19 12:19:00,2011-11-18 14:15:00,122,73,United Kingdom,49.5,40.666666666666664
17780,666,3,352.91,4.356913580246914,3.833646645811044,81,1,3,2,132,Standard,2010-01-24 11:21:00,2010-02-10 13:43:00,17,76,United Kingdom,27.2,5.666666666666667
17781,158,2,188.02,15.668333333333335,25.36669392345129,12,3,3,1,331,Standard,2011-03-31 19:54:00,2011-07-03 16:00:00,93,12,United Kingdom,89.25,46.5
17782,382,2,679.02,23.41448275862069,9.74977347216953,29,2,3,3,233,Dormant,2010-11-22 10:03:00,2010-11-22 11:15:00,0,29,United Kingdom,47.2,0.0
17783,71,3,379.91,4.12945652173913,3.029967672598169,92,3,3,2,332,Standard,2010-07-15 12:50:00,2011-09-28 16:07:00,440,91,United Kingdom,12.5,146.66666666666666
17784,549,1,112.86,4.90695652173913,3.3993507866577977,23,1,2,1,121,Dormant,2010-06-07 16:08:00,2010-06-07 16:08:00,0,19,United Kingdom,15.12,0.0
17785,52,3,403.38,7.909411764705882,7.508761392337541,51,4,3,2,432,Loyal,2010-05-23 13:01:00,2011-10-17 13:43:00,512,48,United Kingdom,42.5,170.66666666666666
17786,84,2,278.74,3.871388888888889,3.003176396143536,72,3,3,1,331,Standard,2011-01-26 14:35:00,2011-09-15 12:51:00,231,57,United Kingdom,15.12,115.5
17787,152,4,2601.4700000000003,15.76648484848485,11.192661293752225,165,3,4,4,344,Standard,2010-12-03 13:43:00,2011-07-10 11:24:00,218,94,United Kingdom,67.5,54.5
17788,73,2,1117.9,223.58,356.5104041258824,5,3,3,3,333,Standard,2011-08-02 10:38:00,2011-09-27 10:09:00,55,3,United Kingdom,826.2,27.5
17789,280,2,397.15,13.694827586206896,8.988408654916801,29,2,3,2,232,Dormant,2010-02-16 13:16:00,2011-03-03 13:14:00,379,27,United Kingdom,35.400000000000006,189.5
17790,26,20,2783.61,9.156611842105264,9.128426244990004,304,4,5,4,454,Champions,2010-06-13 13:30:00,2011-11-13 11:30:00,517,188,United Kingdom,81.6,25.85
17791,29,1,106.1,10.61,5.5800637192698,10,4,2,1,421,Standard,2011-11-10 12:09:00,2011-11-10 12:09:00,0,10,United Kingdom,19.8,0.0
17792,466,2,370.05,6.9820754716981135,7.181433421970469,53,1,3,2,132,Dormant,2010-08-18 13:08:00,2010-08-29 14:30:00,11,45,United Kingdom,35.400000000000006,5.5
17793,24,1,323.04,5.5696551724137935,6.353738494891335,58,4,2,2,422,Standard,2011-11-14 14:24:00,2011-11-14 14:24:00,0,49,United Kingdom,30.24,0.0
17794,686,2,147.3,21.042857142857144,13.466824315437442,7,1,3,1,131,Dormant,2010-01-20 12:17:00,2010-01-22 10:18:00,1,7,United Kingdom,45.0,0.5
17795,179,2,350.39,7.617173913043478,6.1057883877308425,46,3,3,2,332,Standard,2011-03-20 12:02:00,2011-06-13 12:36:00,85,43,United Kingdom,25.200000000000003,42.5
17796,39,7,1361.99,6.053288888888889,5.55509264670645,225,4,4,4,444,Champions,2010-10-14 13:37:00,2011-10-30 15:38:00,381,149,United Kingdom,39.6,54.42857142857143
17797,21,8,1985.8700000000001,7.221345454545455,6.956978432701391,275,4,5,4,454,Champions,2009-12-15 14:30:00,2011-11-17 13:21:00,701,222,United Kingdom,64.9,87.625
17798,581,1,183.09,3.736530612244898,4.88735168190146,49,1,2,1,121,Dormant,2010-05-07 11:42:00,2010-05-07 11:42:00,0,43,United Kingdom,23.4,0.0
17799,21,20,6341.89,6.8486933045356375,5.705770556379953,926,4,5,5,455,Champions,2009-12-13 16:03:00,2011-11-17 15:16:00,703,478,United Kingdom,50.85,35.15
17800,36,9,1199.01,11.528942307692308,11.363666757318985,104,4,5,3,453,Loyal,2011-01-09 13:50:00,2011-11-02 12:57:00,296,51,United Kingdom,60.0,32.888888888888886
17801,450,3,798.33,9.392117647058823,6.504099457103892,85,1,3,3,133,Standard,2010-01-17 11:31:00,2010-09-14 14:32:00,240,66,United Kingdom,30.6,80.0
17802,81,10,5053.12,9.35762962962963,11.885847008962216,540,3,5,5,355,Standard,2009-12-13 13:39:00,2011-09-18 14:56:00,644,283,United Kingdom,94.5,64.4
17803,391,1,184.66,6.839259259259259,4.33005767053967,27,2,2,1,221,Dormant,2010-11-12 13:53:00,2010-11-12 13:53:00,0,27,United Kingdom,14.85,0.0
17804,375,3,385.23,4.187282608695653,3.4751099605531874,92,2,3,2,232,Standard,2009-12-01 12:22:00,2010-11-28 14:01:00,362,82,United Kingdom,19.8,120.66666666666667
17805,73,2,927.03,84.27545454545454,122.14080410441355,11,3,3,3,333,Standard,2010-04-08 14:36:00,2011-09-27 11:49:00,536,10,United Kingdom,414.72,268.0
17806,10,1,546.04,12.698604651162789,10.213704281478961,43,5,2,2,522,Standard,2011-11-28 14:12:00,2011-11-28 14:12:00,0,43,United Kingdom,50.0,0.0
17807,394,3,437.87,4.9198876404494385,4.613487759321974,89,2,3,2,232,Standard,2010-01-04 14:00:00,2010-11-09 16:21:00,309,88,United Kingdom,30.6,103.0
17808,548,4,262.64,7.958787878787878,13.122717600971548,33,1,4,1,141,Standard,2010-05-07 16:26:00,2010-06-09 10:44:00,32,29,United Kingdom,76.5,8.0
17809,15,20,11337.39,101.22669642857143,106.71449479287249,112,5,5,5,555,Champions,2009-12-02 14:52:00,2011-11-23 12:59:00,720,59,United Kingdom,508.0,36.0
17810,668,2,374.81,6.693035714285714,5.343017165896525,56,1,3,2,132,Dormant,2010-01-25 10:26:00,2010-02-09 10:47:00,15,51,United Kingdom,29.95,7.5
17811,3,47,9609.8,8.130118443316412,13.192615207239275,1182,5,5,5,555,Champions,2010-09-20 11:24:00,2011-12-05 13:46:00,441,538,United Kingdom,204.0,9.382978723404255
17812,12,7,1165.89,5.003819742489271,5.433640703520375,233,5,4,3,543,Loyal,2010-06-27 13:34:00,2011-11-27 11:47:00,517,162,United Kingdom,30.0,73.85714285714286
17813,13,5,1770.88,4.773261455525606,5.005502311278361,371,5,4,4,544,Champions,2011-09-29 15:57:00,2011-11-25 16:13:00,57,297,United Kingdom,39.8,11.4
17814,374,2,1617.32,11.077534246575341,10.408957519211524,146,2,3,4,234,Dormant,2010-10-13 14:03:00,2010-11-29 14:21:00,47,112,United Kingdom,60.48,23.5
17815,392,1,591.96,45.535384615384615,13.701944275287246,13,2,2,2,222,Dormant,2010-11-11 14:39:00,2010-11-11 14:39:00,0,13,United Kingdom,69.12,0.0
17816,36,6,112.32,2.042181818181818,1.5238701836771849,55,4,4,1,441,HighEngagement_LowValue,2009-12-15 15:27:00,2011-11-03 11:34:00,687,41,United Kingdom,7.5,114.5
17817,3,6,807.85,5.853985507246377,16.818414592382016,138,5,4,3,543,Loyal,2010-10-13 15:07:00,2011-12-05 14:39:00,417,115,United Kingdom,195.0,69.5
17818,737,1,130.18,2.83,2.1893174989277164,46,1,2,1,121,Dormant,2009-12-02 11:34:00,2009-12-02 11:34:00,0,42,United Kingdom,10.5,0.0
17819,71,12,6612.52,65.47049504950496,104.51624355454264,101,3,5,5,355,Standard,2009-12-13 15:24:00,2011-09-29 10:52:00,654,66,United Kingdom,612.0,54.5
17820,373,1,183.56,4.37047619047619,4.158744505890322,42,2,2,1,221,Dormant,2010-11-30 17:43:00,2010-11-30 17:43:00,0,39,United Kingdom,19.9,0.0
17821,405,1,334.62,55.77,11.102026841978002,6,2,2,2,222,Dormant,2010-10-29 13:20:00,2010-10-29 13:20:00,0,6,United Kingdom,76.32000000000001,0.0
17822,419,5,2188.5,12.434659090909092,26.961098597746396,176,1,4,4,144,Standard,2010-05-28 12:15:00,2010-10-15 13:47:00,140,152,United Kingdom,274.5,28.0
17823,420,2,494.25,4.493181818181818,3.740549910957429,110,1,3,2,132,Dormant,2010-10-14 16:14:00,2010-10-14 16:24:00,0,88,United Kingdom,16.95,0.0
17824,50,1,298.4,22.95384615384615,10.316366881854561,13,4,2,2,422,Standard,2011-10-19 14:14:00,2011-10-19 14:14:00,0,13,United Kingdom,41.76,0.0
17825,598,4,731.96,26.141428571428573,32.04760206136487,28,1,4,3,143,Standard,2009-12-14 12:09:00,2010-04-20 12:01:00,126,24,United Kingdom,159.0,31.5
17826,373,1,134.59,3.958529411764706,3.1713902241216214,34,2,2,1,221,Dormant,2010-11-30 13:23:00,2010-11-30 13:23:00,0,33,United Kingdom,17.0,0.0
17827,4,6,2388.05,8.291840277777778,8.009578047813545,288,5,4,4,544,Champions,2010-03-28 12:20:00,2011-12-04 15:00:00,616,240,United Kingdom,50.8,102.66666666666667
17828,22,4,1820.09,27.1655223880597,56.50573736714524,67,4,4,4,444,Champions,2011-06-08 08:31:00,2011-11-17 08:41:00,162,54,Malta,455.0,40.5
17829,298,5,4756.74,27.817192982456138,16.637224502095503,171,2,4,5,245,At_Risk_HighValue,2010-02-22 15:39:00,2011-02-14 12:46:00,356,121,United Arab Emirates,106.0,71.2
17830,1,3,398.7,17.33478260869565,4.25834567703684,23,5,3,2,532,Loyal,2011-02-24 10:15:00,2011-12-08 12:28:00,287,18,United Kingdom,31.8,95.66666666666667
17831,32,1,35.400000000000006,17.700000000000003,0.0,2,4,2,1,421,Standard,2011-11-06 15:09:00,2011-11-06 15:09:00,0,2,United Kingdom,17.700000000000003,0.0
17832,49,1,155.37,2.547049180327869,3.1099331955645475,61,4,2,1,421,Standard,2011-10-21 11:43:00,2011-10-21 11:43:00,0,61,United Kingdom,14.85,0.0
17833,722,1,342.36,10.69875,8.033482252222521,32,1,2,2,122,Dormant,2009-12-16 13:40:00,2009-12-16 13:40:00,0,28,United Kingdom,35.400000000000006,0.0
17834,414,2,730.47,12.38084745762712,16.34306035243174,59,1,3,3,133,Dormant,2010-09-20 15:32:00,2010-10-21 12:09:00,30,54,United Kingdom,79.9,15.0
17835,2,3,350.64,5.7481967213114755,5.665864014192576,61,5,3,2,532,Loyal,2011-11-16 16:30:00,2011-12-07 11:48:00,20,45,United Kingdom,30.0,6.666666666666667
17836,46,1,110.21000000000001,4.592083333333334,6.718882528184001,24,4,2,1,421,Standard,2011-10-23 16:13:00,2011-10-23 16:13:00,0,23,United Kingdom,29.7,0.0
17837,41,8,1593.38,9.42828402366864,8.447104886673861,169,4,5,4,454,Champions,2011-06-29 16:44:00,2011-10-28 16:13:00,120,110,United Kingdom,59.7,15.0
17838,26,13,6722.900000000001,21.827597402597405,16.63011778856336,308,4,5,5,455,Champions,2010-03-19 09:53:00,2011-11-13 11:20:00,604,141,United Kingdom,125.0,46.46153846153846
17839,41,1,338.8,6.05,4.831014574412069,56,4,2,2,422,Standard,2011-10-28 17:27:00,2011-10-28 17:27:00,0,50,United Kingdom,19.8,0.0
17840,443,1,185.72,3.3767272727272726,2.5263222094032076,55,1,2,1,121,Dormant,2010-09-22 12:24:00,2010-09-22 12:24:00,0,44,United Kingdom,9.95,0.0
17841,1,211,70884.07,5.499152055857254,10.854055854109658,12890,5,5,5,555,Champions,2009-12-02 15:41:00,2011-12-08 12:07:00,735,2116,United Kingdom,349.5,3.4834123222748814
17842,601,1,430.69,23.927222222222223,11.840682018093162,18,1,2,2,122,Dormant,2010-04-16 14:23:00,2010-04-16 14:23:00,0,18,United Kingdom,54.24,0.0
17843,302,2,326.23,5.09734375,3.479906148245271,64,2,3,2,232,Dormant,2010-10-24 10:56:00,2011-02-09 15:33:00,108,58,United Kingdom,15.0,54.0
17844,106,1,51.559999999999995,10.312,3.8029882986935424,5,3,2,1,321,Standard,2011-08-25 11:27:00,2011-08-25 11:27:00,0,5,Canada,15.0,0.0
17845,554,4,598.19,12.462291666666667,10.752083269605237,48,1,4,2,142,Standard,2010-05-12 13:04:00,2010-06-02 15:20:00,21,42,United Kingdom,39.6,5.25
17846,84,1,2033.1,2033.1,0.0,1,3,2,4,324,Standard,2011-09-15 15:20:00,2011-09-15 15:20:00,0,1,United Kingdom,2033.1,0.0
17847,515,2,129.69,14.41,23.44148406138144,9,1,3,1,131,Dormant,2010-03-04 12:57:00,2010-07-12 10:00:00,129,9,United Kingdom,76.32000000000001,64.5
17848,80,30,3650.9,21.73154761904762,37.283550610068346,168,3,5,5,355,Standard,2009-12-06 13:19:00,2011-09-19 16:49:00,652,105,United Kingdom,306.0,21.733333333333334
17849,217,8,1063.76,21.275199999999998,23.53787345309422,50,2,5,3,253,Standard,2010-03-14 15:17:00,2011-05-05 13:46:00,416,24,United Kingdom,79.9,52.0
17850,371,155,56600.08,20.243233190271816,12.967360467168932,2796,2,5,5,255,At_Risk_HighValue,2009-12-05 12:28:00,2010-12-02 15:27:00,362,100,United Kingdom,122.4,2.335483870967742
17851,421,6,1563.34,6.596371308016877,6.347782570036677,237,1,4,4,144,Standard,2009-12-03 17:46:00,2010-10-13 15:13:00,313,185,United Kingdom,64.35,52.166666666666664
17852,11,5,663.21,6.029181818181819,6.368622787162932,110,5,4,3,543,Loyal,2009-12-08 12:51:00,2011-11-28 12:36:00,719,82,United Kingdom,38.35,143.8
17853,406,3,1608.19,15.171603773584906,12.287001659655077,106,2,3,4,234,Standard,2009-12-03 15:09:00,2010-10-28 15:29:00,329,84,United Kingdom,76.5,109.66666666666667
17854,184,6,1071.45,8.92875,14.563448638268886,120,3,4,3,343,Standard,2009-12-08 11:13:00,2011-06-07 16:21:00,546,113,United Kingdom,102.0,91.0
17855,372,1,417.94,12.292352941176471,6.202241559025756,34,2,2,2,222,Dormant,2010-12-02 09:44:00,2010-12-02 09:44:00,0,17,United Kingdom,30.0,0.0
17856,1,4,1418.03,94.53533333333333,120.1773804998658,15,5,4,4,544,Champions,2011-03-03 11:40:00,2011-12-08 09:40:00,279,12,United Kingdom,433.92,69.75
17857,3,24,28682.24,478.0373333333334,426.59713925422307,60,5,5,5,555,Champions,2010-03-08 12:09:00,2011-12-05 13:13:00,637,21,United Kingdom,1695.0,26.541666666666668
17858,5,30,12797.65,32.39911392405063,47.27353184576191,395,5,5,5,555,Champions,2009-12-06 15:41:00,2011-12-04 11:56:00,727,173,United Kingdom,462.0,24.233333333333334
17859,304,1,148.21,5.9284,9.051287514307932,25,2,2,1,221,Dormant,2011-02-08 10:32:00,2011-02-08 10:32:00,0,23,United Kingdom,39.6,0.0
17860,368,4,1015.54,4.3773275862068965,5.628988876433369,232,2,4,3,243,Standard,2009-12-11 16:48:00,2010-12-06 12:41:00,359,127,United Kingdom,47.7,89.75
17861,2,18,5127.69,9.027623239436618,11.028757350549856,568,5,5,5,555,Champions,2009-12-10 11:27:00,2011-12-06 16:21:00,726,329,United Kingdom,127.5,40.333333333333336
17862,323,4,1279.09,12.540098039215685,16.07588714550602,102,2,4,4,244,Standard,2010-05-25 17:22:00,2011-01-20 12:23:00,239,90,United Kingdom,90.0,59.75
17863,58,12,5745.2,20.815942028985507,15.259556463835732,276,4,5,5,455,Champions,2010-02-25 12:01:00,2011-10-11 13:45:00,593,154,United Kingdom,119.4,49.416666666666664
17864,12,5,924.32,6.374620689655173,5.572162833213577,145,5,4,3,543,Loyal,2010-10-08 11:49:00,2011-11-27 11:15:00,414,93,United Kingdom,45.0,82.8
17865,30,46,26374.39,25.90804518664047,29.028355601347986,1018,4,5,5,455,Champions,2009-12-01 10:49:00,2011-11-09 12:08:00,708,391,United Kingdom,356.40000000000003,15.391304347826088
17866,142,3,1134.95,43.651923076923076,38.434412915430954,26,3,3,3,333,Standard,2009-12-14 16:01:00,2011-07-20 11:07:00,582,20,United Kingdom,210.0,194.0
17867,29,15,1621.2800000000002,11.498439716312058,51.52895653740563,141,4,5,4,454,Champions,2009-12-02 13:39:00,2011-11-09 14:15:00,707,119,United Kingdom,561.6,47.13333333333333
17868,385,1,234.65,12.35,8.141423571942303,19,2,2,1,221,Dormant,2010-11-18 18:55:00,2010-11-18 18:55:00,0,18,United Kingdom,29.5,0.0
17869,106,7,1036.16,10.573061224489797,10.15005270497344,98,3,4,3,343,Standard,2010-06-10 13:47:00,2011-08-24 16:16:00,440,72,United Kingdom,45.0,62.857142857142854
17870,1,13,3108.15,11.021808510638298,46.4659576907631,282,5,5,5,555,Champions,2010-11-23 11:39:00,2011-12-07 15:07:00,379,215,United Kingdom,520.1999999999999,29.153846153846153
17871,204,5,1118.99,13.164588235294119,13.052015402934192,85,2,4,3,243,Standard,2010-01-15 14:48:00,2011-05-19 11:32:00,488,64,United Kingdom,79.19999999999999,97.6
17872,381,1,235.87,15.724666666666668,12.704700405005713,15,2,2,1,221,Dormant,2010-11-23 12:02:00,2010-11-23 12:02:00,0,15,United Kingdom,45.0,0.0
17873,79,18,6515.88,36.40156424581006,27.224213483341988,179,3,5,5,355,Standard,2009-12-16 15:11:00,2011-09-20 16:41:00,643,65,United Kingdom,153.0,35.72222222222222
17874,184,6,683.46,14.857826086956523,15.39002070795567,46,3,4,3,343,Standard,2011-03-29 11:25:00,2011-06-07 12:54:00,70,37,United Kingdom,76.45,11.666666666666666
17875,687,1,167.1,6.426923076923076,3.6951316828830545,26,1,2,1,121,Dormant,2010-01-20 15:30:00,2010-01-20 15:30:00,0,25,United Kingdom,13.5,0.0
17876,399,3,3424.02,856.005,309.95792418756884,4,2,3,5,235,At_Risk_HighValue,2010-02-02 13:00:00,2010-11-05 10:52:00,275,3,United Kingdom,1275.0,91.66666666666667
17877,169,1,237.61,19.800833333333333,24.908401451694726,12,3,2,1,321,Standard,2011-06-22 13:00:00,2011-06-22 13:00:00,0,12,United Kingdom,79.6,0.0
17878,43,3,1412.33,16.61564705882353,13.050542083893426,85,4,3,4,434,Loyal,2010-11-09 13:50:00,2011-10-27 11:24:00,351,82,United Kingdom,67.85000000000001,117.0
17879,173,1,178.52,29.753333333333334,49.641525225023734,6,3,2,1,321,Standard,2011-06-19 12:36:00,2011-06-19 12:36:00,0,6,United Kingdom,129.36,0.0
17880,364,3,824.9200000000001,18.331555555555557,7.220373308013284,45,2,3,3,233,Standard,2009-12-09 16:13:00,2010-12-10 10:21:00,365,43,United Kingdom,45.0,121.66666666666667
17881,303,1,133.35,16.66875,18.385862921199614,8,2,2,1,221,Dormant,2011-02-08 17:16:00,2011-02-08 17:16:00,0,8,United Kingdom,55.8,0.0
17882,378,2,313.46,5.597499999999999,5.996797402856719,56,2,3,2,232,Dormant,2010-11-25 14:35:00,2010-11-25 14:40:00,0,47,United Kingdom,35.1,0.0
17883,2,7,995.85,5.658238636363636,6.988360263007657,176,5,4,3,543,Loyal,2010-02-25 20:07:00,2011-12-06 17:49:00,648,155,United Kingdom,51.0,92.57142857142857
17884,3,20,3072.89,6.375290456431535,7.38304846206595,482,5,5,5,555,Champions,2009-12-04 16:23:00,2011-12-06 11:33:00,731,305,United Kingdom,69.6,36.55
17885,11,1,190.19,2.97171875,2.3529121130433985,64,5,2,1,521,Standard,2011-11-27 14:40:00,2011-11-27 14:40:00,0,50,United Kingdom,11.7,0.0
17886,31,6,1608.38,9.190742857142858,20.012428294102662,175,4,4,4,444,Champions,2010-04-29 11:10:00,2011-11-08 10:09:00,557,138,United Kingdom,181.05,92.83333333333333
17887,128,1,111.35,11.135,11.557129834002904,10,3,2,1,321,Standard,2011-08-02 17:29:00,2011-08-02 17:29:00,0,10,United Kingdom,39.9,0.0
17888,20,25,1820.44,11.168343558282208,14.599465585678534,163,4,5,4,454,Champions,2009-12-21 16:34:00,2011-11-18 13:45:00,696,145,United Kingdom,106.0,27.84
17889,211,7,774.87,6.351393442622951,6.32803042949786,122,2,4,3,243,Standard,2010-03-31 10:54:00,2011-05-11 16:26:00,406,97,United Kingdom,47.6,58.0
17890,322,2,602.09,6.405212765957447,4.90960452795442,94,2,3,2,232,Dormant,2010-12-13 15:12:00,2011-01-21 11:19:00,38,88,United Kingdom,30.0,19.0
17891,161,1,203.85999999999999,5.995882352941176,4.221797059308059,34,3,2,1,321,Standard,2011-06-30 20:08:00,2011-06-30 20:08:00,0,34,United Kingdom,20.4,0.0
17892,55,3,244.1,8.717857142857143,16.79808264128024,28,4,3,1,431,HighEngagement_LowValue,2011-07-07 12:56:00,2011-10-14 16:49:00,99,27,United Kingdom,91.8,33.0
17893,224,1,112.25,7.015625,5.676725545300448,16,2,2,1,221,Dormant,2011-04-28 13:50:00,2011-04-28 13:50:00,0,15,United Kingdom,21.0,0.0
17894,71,18,2453.38,5.813696682464455,8.495159000548314,422,3,5,4,354,Standard,2010-08-27 14:13:00,2011-09-29 09:23:00,397,215,United Kingdom,149.25,22.055555555555557
17895,43,1,98.0,6.125,4.049898764166828,16,4,2,1,421,Standard,2011-10-26 17:00:00,2011-10-26 17:00:00,0,15,United Kingdom,15.0,0.0
17896,22,1,256.32,128.16,34.61994800689335,2,4,2,1,421,Standard,2011-11-16 13:59:00,2011-11-16 13:59:00,0,2,United Kingdom,152.64,0.0
17897,172,9,2585.0,7.471098265895954,21.580999680184263,346,3,5,4,354,Standard,2010-05-12 16:03:00,2011-06-20 11:23:00,403,211,United Kingdom,339.45,44.77777777777778
17898,84,4,299.18,5.9836,5.48495819194157,50,3,4,2,342,HighEngagement_LowValue,2010-05-21 17:22:00,2011-09-15 14:56:00,481,48,United Kingdom,25.5,120.25
17899,158,1,155.8,4.86875,4.861810860030414,32,3,2,1,321,Standard,2011-07-03 14:58:00,2011-07-03 14:58:00,0,29,United Kingdom,17.4,0.0
17900,189,2,112.19999999999999,18.7,7.945564800566413,6,2,3,1,231,Dormant,2011-06-02 14:28:00,2011-06-02 14:38:00,0,4,United Kingdom,34.8,0.0
17901,28,3,260.08,11.82181818181818,18.01262140472979,22,4,3,1,431,HighEngagement_LowValue,2010-07-06 10:54:00,2011-11-10 17:29:00,492,22,United Kingdom,79.8,164.0
17902,546,1,216.4,9.016666666666667,10.327861290730997,24,1,2,1,121,Dormant,2010-06-11 12:25:00,2010-06-11 12:25:00,0,24,United Kingdom,40.8,0.0
17903,393,1,381.09000000000003,8.468666666666667,5.399164329277768,45,2,2,2,222,Dormant,2010-11-10 15:39:00,2010-11-10 15:39:00,0,44,United Kingdom,25.200000000000003,0.0
17904,20,1,191.67000000000002,5.043947368421053,5.970861017847623,38,4,2,1,421,Standard,2011-11-18 12:57:00,2011-11-18 12:57:00,0,33,United Kingdom,29.85,0.0
17905,70,13,2383.52,13.938713450292397,29.037345661078177,171,3,5,4,354,Standard,2010-01-28 17:54:00,2011-09-29 17:33:00,608,129,United Kingdom,204.0,46.76923076923077
17906,246,1,72.9,6.075,4.138263799315756,12,2,2,1,221,Dormant,2011-04-06 17:25:00,2011-04-06 17:25:00,0,12,United Kingdom,16.95,0.0
17907,640,1,291.76,22.443076923076923,57.16160532277696,13,1,2,2,122,Dormant,2010-03-09 12:33:00,2010-03-09 12:33:00,0,13,United Kingdom,211.68,0.0
17908,373,5,1411.54,5.095812274368231,5.260269025962548,277,2,4,4,244,Standard,2009-12-14 12:24:00,2010-12-01 11:45:00,351,178,United Kingdom,39.95,70.2
17909,736,1,132.55,14.72777777777778,7.811494379723027,9,1,2,1,121,Dormant,2009-12-02 13:10:00,2009-12-02 13:10:00,0,8,United Kingdom,22.5,0.0
17910,725,1,261.7,10.065384615384614,8.904827558473764,26,1,2,1,121,Dormant,2009-12-13 16:04:00,2009-12-13 16:04:00,0,25,United Kingdom,34.8,0.0
17911,8,1,366.23,9.390512820512821,8.266781002974925,39,5,2,2,522,Standard,2011-11-30 14:52:00,2011-11-30 14:52:00,0,39,United Kingdom,29.88,0.0
17912,309,6,375.5,7.221153846153846,5.582159134539094,52,2,4,2,242,Standard,2010-11-29 13:53:00,2011-02-02 14:25:00,65,48,United Kingdom,34.0,10.833333333333334
17913,58,14,3479.64,7.310168067226891,5.923609565753251,476,4,5,5,455,Champions,2009-12-03 13:02:00,2011-10-12 10:45:00,677,224,United Kingdom,45.0,48.357142857142854
17914,3,1,336.43,4.205375,5.0518353460820595,80,5,2,2,522,Standard,2011-12-06 11:58:00,2011-12-06 11:58:00,0,72,United Kingdom,27.84,0.0
17915,550,1,242.13,6.918,6.3192408330338505,35,1,2,1,121,Dormant,2010-06-06 13:22:00,2010-06-06 13:22:00,0,27,United Kingdom,26.0,0.0
17916,628,2,43.87,2.3089473684210526,2.965720625819188,19,1,3,1,131,Dormant,2009-12-06 14:10:00,2010-03-21 12:26:00,104,15,United Kingdom,10.44,52.0
17917,44,3,341.28,3.63063829787234,2.6267121639981785,94,4,3,2,432,HighEngagement_LowValue,2010-12-12 12:08:00,2011-10-25 13:20:00,317,77,United Kingdom,16.95,105.66666666666667
17918,500,3,396.39,9.909749999999999,21.024940438648525,40,1,3,2,132,Standard,2010-07-22 14:20:00,2010-07-27 11:51:00,4,34,United Kingdom,102.0,1.3333333333333333
17919,87,2,1840.3200000000002,46.008,42.05839061992817,40,3,3,4,334,Standard,2010-09-27 10:40:00,2011-09-12 13:41:00,350,37,United Kingdom,238.8,175.0
17920,3,54,24516.46,13.59759290072102,30.30825038271728,1803,5,5,5,555,Champions,2009-12-06 10:37:00,2011-12-05 14:29:00,729,715,United Kingdom,375.0,13.5
17921,63,10,2423.5,6.585597826086956,5.666414911763594,368,3,5,4,354,Standard,2010-07-15 20:05:00,2011-10-06 18:56:00,447,230,United Kingdom,51.0,44.7
17922,542,1,170.4,21.3,15.4792949267262,8,1,2,1,121,Dormant,2010-06-14 16:32:00,2010-06-14 16:32:00,0,8,United Kingdom,53.1,0.0
17923,281,3,497.0,165.66666666666666,56.03644647310654,3,2,3,2,232,Standard,2010-06-13 13:58:00,2011-03-02 15:15:00,262,2,United Kingdom,207.50000000000003,87.33333333333333
17924,11,8,3536.7000000000003,101.04857142857144,79.40353811730446,35,5,5,5,555,Champions,2010-10-21 12:17:00,2011-11-28 09:11:00,402,27,United Kingdom,367.2000000000001,50.25
17925,372,1,488.16,244.08,0.0,2,2,2,2,222,Dormant,2010-12-02 10:10:00,2010-12-02 10:10:00,0,1,United Kingdom,244.08,0.0
17926,132,5,1035.49,23.533863636363638,15.676373900830738,44,3,4,3,343,Standard,2010-05-09 14:07:00,2011-07-29 14:39:00,446,27,United Kingdom,89.10000000000001,89.2
17927,721,1,294.0,29.4,14.782421993705903,10,1,2,2,122,Dormant,2009-12-18 11:03:00,2009-12-18 11:03:00,0,10,United Kingdom,59.400000000000006,0.0
17928,44,3,341.24,12.638518518518518,19.833369065542758,27,4,3,2,432,HighEngagement_LowValue,2010-05-17 15:30:00,2011-10-25 13:52:00,525,27,United Kingdom,82.5,175.0
17929,10,12,3082.1,205.47333333333333,91.45513706314202,15,5,5,5,555,Champions,2009-12-09 11:40:00,2011-11-28 16:01:00,719,6,United Kingdom,408.0,59.916666666666664
17930,35,13,4275.22,49.140459770114944,50.26778856512403,87,4,5,5,455,Champions,2010-03-04 10:41:00,2011-11-04 10:23:00,609,39,United Kingdom,201.6,46.84615384615385
17931,133,14,3437.29,9.628263305322129,18.595222302544197,357,3,5,5,355,Standard,2010-02-16 15:47:00,2011-07-28 18:33:00,527,274,United Kingdom,244.08,37.642857142857146
17932,28,3,1331.57,14.795222222222222,4.314614628013106,90,4,3,4,434,Loyal,2011-05-12 13:58:00,2011-11-10 19:49:00,182,84,United Kingdom,25.5,60.666666666666664
17933,631,1,114.69,8.192142857142857,5.477142964625358,14,1,2,1,121,Dormant,2010-03-17 15:11:00,2010-03-17 15:11:00,0,12,United Kingdom,20.4,0.0
17934,51,3,1049.15,25.589024390243903,20.36151809233266,41,4,3,3,433,Loyal,2010-10-29 12:23:00,2011-10-19 11:16:00,354,36,United Kingdom,105.0,118.0
17935,137,7,686.14,10.7209375,19.27478776930079,64,3,4,3,343,Standard,2009-12-04 14:33:00,2011-07-24 13:18:00,596,60,United Kingdom,119.0,85.14285714285714
17936,4,1,389.84,5.062857142857142,7.370223673164961,77,5,2,2,522,Standard,2011-12-04 13:32:00,2011-12-04 13:32:00,0,68,United Kingdom,48.75,0.0
17937,8,7,4301.22,100.02837209302326,59.61362967078013,43,5,4,5,545,Champions,2010-12-12 14:43:00,2011-12-01 11:45:00,353,19,United Kingdom,261.6,50.42857142857143
17938,419,1,144.29,4.97551724137931,3.803296113905577,29,1,2,1,121,Dormant,2010-10-15 14:27:00,2010-10-15 14:27:00,0,29,United Kingdom,11.9,0.0
17939,159,1,99.14,8.261666666666667,7.328686888873853,12,3,2,1,321,Standard,2011-07-03 12:27:00,2011-07-03 12:27:00,0,12,United Kingdom,25.200000000000003,0.0
17940,48,16,30393.19,844.2552777777778,1025.2523857818373,36,4,5,5,455,Champions,2009-12-03 12:31:00,2011-10-21 13:27:00,687,11,United Kingdom,3707.4,42.9375
17941,130,4,1433.28,204.75428571428571,100.4116737664074,7,3,4,4,344,Standard,2010-01-06 15:37:00,2011-08-01 08:30:00,571,5,United Kingdom,414.72,142.75
17942,7,1,77.50000000000001,38.75000000000001,52.11376977344856,2,5,2,1,521,Standard,2011-12-02 10:45:00,2011-12-02 10:45:00,0,2,United Kingdom,75.60000000000001,0.0
17944,422,1,75.41,2.900384615384615,2.399150650991689,26,1,2,1,121,Dormant,2010-10-12 16:25:00,2010-10-12 16:25:00,0,24,United Kingdom,10.08,0.0
17945,696,3,360.35,5.004861111111111,7.126019174561126,72,1,3,2,132,Standard,2010-01-12 11:33:00,2010-01-12 11:40:00,0,66,United Kingdom,38.25,0.0
17946,232,2,149.57999999999998,7.478999999999999,10.721612653642028,20,2,3,1,231,Dormant,2011-03-25 14:34:00,2011-04-20 17:00:00,26,18,United Kingdom,49.9,13.0
17947,36,1,176.68,19.63111111111111,14.760173139604802,9,4,2,1,421,Standard,2011-11-02 13:05:00,2011-11-02 13:05:00,0,9,United Kingdom,42.96,0.0
17948,146,1,358.56000000000006,358.56000000000006,0.0,1,3,2,2,322,Standard,2011-07-15 12:58:00,2011-07-15 12:58:00,0,1,United Kingdom,358.56000000000006,0.0
17949,0,118,118628.08,755.5928662420382,965.2705751272414,157,5,5,5,555,Champions,2009-12-02 11:07:00,2011-12-08 18:46:00,736,58,United Kingdom,8985.6,6.237288135593221
17950,71,7,1432.81,6.955388349514563,9.64284800530046,206,3,4,4,344,Standard,2010-01-04 17:39:00,2011-09-28 15:18:00,631,133,United Kingdom,109.5,90.14285714285714
17951,39,4,1636.0800000000002,49.578181818181825,41.08169889489613,33,4,4,4,444,Champions,2010-10-31 15:15:00,2011-10-31 12:30:00,364,24,United Kingdom,177.60000000000002,91.0
17952,377,4,819.61,7.880865384615385,14.497201277312339,104,2,4,3,243,Standard,2010-06-16 11:54:00,2010-11-26 13:54:00,163,85,United Kingdom,132.6,40.75
17953,539,1,160.82,7.658095238095238,6.137637671814473,21,1,2,1,121,Dormant,2010-06-17 15:08:00,2010-06-17 15:08:00,0,20,United Kingdom,25.5,0.0
17954,4,19,3966.05,5.144033722438392,5.720575935395624,771,5,5,5,555,Champions,2009-12-09 13:22:00,2011-12-04 14:15:00,725,479,United Kingdom,60.48,38.1578947368421
17955,198,6,949.9,43.17727272727273,56.19262306963332,22,2,4,3,243,Standard,2010-02-12 16:27:00,2011-05-25 12:00:00,466,16,United Kingdom,190.8,77.66666666666667
17956,248,1,12.75,12.75,0.0,1,2,2,1,221,Dormant,2011-04-04 13:47:00,2011-04-04 13:47:00,0,1,United Kingdom,12.75,0.0
17957,65,1,111.68,3.6025806451612907,2.984703187635174,31,3,2,1,321,Standard,2011-10-04 14:58:00,2011-10-04 14:58:00,0,31,United Kingdom,10.5,0.0
17958,116,2,973.88,27.052222222222223,68.19184363087552,36,3,3,3,333,Standard,2009-12-11 15:37:00,2011-08-15 12:19:00,611,35,United Kingdom,372.3,305.5
17959,591,1,140.75,70.375,43.02744763520141,2,1,2,1,121,Dormant,2010-04-26 14:12:00,2010-04-26 14:12:00,0,2,United Kingdom,100.8,0.0
17960,170,3,135.08,3.6508108108108113,4.7816038559708645,37,3,3,1,331,HighEngagement_LowValue,2010-03-08 12:22:00,2011-06-21 14:15:00,470,37,United Kingdom,21.8,156.66666666666666
17961,20,100,2995.54,4.53869696969697,6.389759219425768,660,4,5,5,455,Champions,2009-12-01 14:48:00,2011-11-18 16:55:00,717,486,United Kingdom,125.0,7.17
17962,141,4,687.42,3.4370999999999996,4.024241442300606,200,3,4,3,343,Standard,2010-01-13 15:24:00,2011-07-20 14:16:00,552,146,United Kingdom,30.0,138.0
17963,470,4,651.51,5.817053571428572,4.862591278634283,112,1,4,3,143,Standard,2010-01-19 17:25:00,2010-08-25 15:58:00,217,98,United Kingdom,29.85,54.25
17964,31,2,733.46,5.276690647482015,5.659571140162837,139,4,3,3,433,Standard,2010-12-02 13:32:00,2011-11-08 10:44:00,340,84,United Kingdom,29.75,170.0
17965,37,29,7240.9800000000005,8.46898245614035,6.9035126834739895,855,4,5,5,455,Champions,2009-12-14 13:19:00,2011-11-02 09:31:00,687,588,United Kingdom,51.0,23.689655172413794
17966,37,10,1974.42,17.31947368421053,18.741166312820237,114,4,5,4,454,Champions,2010-01-18 13:24:00,2011-11-02 10:26:00,652,82,United Kingdom,81.12,65.2
17967,371,2,357.29,3.1068695652173917,3.324674727584796,115,2,3,2,232,Dormant,2010-10-19 13:19:00,2010-12-03 11:19:00,44,59,United Kingdom,19.9,22.0
17968,373,4,888.04,4.036545454545454,9.798786238913232,220,2,4,3,243,Standard,2010-07-15 15:01:00,2010-12-01 12:23:00,138,106,United Kingdom,140.4,34.5
17969,165,20,2369.94,11.448985507246377,11.440352676126636,207,3,5,4,354,Standard,2009-12-06 13:53:00,2011-06-26 13:00:00,566,113,United Kingdom,75.0,28.3
17970,210,1,582.59,18.793225806451613,19.124615619160693,31,2,2,2,222,Dormant,2011-05-12 20:03:00,2011-05-12 20:03:00,0,27,United Kingdom,102.0,0.0
17971,547,1,161.94,7.711428571428572,5.428369263152873,21,1,2,1,121,Dormant,2010-06-09 14:04:00,2010-06-09 14:04:00,0,21,United Kingdom,15.3,0.0
17972,241,1,136.04,4.388387096774193,3.5015445132819063,31,2,2,1,221,Dormant,2011-04-12 12:16:00,2011-04-12 12:16:00,0,30,United Kingdom,15.95,0.0
17973,51,1,337.04,22.469333333333335,13.898556691082643,15,4,2,2,422,Standard,2011-10-19 10:34:00,2011-10-19 10:34:00,0,15,United Kingdom,49.8,0.0
17974,24,6,1858.06,4.610570719602977,5.617495274235304,403,4,4,4,444,Champions,2010-10-28 20:03:00,2011-11-15 11:37:00,382,279,United Kingdom,51.0,63.666666666666664
17975,14,24,7028.83,14.673966597077245,20.700409707478247,479,5,5,5,555,Champions,2010-08-06 11:24:00,2011-11-24 13:27:00,475,243,United Kingdom,98.1,19.791666666666668
17976,371,1,706.38,5.433692307692308,5.963981441392456,130,2,2,3,223,Dormant,2010-12-02 13:49:00,2010-12-02 13:49:00,0,56,United Kingdom,31.75,0.0
17977,28,2,1565.63,14.496574074074076,12.064437750960389,108,4,3,4,434,Standard,2010-11-04 14:26:00,2011-11-10 13:28:00,370,94,United Kingdom,79.8,185.0
17978,364,4,1461.76,18.272,37.50322839774151,80,2,4,4,244,Standard,2009-12-08 13:27:00,2010-12-09 14:05:00,366,62,United Kingdom,207.36,91.5
17979,35,4,757.71,5.189794520547945,7.312683499064281,146,4,4,3,443,Loyal,2011-03-25 11:34:00,2011-11-04 12:05:00,224,116,United Kingdom,54.08,56.0
17980,165,4,1033.42,15.657878787878788,22.85901111766188,66,3,4,3,343,Standard,2010-11-11 14:42:00,2011-06-27 12:01:00,227,41,United Kingdom,127.2,56.75
17981,410,1,239.12,14.065882352941177,12.592623862217682,17,1,2,1,121,Dormant,2010-10-25 10:40:00,2010-10-25 10:40:00,0,17,United Kingdom,61.2,0.0
17982,680,1,138.18,10.62923076923077,7.745310905679711,13,1,2,1,121,Dormant,2010-01-28 09:38:00,2010-01-28 09:38:00,0,13,United Kingdom,25.200000000000003,0.0
17983,394,1,171.71,7.154583333333334,9.009520558187642,24,2,2,1,221,Dormant,2010-11-09 13:23:00,2010-11-09 13:24:00,0,23,United Kingdom,45.0,0.0
17984,144,5,1191.27,4.74609561752988,4.839533850984071,251,3,4,3,343,Standard,2009-12-01 11:51:00,2011-07-17 15:59:00,593,209,United Kingdom,35.8,118.6
17985,21,1,634.95,27.606521739130436,19.884354884430135,23,4,2,3,423,Standard,2011-11-17 14:24:00,2011-11-17 14:24:00,0,20,United Kingdom,69.5,0.0
17986,55,1,20.8,20.8,0.0,1,4,2,1,421,Standard,2011-10-14 14:22:00,2011-10-14 14:22:00,0,1,United Kingdom,20.8,0.0
17987,184,5,1003.64,5.638426966292135,7.37023804303634,178,3,4,3,343,Standard,2010-06-07 11:23:00,2011-06-07 14:22:00,365,139,United Kingdom,60.0,73.0
17988,11,14,489.54,3.98,4.256271746532154,123,5,5,2,552,Loyal,2009-12-07 13:35:00,2011-11-28 11:00:00,720,115,United Kingdom,39.95,51.42857142857143
17989,378,1,228.83,6.730294117647059,6.185481772615475,34,2,2,1,221,Dormant,2010-11-25 13:49:00,2010-11-25 13:49:00,0,26,United Kingdom,30.0,0.0
17990,236,6,1527.6100000000001,26.800175438596494,20.49595190791413,57,2,4,4,244,Standard,2009-12-07 15:19:00,2011-04-17 11:44:00,495,40,United Kingdom,102.0,82.5
17991,224,3,320.55,8.01375,10.432237680038762,40,2,3,2,232,Standard,2010-04-27 12:46:00,2011-04-28 15:58:00,366,37,United Kingdom,59.0,122.0
17992,388,1,254.13,4.794905660377358,5.2879131490313,53,2,2,1,221,Dormant,2010-11-15 13:04:00,2010-11-15 13:04:00,0,49,United Kingdom,25.200000000000003,0.0
17993,616,1,235.19,3.67484375,6.844278108927287,64,1,2,1,121,Dormant,2010-04-01 14:23:00,2010-04-01 14:23:00,0,60,United Kingdom,50.400000000000006,0.0
17994,121,11,2313.32,7.367261146496816,8.30876088780331,314,3,5,4,354,Standard,2010-03-29 10:37:00,2011-08-10 11:41:00,499,227,United Kingdom,75.0,45.36363636363637
17995,281,3,495.48,17.08551724137931,18.548757483648117,29,2,3,2,232,Standard,2010-11-17 17:01:00,2011-03-03 12:30:00,105,28,United Kingdom,71.4,35.0
17996,379,3,482.33,7.1989552238805965,4.92934814497093,67,2,3,2,232,Standard,2010-06-11 11:48:00,2010-11-25 11:00:00,166,63,United Kingdom,25.5,55.333333333333336
17997,73,8,1970.67,11.871506024096385,17.69701925312334,166,3,5,4,354,Standard,2011-06-28 17:28:00,2011-09-26 16:13:00,89,133,United Kingdom,97.8,11.125
17998,379,3,639.24,11.021379310344829,17.640615560755567,58,2,3,3,233,Standard,2009-12-01 13:07:00,2010-11-24 15:31:00,358,57,United Kingdom,112.5,119.33333333333333
17999,36,3,730.9,4.152840909090909,3.5752485464413755,176,4,3,3,433,Loyal,2010-11-26 13:16:00,2011-11-02 15:56:00,341,125,United Kingdom,19.8,113.66666666666667
18000,563,1,124.25,20.708333333333332,32.69736773299445,6,1,2,1,121,Dormant,2010-05-24 17:34:00,2010-05-24 17:34:00,0,6,United Kingdom,87.0,0.0
18001,11,6,953.84,6.813142857142857,7.089100468118003,140,5,4,3,543,Loyal,2009-12-02 15:38:00,2011-11-27 16:02:00,725,120,United Kingdom,40.56,120.83333333333333
18002,375,4,249.92,4.628148148148148,5.10545142389867,54,2,4,1,241,Standard,2009-12-08 11:07:00,2010-11-29 10:57:00,355,52,United Kingdom,29.95,88.75
18003,375,1,358.61,14.3444,14.94193597452039,25,2,2,2,222,Dormant,2010-11-28 15:09:00,2010-11-28 15:09:00,0,23,United Kingdom,45.0,0.0
18004,361,1,169.47,4.23675,3.5254142418903167,40,2,2,1,221,Dormant,2010-12-12 13:47:00,2010-12-12 13:47:00,0,32,United Kingdom,15.9,0.0
18005,3,2,249.72,4.162,4.789949506120753,60,5,3,1,531,Standard,2011-10-23 14:40:00,2011-12-06 11:51:00,43,52,United Kingdom,25.5,21.5
18006,22,4,997.86,15.351692307692307,24.07193961397473,65,4,4,3,443,Loyal,2009-12-17 12:27:00,2011-11-16 16:52:00,699,57,United Kingdom,162.72,174.75
18007,392,1,220.32,4.32,3.1420509225663418,51,2,2,1,221,Dormant,2010-11-12 11:08:00,2010-11-12 11:08:00,0,46,United Kingdom,16.95,0.0
18008,69,23,19787.13,193.9914705882353,927.2160070616133,102,3,5,5,355,Standard,2010-01-06 12:35:00,2011-09-30 15:17:00,632,77,United Kingdom,8925.0,27.47826086956522
18009,234,8,2155.83,11.910662983425414,12.94137042383456,181,2,5,4,254,Standard,2010-02-25 11:49:00,2011-04-18 13:36:00,417,145,United Kingdom,69.5,52.125
18010,256,1,174.8,12.485714285714286,16.060779133455085,14,2,2,1,221,Dormant,2011-03-28 12:27:00,2011-03-28 12:27:00,0,14,United Kingdom,63.6,0.0
18011,372,2,527.03,5.666989247311828,6.089031618757695,93,2,3,2,232,Dormant,2010-05-21 13:28:00,2010-12-01 17:35:00,194,63,United Kingdom,49.75,97.0
18012,722,1,115.3,8.86923076923077,8.169265023589393,13,1,2,1,121,Dormant,2009-12-16 13:16:00,2009-12-16 13:16:00,0,13,United Kingdom,29.95,0.0
18013,154,2,187.29,6.041612903225806,5.39327426632727,31,3,3,1,331,Standard,2011-07-07 14:08:00,2011-07-07 14:11:00,0,31,United Kingdom,23.4,0.0
18014,27,1,166.42,5.200625,5.427616917508623,32,4,2,1,421,Standard,2011-11-11 15:28:00,2011-11-11 15:28:00,0,29,United Kingdom,27.04,0.0
18015,3,1,120.03,2.6093478260869567,1.8259042230862101,46,5,2,1,521,Standard,2011-12-05 14:49:00,2011-12-05 14:49:00,0,46,United Kingdom,7.8,0.0
18016,31,7,1960.46,11.532117647058824,7.824986922743506,170,4,4,4,444,Champions,2010-01-27 16:00:00,2011-11-07 13:25:00,648,115,United Kingdom,42.5,92.57142857142857
18017,80,4,688.0,172.0,8.082903768654765,4,3,4,3,343,Standard,2010-10-04 15:11:00,2011-09-19 16:15:00,350,1,United Kingdom,179.0,87.5
18018,107,4,297.99,6.7725,14.954858139639574,44,3,4,2,342,HighEngagement_LowValue,2010-10-15 11:05:00,2011-08-23 17:37:00,312,43,United Kingdom,87.0,78.0
18019,51,1,38.45,7.69,3.0784330429619544,5,4,2,1,421,Standard,2011-10-19 12:10:00,2011-10-19 12:10:00,0,5,United Kingdom,9.95,0.0
18020,543,1,190.48000000000002,15.873333333333335,15.252805007803014,12,1,2,1,121,Dormant,2010-06-14 12:31:00,2010-06-14 12:31:00,0,12,United Kingdom,45.9,0.0
18021,509,2,227.06,6.880606060606061,6.632189937811803,33,1,3,1,131,Dormant,2010-07-15 18:47:00,2010-07-18 10:52:00,2,32,United Kingdom,30.0,1.0
18022,35,5,1651.79,3.3302217741935483,3.5000828491218368,496,4,4,4,444,Champions,2010-06-11 13:59:00,2011-11-04 12:45:00,510,306,United Kingdom,30.6,102.0
18024,152,2,389.78,18.56095238095238,37.37916784851716,21,3,3,2,332,Standard,2011-07-10 12:28:00,2011-07-10 12:40:00,0,21,United Kingdom,153.0,0.0
18025,379,6,1177.72,10.515357142857143,8.386919129448696,112,2,4,3,243,Standard,2010-03-30 17:33:00,2010-11-25 12:37:00,239,83,United Kingdom,47.7,39.833333333333336
18026,500,2,2074.07,122.00411764705883,143.52521372823415,17,1,3,4,134,Dormant,2010-07-22 16:21:00,2010-07-27 10:37:00,4,12,United Kingdom,458.7,2.0
18027,98,1,115.31,5.490952380952381,4.377776724276725,21,3,2,1,321,Standard,2011-09-02 10:38:00,2011-09-02 10:38:00,0,21,United Kingdom,15.3,0.0
18028,582,1,192.05,48.0125,35.221309245966424,4,1,2,1,121,Dormant,2010-05-05 13:28:00,2010-05-05 13:28:00,0,4,United Kingdom,81.6,0.0
18029,641,1,433.77,24.098333333333333,40.44666528099617,18,1,2,2,122,Dormant,2010-03-07 15:30:00,2010-03-07 15:30:00,0,18,United Kingdom,182.88,0.0
18030,3,2,230.64999999999998,25.627777777777776,32.31839753831313,9,5,3,1,531,Standard,2011-10-28 13:55:00,2011-12-05 16:37:00,38,8,United Kingdom,88.5,19.0
18031,378,1,462.1,7.10923076923077,9.59090589889915,65,2,2,2,222,Dormant,2010-11-26 11:00:00,2010-11-26 11:00:00,0,49,United Kingdom,45.0,0.0
18032,333,1,73.5,14.7,3.0149626863362675,5,2,2,1,221,Dormant,2011-01-09 15:32:00,2011-01-09 15:32:00,0,5,United Kingdom,19.8,0.0
18033,64,1,97.97,2.881470588235294,1.8659827735619496,34,3,2,1,321,Standard,2011-10-05 17:28:00,2011-10-05 17:28:00,0,32,United Kingdom,6.84,0.0
18034,21,3,793.7,3.5275555555555558,4.228904448826148,225,4,3,3,433,Loyal,2010-11-29 12:36:00,2011-11-18 12:22:00,353,182,United Kingdom,31.200000000000003,117.66666666666667
18035,35,5,1276.74,20.93016393442623,28.330749283643694,61,4,4,4,444,Champions,2010-11-19 13:42:00,2011-11-04 12:39:00,349,52,United Kingdom,121.68,69.8
18036,31,11,1563.64,4.709759036144579,8.14850120237361,332,4,5,4,454,Champions,2009-12-18 12:04:00,2011-11-07 14:40:00,689,221,United Kingdom,122.4,62.63636363636363
18037,153,15,167.42,5.073333333333333,5.013307083818691,33,3,5,1,351,HighEngagement_LowValue,2009-12-01 13:48:00,2011-07-08 13:39:00,583,31,United Kingdom,21.95,38.86666666666667
18038,555,1,149.41,4.6690625,6.182461332268889,32,1,2,1,121,Dormant,2010-06-01 15:59:00,2010-06-01 15:59:00,0,25,United Kingdom,30.0,0.0
18039,373,4,579.17,3.4474404761904758,3.257100579971774,168,2,4,2,242,Standard,2010-03-09 11:19:00,2010-11-30 13:07:00,266,137,United Kingdom,30.6,66.5
18040,18,2,357.20000000000005,18.8,5.207126526854007,19,5,3,2,532,Standard,2011-04-08 08:27:00,2011-11-20 14:20:00,226,18,United Kingdom,35.400000000000006,113.0
18041,11,38,8752.38,9.1170625,12.235567264065107,960,5,5,5,555,Champions,2010-01-14 10:04:00,2011-11-28 11:39:00,683,464,United Kingdom,102.0,17.973684210526315
18042,53,2,281.15,17.571875,16.67288186197375,16,4,3,1,431,Standard,2010-06-16 10:53:00,2011-10-17 11:49:00,488,13,United Kingdom,71.69999999999999,244.0
18043,24,3,875.97,4.684331550802139,3.655597851641224,187,4,3,3,433,Loyal,2010-12-08 12:35:00,2011-11-15 12:48:00,342,106,United Kingdom,23.9,114.0
18044,3,18,3505.61,17.52805,18.25866589042009,200,5,5,5,555,Champions,2010-05-28 15:31:00,2011-12-05 14:26:00,555,128,United Kingdom,175.2,30.833333333333332
18045,44,1,189.4,4.029787234042553,3.115201500469775,47,4,2,1,421,Standard,2011-10-25 13:07:00,2011-10-25 13:07:00,0,43,United Kingdom,10.5,0.0
18046,649,1,189.63,7.293461538461538,7.6774203700501875,26,1,2,1,121,Dormant,2010-02-28 11:36:00,2010-02-28 11:36:00,0,26,United Kingdom,39.95,0.0
18047,380,2,342.69,3.8942045454545453,4.191788283674584,88,2,3,2,232,Dormant,2010-11-23 12:57:00,2010-11-23 13:11:00,0,74,United Kingdom,19.9,0.0
18048,202,3,401.73,6.585737704918033,11.193492225249514,61,2,3,2,232,Standard,2010-08-03 13:03:00,2011-05-20 14:58:00,290,56,United Kingdom,76.32000000000001,96.66666666666667
18049,436,2,556.52,5.858105263157895,8.324900139294606,95,1,3,2,132,Dormant,2010-04-28 13:24:00,2010-09-28 14:26:00,153,82,United Kingdom,70.80000000000001,76.5
18050,358,2,412.06,17.915652173913042,6.7930009609403115,23,2,3,2,232,Dormant,2010-11-11 15:51:00,2010-12-15 14:25:00,33,22,United Kingdom,35.400000000000006,16.5
18051,633,7,2282.28,41.496,36.22301036634035,55,1,4,4,144,Standard,2009-12-09 12:17:00,2010-03-15 13:58:00,96,41,United Kingdom,165.0,13.714285714285714
18052,564,1,10877.18,679.82375,554.2550897300508,16,1,2,5,125,At_Risk_HighValue,2010-05-24 11:11:00,2010-05-24 11:11:00,0,16,United Kingdom,1998.0,0.0
18053,70,3,571.07,17.8459375,10.31790296879105,32,3,3,2,332,Standard,2010-06-30 12:36:00,2011-09-30 09:05:00,456,29,United Kingdom,45.9,152.0
18054,392,1,176.5,16.045454545454547,4.295139959620324,11,2,2,1,221,Dormant,2010-11-12 08:18:00,2010-11-12 08:18:00,0,11,United Kingdom,23.6,0.0
18055,6,14,11195.57,19.170496575342465,12.81395939308393,584,5,5,5,555,Champions,2010-10-22 13:27:00,2011-12-02 14:25:00,406,320,United Kingdom,127.5,29.0
18056,287,2,554.6,18.486666666666668,8.092481965862891,30,2,3,2,232,Dormant,2010-03-31 12:29:00,2011-02-24 14:27:00,330,28,United Kingdom,35.95,165.0
18057,392,3,1203.56,8.596857142857143,12.47835144558723,140,2,3,3,233,Standard,2010-01-18 12:42:00,2010-11-11 16:55:00,297,121,United Kingdom,127.5,99.0
18058,9,3,774.06,48.37875,60.7096897125986,16,5,3,3,533,Loyal,2010-02-10 09:38:00,2011-11-30 08:38:00,657,12,United Kingdom,244.8,219.0
18059,22,3,306.46,17.025555555555556,9.900048260263967,18,4,3,2,432,HighEngagement_LowValue,2011-10-03 09:30:00,2011-11-16 16:49:00,44,17,United Kingdom,53.1,14.666666666666666
18060,407,2,1185.46,15.806133333333333,5.704561923473067,75,2,3,3,233,Dormant,2010-05-24 08:34:00,2010-10-27 16:41:00,156,74,United Kingdom,38.25,78.0
18061,21,28,6488.97,50.695078125,50.156661814790816,128,4,5,5,455,Champions,2009-12-04 11:36:00,2011-11-18 11:20:00,713,30,United Kingdom,315.0,25.464285714285715
18062,172,6,1632.67,30.23462962962963,17.79396820771631,54,3,4,4,344,Standard,2010-04-21 08:55:00,2011-06-19 14:47:00,424,46,United Kingdom,102.0,70.66666666666667
18063,390,2,186.60000000000002,62.20000000000001,38.47648632606673,3,2,3,1,231,Dormant,2010-03-16 13:05:00,2010-11-14 10:46:00,242,2,United Kingdom,102.0,121.0
18064,132,11,4495.03,69.15430769230768,68.41380772478496,65,3,5,5,355,Standard,2010-02-01 15:01:00,2011-07-29 16:39:00,543,53,United Kingdom,237.6,49.36363636363637
18065,5,29,5866.63,18.924612903225807,10.508151636731604,310,5,5,5,555,Champions,2009-12-09 16:00:00,2011-12-04 10:30:00,724,193,United Kingdom,81.6,24.96551724137931
18066,74,3,1440.4,27.17735849056604,17.758783217038893,53,3,3,4,334,Standard,2010-10-20 11:42:00,2011-09-25 15:30:00,340,37,United Kingdom,89.69999999999999,113.33333333333333
18067,39,1,396.33,10.711621621621621,9.57959855152649,37,4,2,2,422,Standard,2011-10-30 15:58:00,2011-10-30 15:58:00,0,36,United Kingdom,39.8,0.0
18068,288,1,101.7,101.7,0.0,1,2,2,1,221,Dormant,2011-02-23 14:50:00,2011-02-23 14:50:00,0,1,United Kingdom,101.7,0.0
18069,25,11,4540.56,4.549659318637275,4.6404141857829,998,4,5,5,455,Champions,2010-02-28 16:14:00,2011-11-13 16:03:00,622,602,United Kingdom,44.55,56.54545454545455
18070,668,1,314.1,34.900000000000006,18.549595682925275,9,1,2,2,122,Dormant,2010-02-08 13:28:00,2010-02-08 13:28:00,0,9,United Kingdom,71.4,0.0
18071,257,6,1428.63,16.807411764705883,6.280122866735054,85,2,4,4,244,Standard,2009-12-05 10:31:00,2011-03-27 11:59:00,477,52,United Kingdom,45.0,79.5
18072,185,1,247.44,13.746666666666666,10.213338452873339,18,3,2,1,321,Standard,2011-06-07 10:44:00,2011-06-07 10:44:00,0,18,United Kingdom,46.8,0.0
18073,113,12,3877.5200000000004,53.11671232876713,70.72807779829094,73,3,5,5,355,Standard,2011-05-26 19:38:00,2011-08-17 14:02:00,82,23,United Kingdom,305.28000000000003,6.833333333333333
18074,373,2,1509.04,26.947142857142858,21.786941352711573,56,2,3,4,234,Dormant,2010-07-22 10:31:00,2010-12-01 09:53:00,131,37,United Kingdom,102.0,65.5
18075,22,20,5783.29,17.904922600619194,8.434258274991954,323,4,5,5,455,Champions,2010-07-29 11:47:00,2011-11-16 15:21:00,475,180,United Kingdom,70.80000000000001,23.75
18076,379,1,151.49,18.93625,24.845338129832612,8,2,2,1,221,Dormant,2010-11-24 14:02:00,2010-11-24 14:02:00,0,8,United Kingdom,69.12,0.0
18077,7,18,4338.56,11.508116710875333,9.394596110075659,377,5,5,5,555,Champions,2009-12-07 11:40:00,2011-12-01 13:32:00,724,141,United Kingdom,85.92,40.22222222222222
18078,216,4,844.6,10.96883116883117,14.81654791228073,77,2,4,3,243,Standard,2010-03-21 15:50:00,2011-05-06 14:32:00,410,65,United Kingdom,76.5,102.5
18079,44,5,4242.75,30.305357142857144,36.209682643427264,140,4,4,5,445,Champions,2010-08-05 12:19:00,2011-10-25 15:27:00,446,107,United Kingdom,177.60000000000002,89.2
18080,18,2,1231.5,615.75,319.25871170572617,2,5,3,3,533,Standard,2011-04-11 10:10:00,2011-11-21 08:02:00,223,2,United Kingdom,841.4999999999999,111.5
18081,35,3,343.45,20.20294117647059,7.8811593093163355,17,4,3,2,432,HighEngagement_LowValue,2011-07-29 11:56:00,2011-11-03 16:30:00,97,14,United Kingdom,31.6,32.333333333333336
18082,25,1,703.37,9.635205479452054,8.061526790459911,73,4,2,3,423,Standard,2011-11-14 12:45:00,2011-11-14 12:45:00,0,62,United Kingdom,30.0,0.0
18083,397,1,470.73,11.207857142857144,16.344355561196082,42,2,2,2,222,Dormant,2010-11-07 11:44:00,2010-11-07 11:44:00,0,36,United Kingdom,76.5,0.0
18084,15,3,812.9300000000001,101.61625000000001,129.88251272784956,8,5,3,3,533,Loyal,2010-11-16 08:09:00,2011-11-23 13:57:00,372,7,United Kingdom,308.85,124.0
18085,329,4,1645.75,23.179577464788732,14.768461999101785,71,2,4,4,244,Standard,2010-03-21 11:57:00,2011-01-13 15:17:00,298,42,United Kingdom,79.2,74.5
18086,273,1,101.34,14.477142857142857,4.757526368067459,7,2,2,1,221,Dormant,2011-03-10 13:34:00,2011-03-10 13:34:00,0,7,United Kingdom,19.8,0.0
18087,97,17,14761.52,167.74454545454546,390.53598562879625,88,3,5,5,355,Standard,2009-12-01 09:43:00,2011-09-02 15:12:00,640,44,United Kingdom,3202.92,37.64705882352941
18088,60,1,167.67000000000002,4.299230769230769,5.142822481568179,39,3,2,1,321,Standard,2011-10-09 13:41:00,2011-10-09 13:41:00,0,35,United Kingdom,17.700000000000003,0.0
18089,446,1,428.45,42.845,18.048213977504197,10,1,2,2,122,Dormant,2010-09-19 11:57:00,2010-09-19 11:57:00,0,9,United Kingdom,85.0,0.0
18090,421,1,349.4,5.823333333333333,7.795713873806547,60,1,2,2,122,Dormant,2010-10-14 12:32:00,2010-10-14 12:32:00,0,47,United Kingdom,40.8,0.0
18091,592,1,360.85,14.434000000000001,4.262911759193083,25,1,2,2,122,Dormant,2010-04-25 13:18:00,2010-04-25 13:18:00,0,25,United Kingdom,21.0,0.0
18092,1,18,16179.44,107.86293333333333,76.92695649532169,150,5,5,5,555,Champions,2009-12-04 12:37:00,2011-12-07 13:14:00,733,42,United Kingdom,432.0,40.72222222222222
18093,92,8,4452.71,72.99524590163935,47.137789567980285,61,3,5,5,355,Standard,2010-03-31 10:27:00,2011-09-07 15:43:00,525,43,United Kingdom,216.32,65.625
18094,81,13,6391.52,50.72634920634921,51.73580124599483,126,3,5,5,355,Standard,2010-01-07 11:16:00,2011-09-19 09:28:00,619,55,United Kingdom,432.0,47.61538461538461
18095,312,5,2303.09,47.98104166666667,41.832964922546346,48,2,4,4,244,Standard,2010-04-19 14:09:00,2011-01-31 12:50:00,286,37,United Kingdom,204.0,57.2
18096,11,6,1805.28,4.121643835616438,4.3113092768481565,438,5,4,4,544,Champions,2010-07-14 14:30:00,2011-11-28 12:44:00,501,299,United Kingdom,39.6,83.5
18097,7,11,4663.32,29.514683544303796,21.256543201567595,158,5,5,5,555,Champions,2009-12-17 11:06:00,2011-12-02 11:16:00,715,86,United Kingdom,108.48,65.0
18098,395,1,550.84,6.259545454545455,5.247921736233713,88,2,2,2,222,Dormant,2010-11-08 16:31:00,2010-11-08 16:31:00,0,85,United Kingdom,22.5,0.0
18099,126,1,168.31,8.858421052631579,7.876676726723648,19,3,2,1,321,Standard,2011-08-04 15:52:00,2011-08-04 15:52:00,0,19,United Kingdom,24.96,0.0
18100,549,1,451.56,15.052,6.965568224463469,30,1,2,2,122,Dormant,2010-06-07 14:19:00,2010-06-07 14:19:00,0,30,United Kingdom,39.6,0.0
18101,10,5,629.16,5.6175,6.104499374446083,112,5,4,3,543,Loyal,2010-02-03 13:52:00,2011-11-28 13:37:00,662,89,United Kingdom,40.5,132.4
18102,0,145,608821.65,575.4457939508507,628.2769503667482,1058,5,5,5,555,Champions,2009-12-01 09:24:00,2011-12-09 11:50:00,738,382,United Kingdom,3884.000000000001,5.089655172413793
18103,548,1,105.8,10.58,12.878172748233087,10,1,2,1,121,Dormant,2010-06-08 13:36:00,2010-06-08 13:36:00,0,10,United Kingdom,39.8,0.0
18104,36,1,754.64,19.858947368421052,10.05231848730073,38,4,2,3,423,Standard,2011-11-02 14:07:00,2011-11-02 14:07:00,0,38,United Kingdom,35.7,0.0
18105,37,1,113.48000000000002,6.304444444444446,10.797543414631392,18,4,2,1,421,Standard,2011-11-02 12:04:00,2011-11-02 12:04:00,0,18,United Kingdom,35.400000000000006,0.0
18106,329,6,1461.46,7.456428571428572,9.686327106830163,196,2,4,4,244,Standard,2010-01-15 11:36:00,2011-01-14 12:23:00,364,126,United Kingdom,81.6,60.666666666666664
18107,441,1,167.13,4.285384615384615,4.045677905691356,39,1,2,1,121,Dormant,2010-09-23 13:03:00,2010-09-23 13:03:00,0,38,United Kingdom,19.8,0.0
18108,253,3,848.8100000000001,18.059787234042556,6.508715390974095,47,2,3,3,233,Standard,2009-12-02 12:47:00,2011-03-30 13:56:00,483,43,United Kingdom,39.75,161.0
18109,1,38,9893.96,14.72315476190476,24.225401668678277,672,5,5,5,555,Champions,2010-07-01 12:13:00,2011-12-08 11:36:00,524,203,United Kingdom,240.9,13.789473684210526
18110,19,2,435.43,5.183690476190476,5.7818604542724215,84,4,3,2,432,Standard,2010-10-24 14:21:00,2011-11-20 12:34:00,391,58,United Kingdom,35.400000000000006,195.5
18111,588,1,405.85,15.031481481481482,3.270025527662889,27,1,2,2,122,Dormant,2010-04-29 12:58:00,2010-04-29 12:58:00,0,27,United Kingdom,20.28,0.0
18112,11,4,775.96,12.316825396825397,9.180363480293813,63,5,4,3,543,Loyal,2010-06-06 12:40:00,2011-11-27 14:43:00,539,59,United Kingdom,41.65,134.75
18113,368,1,152.64000000000001,76.32000000000001,0.0,2,2,2,1,221,Dormant,2010-12-06 12:31:00,2010-12-06 12:31:00,0,1,United Kingdom,76.32000000000001,0.0
18114,289,1,220.1,7.860714285714286,5.671768245129116,28,2,2,1,221,Dormant,2011-02-22 13:20:00,2011-02-22 13:20:00,0,28,United Kingdom,24.95,0.0
18115,697,1,9.700000000000001,3.233333333333334,2.363436763134003,3,1,2,1,121,Dormant,2010-01-11 11:57:00,2010-01-11 11:57:00,0,3,United Kingdom,5.95,0.0
18116,67,13,2154.3,3.7531358885017423,3.9651878589004075,574,3,5,4,354,Standard,2010-10-24 15:29:00,2011-10-03 11:00:00,343,311,United Kingdom,44.46,26.384615384615383
18117,25,1,320.71999999999997,4.334054054054054,4.4844003337349925,74,4,2,2,422,Standard,2011-11-14 12:47:00,2011-11-14 12:47:00,0,68,United Kingdom,28.08,0.0
18118,10,29,6733.22,4.29962962962963,5.048812480828735,1566,5,5,5,555,Champions,2010-11-23 13:36:00,2011-11-29 11:32:00,370,444,United Kingdom,72.0,12.758620689655173
18119,367,1,362.24,6.037333333333334,10.381005775162384,60,2,2,2,222,Dormant,2010-12-07 11:59:00,2010-12-07 11:59:00,0,29,United Kingdom,56.1,0.0
18120,213,1,111.15,6.538235294117648,4.745409933944218,17,2,2,1,221,Dormant,2011-05-09 13:45:00,2011-05-09 13:45:00,0,17,United Kingdom,19.9,0.0
18121,148,2,673.1,21.034375,12.177454826374317,32,3,3,3,333,Standard,2011-07-08 12:14:00,2011-07-13 12:53:00,5,28,United Kingdom,50.0,2.5
18122,7,6,1826.21,5.0170604395604395,4.38214375587605,364,5,4,4,544,Champions,2011-07-12 11:37:00,2011-12-01 13:08:00,142,239,United Kingdom,39.95,23.666666666666668
18123,23,3,684.59,11.603220338983052,13.40057094005995,59,4,3,3,433,Loyal,2010-07-14 12:47:00,2011-11-15 14:23:00,489,53,United Kingdom,81.6,163.0
18124,471,1,111.53,4.647083333333334,3.4924894312705135,24,1,2,1,121,Dormant,2010-08-24 17:21:00,2010-08-24 17:21:00,0,20,United Kingdom,17.700000000000003,0.0
18125,29,4,1142.99,5.831581632653061,5.610285887726214,196,4,4,3,443,Loyal,2011-01-27 15:02:00,2011-11-10 12:29:00,286,164,United Kingdom,40.8,71.5
18126,60,1,206.83,3.6933928571428574,4.2974949476032345,56,3,2,1,321,Standard,2011-10-10 12:19:00,2011-10-10 12:19:00,0,52,United Kingdom,30.0,0.0
18127,18,4,561.53,8.138115942028985,7.689133140799944,69,5,4,2,542,Loyal,2010-11-01 13:56:00,2011-11-20 14:05:00,384,56,United Kingdom,47.400000000000006,96.0
18128,536,1,420.04,9.334222222222223,6.209777659937479,45,1,2,2,122,Dormant,2010-06-20 13:19:00,2010-06-20 13:19:00,0,42,United Kingdom,26.1,0.0
18129,242,1,112.55000000000001,8.039285714285715,7.594055837688717,14,2,2,1,221,Dormant,2011-04-10 14:16:00,2011-04-10 14:16:00,0,13,United Kingdom,25.5,0.0
18130,14,3,1059.39,15.134142857142859,4.768056296737831,70,5,3,3,533,Loyal,2011-10-13 15:58:00,2011-11-24 14:40:00,41,58,United Kingdom,30.0,13.666666666666666
18131,631,1,222.95999999999998,55.739999999999995,26.811609425769273,4,1,2,1,121,Dormant,2010-03-18 08:48:00,2010-03-18 08:48:00,0,4,United Kingdom,79.19999999999999,0.0
18132,503,1,226.9,3.437878787878788,2.958271592645073,66,1,2,1,121,Dormant,2010-07-23 16:54:00,2010-07-23 16:54:00,0,60,United Kingdom,15.3,0.0
18133,211,1,931.5,931.5,0.0,1,2,2,3,223,Dormant,2011-05-11 14:14:00,2011-05-11 14:14:00,0,1,United Kingdom,931.5,0.0
18134,597,2,445.0,15.892857142857142,4.656928615190932,28,1,3,2,132,Dormant,2010-01-14 11:59:00,2010-04-20 14:02:00,96,27,United Kingdom,31.8,48.0
18135,28,10,1249.6200000000001,33.773513513513514,41.27198748789791,37,4,5,4,454,Champions,2010-03-15 13:55:00,2011-11-10 19:32:00,605,23,United Kingdom,171.84,60.5
18136,62,5,1631.3600000000001,18.53818181818182,11.890465759025682,88,3,4,4,344,Standard,2010-09-14 15:50:00,2011-10-07 15:40:00,387,77,United Kingdom,82.80000000000001,77.4
18137,550,2,145.99,5.034137931034483,3.9336928462790532,29,1,3,1,131,Dormant,2010-06-06 13:45:00,2010-06-06 14:18:00,0,26,United Kingdom,19.9,0.0
18138,294,1,152.65,19.08125,14.55325043467217,8,2,2,1,221,Dormant,2011-02-17 14:51:00,2011-02-17 14:51:00,0,8,United Kingdom,47.7,0.0
18139,17,6,8438.34,53.07132075471698,95.6832470165858,159,5,4,5,545,Champions,2011-11-21 14:06:00,2011-11-22 10:44:00,0,35,United Kingdom,622.5,0.0
18140,473,1,536.41,9.933518518518518,9.122665358079274,54,1,2,2,122,Dormant,2010-08-23 11:58:00,2010-08-23 11:58:00,0,49,West Indies,46.8,0.0
18141,401,2,882.47,21.011190476190478,13.824772604733507,42,2,3,3,233,Dormant,2010-04-29 15:32:00,2010-11-03 11:44:00,187,38,United Kingdom,71.4,93.5
18142,156,2,1019.52,67.968,63.06398057302034,15,3,3,3,333,Standard,2011-05-08 12:31:00,2011-07-05 13:19:00,58,9,United Kingdom,254.4,29.0
18143,116,2,1000.16,16.396065573770493,5.171987779918706,61,3,3,3,333,Standard,2011-07-21 10:44:00,2011-08-15 12:07:00,25,59,United Kingdom,35.400000000000006,12.5
18144,7,19,5058.0,58.13793103448276,59.28576667762108,87,5,5,5,555,Champions,2009-12-16 15:57:00,2011-12-02 12:46:00,715,51,United Kingdom,232.0,37.63157894736842
18145,12,11,5617.79,13.871086419753086,9.60604212729801,405,5,5,5,555,Champions,2009-12-08 12:30:00,2011-11-27 11:22:00,718,250,United Kingdom,90.0,65.27272727272727
18146,140,2,160.35,16.035,3.4325282227536014,10,3,3,1,331,Standard,2011-05-03 16:35:00,2011-07-22 12:08:00,79,10,United Kingdom,23.4,39.5
18147,45,2,179.34,25.62,10.079821426989668,7,4,3,1,431,Standard,2011-08-23 12:22:00,2011-10-25 11:46:00,62,7,United Kingdom,39.6,31.0
18148,646,1,114.10000000000001,10.372727272727273,7.340256250171504,11,1,2,1,121,Dormant,2010-03-03 11:40:00,2010-03-03 11:40:00,0,9,United Kingdom,17.85,0.0
18149,50,7,1624.71,16.9240625,18.08961106783466,96,4,4,4,444,Champions,2010-03-14 12:41:00,2011-10-20 12:04:00,584,54,United Kingdom,135.2,83.42857142857143
18150,31,3,566.58,15.312972972972974,3.7120381230567974,37,4,3,2,432,Loyal,2011-05-22 10:47:00,2011-11-07 16:49:00,169,29,United Kingdom,30.0,56.333333333333336
18151,134,6,1879.44,17.730566037735848,8.77697863517191,106,3,4,4,344,Standard,2010-03-04 10:47:00,2011-07-28 11:35:00,511,99,United Kingdom,79.9,85.16666666666667
18152,645,1,426.69,42.669,33.136146242099095,10,1,2,2,122,Dormant,2010-03-03 15:26:00,2010-03-03 15:26:00,0,10,United Kingdom,89.25,0.0
18153,658,1,246.22,14.483529411764707,5.609176567438922,17,1,2,1,121,Dormant,2010-02-18 15:50:00,2010-02-18 15:50:00,0,17,United Kingdom,30.0,0.0
18154,2,5,932.6,19.842553191489362,18.67290660731712,47,5,4,3,543,Loyal,2010-08-06 09:18:00,2011-12-06 16:41:00,487,34,United Kingdom,122.04,97.4
18155,74,3,371.62,14.8648,3.5315625908842865,25,3,3,2,332,Standard,2011-02-21 10:36:00,2011-09-25 13:32:00,216,19,United Kingdom,22.5,72.0
18156,12,2,941.1700000000001,4.8265128205128205,4.274931740407567,195,5,3,3,533,Standard,2010-12-05 12:29:00,2011-11-27 12:24:00,356,100,United Kingdom,25.5,178.0
18157,570,1,215.35,8.282692307692308,10.221620050732588,26,1,2,1,121,Dormant,2010-05-17 14:09:00,2010-05-17 14:09:00,0,25,United Kingdom,51.0,0.0
18158,8,2,453.4,13.335294117647058,5.659525751249416,34,5,3,2,532,Standard,2011-09-12 09:03:00,2011-11-30 16:19:00,79,24,United Kingdom,23.6,39.5
18159,300,1,530.15,23.05,33.18929865867228,23,2,2,2,222,Dormant,2011-02-11 14:26:00,2011-02-11 14:26:00,0,23,United Kingdom,175.2,0.0
18160,56,3,1003.88,15.444307692307692,3.770527967519424,65,4,3,3,433,Loyal,2010-11-18 16:33:00,2011-10-13 15:50:00,328,56,United Kingdom,25.200000000000003,109.33333333333333
18161,14,6,1803.1000000000001,19.388172043010755,9.421785225722601,93,5,4,4,544,Champions,2010-11-25 15:55:00,2011-11-24 16:40:00,364,57,United Kingdom,63.75,60.666666666666664
18162,731,1,379.15999999999997,8.06723404255319,6.520067918467155,47,1,2,2,122,Dormant,2009-12-07 13:24:00,2009-12-07 13:24:00,0,45,United Kingdom,35.400000000000006,0.0
18163,583,1,728.84,22.086060606060606,6.773289423995708,33,1,2,3,123,Dormant,2010-05-04 14:51:00,2010-05-04 14:51:00,0,33,United Kingdom,39.8,0.0
18164,36,1,399.65,16.652083333333334,4.7219413649073605,24,4,2,2,422,Standard,2011-11-02 12:56:00,2011-11-02 12:56:00,0,24,United Kingdom,24.96,0.0
18165,176,1,302.46,30.246,44.17367949356268,10,3,2,2,322,Standard,2011-06-15 13:23:00,2011-06-15 13:23:00,0,10,United Kingdom,124.8,0.0
18166,623,1,175.5,17.55,4.823380557244058,10,1,2,1,121,Dormant,2010-03-26 12:26:00,2010-03-26 12:26:00,0,10,United Kingdom,29.700000000000003,0.0
18167,22,3,1384.8600000000001,37.428648648648654,16.063205395174638,37,4,3,4,434,Loyal,2011-08-26 11:40:00,2011-11-16 15:56:00,82,24,United Kingdom,65.69999999999999,27.333333333333332
18168,175,16,3770.27,9.332351485148514,7.6509440968694875,404,3,5,5,355,Standard,2009-12-03 17:29:00,2011-06-16 19:21:00,560,209,United Kingdom,45.0,35.0
18169,60,1,202.65,22.516666666666666,16.045014802112213,9,3,2,1,321,Standard,2011-10-10 12:18:00,2011-10-10 12:18:00,0,9,United Kingdom,51.0,0.0
18170,32,9,2878.0,22.841269841269842,16.12944938845103,126,4,5,4,454,Champions,2010-01-08 14:10:00,2011-11-06 14:35:00,667,59,United Kingdom,102.0,74.11111111111111
18171,58,9,2437.31,26.4925,17.016783287729158,92,4,5,4,454,Champions,2010-01-05 10:46:00,2011-10-12 09:13:00,644,76,United Kingdom,81.6,71.55555555555556
18172,14,52,17479.84,36.722352941176474,47.91355584393532,476,5,5,5,555,Champions,2009-12-11 09:58:00,2011-11-25 11:12:00,714,176,United Kingdom,326.4,13.73076923076923
18173,86,5,2696.36,59.919111111111114,47.333478245616845,45,3,4,4,344,Standard,2010-04-06 10:43:00,2011-09-14 11:26:00,526,34,United Kingdom,249.00000000000003,105.2
18174,6,2,162.5,81.25,32.17335854398791,2,5,3,1,531,Standard,2010-04-15 12:17:00,2011-12-02 16:56:00,596,1,United Kingdom,104.0,298.0
18175,675,1,176.10000000000002,25.157142857142862,16.533083715473566,7,1,2,1,121,Dormant,2010-02-02 10:25:00,2010-02-02 10:25:00,0,7,United Kingdom,59.400000000000006,0.0
18176,357,1,476.35,15.878333333333334,5.288857567359524,30,2,2,2,222,Dormant,2010-12-16 15:45:00,2010-12-16 15:45:00,0,30,United Kingdom,33.0,0.0
18177,30,9,2216.87,22.168699999999998,16.931361711452524,100,4,5,4,454,Champions,2009-12-15 18:57:00,2011-11-08 14:44:00,692,66,United Kingdom,118.8,76.88888888888889
18178,128,11,6103.74,17.43925714285714,7.156814134678216,350,3,5,5,355,Standard,2010-02-18 14:25:00,2011-08-03 09:30:00,530,204,United Kingdom,52.0,48.18181818181818
18179,8,8,2547.55,23.372018348623854,45.798033250263614,109,5,5,4,554,Champions,2010-02-14 15:51:00,2011-11-30 16:23:00,654,101,United Kingdom,450.0,81.75
18180,4,6,1843.75,15.493697478991596,6.476330550491603,119,5,4,4,544,Champions,2011-07-20 08:59:00,2011-12-05 08:39:00,137,108,United Kingdom,38.25,22.833333333333332
18181,23,5,1205.94,6.626043956043956,5.784322377618914,182,4,4,3,443,Loyal,2009-12-04 15:30:00,2011-11-15 15:08:00,710,139,United Kingdom,35.8,142.0
18182,462,1,291.13,29.113,15.018311822571803,10,1,2,1,121,Dormant,2010-09-02 14:25:00,2010-09-02 14:25:00,0,10,United Kingdom,55.5,0.0
18183,226,2,632.07,17.082972972972975,5.331221386462156,37,2,3,3,233,Dormant,2011-03-10 10:08:00,2011-04-26 15:26:00,47,36,United Kingdom,41.6,23.5
18184,14,1,49.8,49.8,0.0,1,5,2,1,521,Standard,2011-11-24 15:28:00,2011-11-24 15:28:00,0,1,United Kingdom,49.8,0.0
18185,248,1,304.25,17.897058823529413,7.0678734113468344,17,2,2,2,222,Dormant,2011-04-04 13:42:00,2011-04-04 13:42:00,0,17,United Kingdom,38.25,0.0
18186,722,1,329.58000000000004,29.961818181818185,27.04272982455056,11,1,2,2,122,Dormant,2009-12-17 10:22:00,2009-12-17 10:22:00,0,11,United Kingdom,107.4,0.0
18187,631,1,724.89,15.101875,3.5281618722514017,48,1,2,3,123,Dormant,2010-03-18 09:49:00,2010-03-18 09:49:00,0,48,United Kingdom,19.9,0.0
18188,14,6,3280.59,24.66609022556391,26.43329941439758,133,5,4,5,545,Champions,2010-03-26 11:37:00,2011-11-24 16:46:00,608,95,United Kingdom,252.0,101.33333333333333
18189,77,3,1403.73,16.322441860465116,5.308424588729418,86,3,3,4,334,Standard,2010-03-24 09:57:00,2011-09-23 12:40:00,548,79,United Kingdom,35.400000000000006,182.66666666666666
18190,191,5,745.62,17.752857142857142,8.33973453566932,42,2,4,3,243,Standard,2009-12-22 12:05:00,2011-05-31 14:48:00,525,34,United Kingdom,39.0,105.0
18191,261,2,529.4,35.29333333333333,10.908939104282894,15,2,3,2,232,Dormant,2010-08-19 17:42:00,2011-03-23 12:08:00,215,15,United Kingdom,61.2,107.5
18192,71,1,957.97,21.288222222222224,15.044272285021254,45,3,2,3,323,Standard,2011-09-29 09:53:00,2011-09-29 09:53:00,0,45,United Kingdom,102.0,0.0
18193,164,3,1207.3500000000001,17.247857142857146,12.482054584320753,70,3,3,3,333,Standard,2010-09-23 13:33:00,2011-06-27 13:58:00,277,66,United Kingdom,83.4,92.33333333333333
18194,81,6,4162.04,148.6442857142857,107.34968548414557,28,3,4,5,345,Standard,2010-01-28 15:30:00,2011-09-18 13:29:00,597,23,United Kingdom,562.5,99.5
18195,386,1,101.16,20.232,10.210441714245277,5,2,2,1,221,Dormant,2010-11-17 15:03:00,2010-11-17 15:03:00,0,5,United Kingdom,35.7,0.0
18196,94,4,1464.31,5.211067615658362,5.350860371311228,281,3,4,4,344,Standard,2010-03-17 14:55:00,2011-09-05 16:22:00,537,210,United Kingdom,30.0,134.25
18197,575,1,230.1,25.566666666666666,7.738862965578342,9,1,2,1,121,Dormant,2010-05-13 10:46:00,2010-05-13 10:46:00,0,9,United Kingdom,39.6,0.0
18198,3,17,5425.56,34.12301886792453,49.644769221761145,159,5,5,5,555,Champions,2011-01-07 13:39:00,2011-12-05 14:49:00,332,81,United Kingdom,305.28000000000003,19.529411764705884
18199,683,1,344.75,17.2375,3.2531715294463033,20,1,2,2,122,Dormant,2010-01-25 11:32:00,2010-01-25 11:32:00,0,20,United Kingdom,25.200000000000003,0.0
18200,105,1,163.8,5.11875,4.087089626238117,32,3,2,1,321,Standard,2011-08-25 18:45:00,2011-08-25 18:45:00,0,29,United Kingdom,15.0,0.0
18201,722,1,447.53000000000003,16.575185185185187,4.7795770414500796,27,1,2,2,122,Dormant,2009-12-17 08:55:00,2009-12-17 08:55:00,0,27,United Kingdom,25.5,0.0
18202,199,3,1396.99,20.543970588235293,8.084089983714534,68,2,3,4,234,Standard,2011-02-01 13:36:00,2011-05-24 12:12:00,111,55,United Kingdom,51.0,37.0
18203,156,4,504.42,8.407,8.695512440918563,60,3,4,2,342,Standard,2009-12-08 13:19:00,2011-07-05 13:07:00,573,40,United Kingdom,54.0,143.25
18204,70,3,1993.7,9.9685,10.006539758562823,200,3,3,4,334,Standard,2011-05-31 15:26:00,2011-09-29 16:44:00,121,159,United Kingdom,69.36,40.333333333333336
18205,35,2,517.36,16.1675,6.949064917368844,32,4,3,2,432,Standard,2011-09-26 12:02:00,2011-11-03 13:22:00,38,30,United Kingdom,39.6,19.0
18206,552,1,314.65999999999997,16.561052631578946,5.567766253411826,19,1,2,2,122,Dormant,2010-06-04 13:47:00,2010-06-04 13:47:00,0,19,United Kingdom,30.0,0.0
18207,498,1,544.47,17.563548387096777,8.172599157504747,31,1,2,2,122,Dormant,2010-07-28 14:26:00,2010-07-28 14:26:00,0,31,United Kingdom,39.6,0.0
18208,565,1,360.08,21.181176470588234,8.514022905149586,17,1,2,2,122,Dormant,2010-05-23 11:54:00,2010-05-23 11:54:00,0,17,United Kingdom,39.8,0.0
18209,28,1,139.10000000000002,17.387500000000003,3.5501257522998904,8,4,2,1,421,Standard,2011-11-11 12:07:00,2011-11-11 12:07:00,0,8,United Kingdom,25.200000000000003,0.0
18210,1,7,2768.83,19.22798611111111,9.074306968845649,144,5,4,4,544,Champions,2010-11-22 09:39:00,2011-12-08 11:02:00,381,116,United Kingdom,75.60000000000001,54.42857142857143
18211,25,5,600.07,14.287380952380953,9.755364017791873,42,4,4,2,442,Loyal,2011-03-06 12:09:00,2011-11-14 08:10:00,252,37,United Kingdom,47.7,50.4
18212,325,2,546.72,9.940363636363637,11.351697860221805,55,2,3,2,232,Dormant,2010-01-31 14:42:00,2011-01-17 16:14:00,351,40,United Kingdom,59.7,175.5
18213,236,1,232.48000000000002,15.498666666666669,5.390523254043243,15,2,2,1,221,Dormant,2011-04-17 10:21:00,2011-04-17 10:21:00,0,15,United Kingdom,25.200000000000003,0.0
18214,530,4,1780.34,30.69551724137931,46.984751694917264,58,1,4,4,144,Standard,2010-06-03 19:47:00,2010-06-27 11:21:00,23,38,United Kingdom,145.0,5.75
18215,88,5,2247.4900000000002,24.972111111111115,11.26928992852405,90,3,4,4,344,Standard,2010-03-26 13:03:00,2011-09-11 16:05:00,534,53,United Kingdom,70.80000000000001,106.8
18216,30,1,481.75,18.528846153846153,5.880383203107143,26,4,2,2,422,Standard,2011-11-08 16:55:00,2011-11-08 16:55:00,0,26,United Kingdom,30.0,0.0
18217,28,4,945.04,23.625999999999998,15.72732422185946,40,4,4,3,443,Loyal,2010-07-01 15:39:00,2011-11-10 13:18:00,496,33,United Kingdom,76.32000000000001,124.0
18218,210,4,1142.0,29.28205128205128,34.84623140383953,39,2,4,3,243,Standard,2010-02-17 15:11:00,2011-05-12 12:53:00,448,25,United Kingdom,145.0,112.0
18219,2,17,3562.89,17.551182266009853,9.16612389771155,203,5,5,5,555,Champions,2009-12-07 13:17:00,2011-12-07 11:43:00,729,87,United Kingdom,100.8,42.88235294117647
18220,226,6,1921.76,76.8704,53.79044931336169,25,2,4,4,244,Standard,2009-12-15 11:42:00,2011-04-27 09:03:00,497,17,United Kingdom,177.0,82.83333333333333
18221,21,6,1424.94,16.96357142857143,7.11994139052247,84,4,4,4,444,Champions,2010-11-14 15:46:00,2011-11-17 14:40:00,367,71,United Kingdom,46.5,61.166666666666664
18222,92,1,443.0,23.31578947368421,11.433132804747531,19,3,2,2,322,Standard,2011-09-08 10:45:00,2011-09-08 10:45:00,0,19,United Kingdom,51.0,0.0
18223,4,26,14000.85,24.30703125,18.973110456342877,576,5,5,5,555,Champions,2009-12-04 12:20:00,2011-12-05 09:11:00,730,192,United Kingdom,252.0,28.076923076923077
18224,263,1,158.95000000000002,15.895000000000001,3.742581551104353,10,2,2,1,221,Dormant,2011-03-21 10:30:00,2011-03-21 10:30:00,0,10,United Kingdom,23.8,0.0
18225,2,26,13054.26,22.54621761658031,24.02770764410875,579,5,5,5,555,Champions,2009-12-04 16:52:00,2011-12-06 13:27:00,731,266,United Kingdom,244.8,28.115384615384617
18226,43,26,11878.88,22.497878787878786,20.14755092797005,528,4,5,5,455,Champions,2010-03-05 10:05:00,2011-10-26 13:36:00,600,299,United Kingdom,326.4,23.076923076923077
18227,217,2,388.75,64.79166666666667,112.91616543554191,6,2,3,2,232,Dormant,2010-08-12 16:45:00,2011-05-06 12:23:00,266,6,United Kingdom,295.0,133.0
18228,56,2,779.9,25.996666666666666,13.63199515676348,30,4,3,3,433,Standard,2011-09-21 10:48:00,2011-10-14 09:21:00,22,23,United Kingdom,83.4,11.0
18229,11,28,10803.71,51.20241706161137,45.907225578556464,211,5,5,5,555,Champions,2009-12-03 14:42:00,2011-11-28 09:48:00,724,73,United Kingdom,272.0,25.857142857142858
18230,8,9,4291.06,30.650428571428574,26.974841619378317,140,5,5,5,555,Champions,2010-07-02 10:01:00,2011-11-30 13:22:00,516,42,United Kingdom,162.72,57.333333333333336
18231,191,28,6880.97,17.87264935064935,16.476804173599994,385,2,5,5,255,At_Risk_HighValue,2010-01-10 12:13:00,2011-05-31 14:18:00,506,218,United Kingdom,118.8,18.071428571428573
18232,81,4,592.97,16.026216216216216,5.824822530129782,37,3,4,2,342,Standard,2011-05-26 16:30:00,2011-09-19 11:49:00,115,31,United Kingdom,35.400000000000006,28.75
18233,325,1,440.0,440.0,0.0,1,2,2,2,222,Dormant,2011-01-18 08:44:00,2011-01-18 08:44:00,0,1,United Kingdom,440.0,0.0
18234,551,1,179.6,5.986666666666666,5.312184000067648,30,1,2,1,121,Dormant,2010-06-06 11:22:00,2010-06-06 11:22:00,0,30,United Kingdom,25.5,0.0
18235,71,3,1796.48,17.273846153846154,9.850630388156015,104,3,3,4,334,Standard,2011-05-06 13:35:00,2011-09-29 08:27:00,145,100,United Kingdom,67.8,48.333333333333336
18236,29,12,1795.3500000000001,18.319897959183674,5.843216085024106,98,4,5,4,454,Champions,2010-04-15 13:39:00,2011-11-10 08:06:00,573,80,United Kingdom,44.55,47.75
18237,2,5,987.1,16.181967213114753,5.500773830311553,61,5,4,3,543,Loyal,2011-07-28 13:05:00,2011-12-07 12:49:00,131,40,United Kingdom,34.8,26.2
18238,514,1,270.92,19.351428571428574,16.16596941210044,14,1,2,1,121,Dormant,2010-07-12 12:51:00,2010-07-12 12:51:00,0,14,United Kingdom,75.0,0.0
18239,218,6,2150.36,17.20288,7.1388499588858085,125,2,4,4,244,Standard,2010-10-13 10:11:00,2011-05-05 12:38:00,204,85,United Kingdom,51.0,34.0
18240,45,1,422.58,70.42999999999999,113.5196458768261,6,4,2,2,422,Standard,2011-10-24 13:06:00,2011-10-24 13:06:00,0,6,United Kingdom,297.0,0.0
18241,9,21,2986.9900000000002,18.786100628930818,7.541767488498254,159,5,5,5,555,Champions,2010-04-01 11:55:00,2011-11-30 12:10:00,608,101,United Kingdom,59.400000000000006,28.952380952380953
18242,71,8,3605.21,25.7515,23.288946089594283,140,3,5,5,355,Standard,2010-01-11 08:49:00,2011-09-28 13:43:00,625,113,United Kingdom,207.50000000000003,78.125
18243,413,1,515.78,19.837692307692308,6.589562235956078,26,1,2,2,122,Dormant,2010-10-21 14:29:00,2010-10-21 14:29:00,0,26,United Kingdom,35.7,0.0
18244,430,2,568.64,29.928421052631577,37.92733128602028,19,1,3,2,132,Dormant,2010-07-25 10:30:00,2010-10-05 11:15:00,72,19,United Kingdom,160.0,36.0
18245,6,20,6324.9800000000005,13.81,7.006326212944142,458,5,5,5,555,Champions,2010-03-08 15:26:00,2011-12-02 14:48:00,633,336,United Kingdom,53.55,31.65
18246,23,3,758.8199999999999,151.76399999999998,71.62173189751837,5,4,3,3,433,Loyal,2010-04-09 10:19:00,2011-11-16 11:49:00,586,3,United Kingdom,204.0,195.33333333333334
18247,414,3,839.73,22.695405405405406,11.884671639131218,37,1,3,3,133,Standard,2010-03-18 15:52:00,2010-10-21 09:49:00,216,28,United Kingdom,79.6,72.0
18248,122,2,804.02,17.1068085106383,10.915540598133072,47,3,3,3,333,Standard,2011-06-06 13:18:00,2011-08-09 10:19:00,63,39,United Kingdom,79.9,31.5
18249,16,1,95.34,11.9175,3.5760542900960393,8,5,2,1,521,Standard,2011-11-22 15:07:00,2011-11-22 15:07:00,0,8,United Kingdom,15.0,0.0
18250,309,1,349.27,16.63190476190476,5.159605235914488,21,2,2,2,222,Dormant,2011-02-02 13:16:00,2011-02-02 13:16:00,0,21,United Kingdom,25.5,0.0
18251,86,9,26278.86,243.3227777777778,152.47311024971316,108,3,5,5,355,Standard,2009-12-22 12:01:00,2011-09-13 15:03:00,630,87,United Kingdom,835.1999999999999,70.0
18252,50,7,1542.09,11.174565217391304,12.899118632232838,138,4,4,4,444,Champions,2009-12-18 16:13:00,2011-10-20 12:43:00,670,125,United Kingdom,81.6,95.71428571428571
18253,642,1,317.88,45.41142857142857,20.08872604934704,7,1,2,2,122,Dormant,2010-03-07 12:38:00,2010-03-07 12:38:00,0,7,United Kingdom,75.60000000000001,0.0
18254,580,1,267.9,16.74375,4.597241020438236,16,1,2,1,121,Dormant,2010-05-07 14:37:00,2010-05-07 14:37:00,0,16,United Kingdom,30.0,0.0
18255,88,2,303.15,15.955263157894736,5.036297547053405,19,3,3,2,332,Standard,2010-09-09 16:31:00,2011-09-11 13:16:00,366,16,United Kingdom,30.0,183.0
18256,387,1,110.69999999999999,11.069999999999999,4.178731865051884,10,2,2,1,221,Dormant,2010-11-17 08:53:00,2010-11-17 08:53:00,0,10,United Kingdom,17.4,0.0
18257,38,12,4600.15,16.667210144927534,10.078845127170904,276,4,5,5,455,Champions,2010-02-18 16:20:00,2011-10-31 14:48:00,619,219,United Kingdom,104.0,51.583333333333336
18258,463,6,2059.67,41.193400000000004,30.582327537187822,50,1,4,4,144,Standard,2010-05-16 11:35:00,2010-09-01 14:20:00,108,30,United Kingdom,152.64,18.0
18259,24,7,4318.2,46.93695652173913,33.33315584440722,92,4,4,5,445,Champions,2009-12-08 08:38:00,2011-11-15 12:34:00,707,51,United Kingdom,135.0,101.0
18260,172,23,9962.11,24.238710462287106,30.125941394724965,411,3,5,5,355,Standard,2009-12-15 13:50:00,2011-06-20 12:37:00,551,212,United Kingdom,295.0,23.956521739130434
18261,42,2,324.24,15.440000000000001,2.8199734041299047,21,4,3,2,432,Standard,2011-09-05 09:34:00,2011-10-27 15:36:00,52,19,United Kingdom,19.8,26.0
18262,139,3,577.54,13.75095238095238,4.243082640057821,42,3,3,2,332,Standard,2010-04-16 09:05:00,2011-07-22 16:04:00,462,40,United Kingdom,23.4,154.0
18263,25,3,1213.16,19.887868852459018,9.937649808473177,61,4,3,3,433,Loyal,2011-04-01 11:48:00,2011-11-14 09:00:00,226,59,United Kingdom,41.6,75.33333333333333
18264,498,1,603.25,16.756944444444443,5.741119263421149,36,1,2,2,122,Dormant,2010-07-29 10:02:00,2010-07-29 10:02:00,0,36,United Kingdom,39.8,0.0
18265,71,2,801.51,17.424130434782608,5.241946447683961,46,3,3,3,333,Standard,2011-07-04 15:26:00,2011-09-28 14:10:00,85,44,United Kingdom,37.5,42.5
18266,433,1,251.1,17.935714285714287,6.446299730836306,14,1,2,1,121,Dormant,2010-10-01 15:33:00,2010-10-01 15:33:00,0,14,United Kingdom,29.700000000000003,0.0
18267,672,1,269.37,15.84529411764706,6.040664406386789,17,1,2,1,121,Dormant,2010-02-05 08:43:00,2010-02-05 08:43:00,0,17,United Kingdom,35.400000000000006,0.0
18268,133,6,1490.23,22.24223880597015,12.357356638602885,67,3,4,4,344,Standard,2009-12-11 10:27:00,2011-07-28 19:13:00,594,36,United Kingdom,59.5,99.0
18269,365,1,337.20000000000005,24.08571428571429,7.478672973900481,14,2,2,2,222,Dormant,2010-12-08 13:53:00,2010-12-08 13:53:00,0,7,United Kingdom,39.6,0.0
18270,37,3,444.55,26.150000000000002,10.901748712935923,17,4,3,2,432,Loyal,2010-10-03 10:49:00,2011-11-01 13:57:00,394,17,United Kingdom,53.2,131.33333333333334
18271,609,2,680.85,32.42142857142857,22.820531169478567,21,1,3,3,133,Dormant,2009-12-08 11:27:00,2010-04-09 09:26:00,121,19,United Kingdom,90.0,60.5
18272,2,9,4385.9800000000005,19.40699115044248,8.805206125161863,226,5,5,5,555,Champions,2010-03-04 12:53:00,2011-12-07 12:43:00,642,145,United Kingdom,70.80000000000001,71.33333333333333
18273,1,4,357.0,89.25,48.82878249557324,4,5,4,2,542,Loyal,2010-04-28 12:24:00,2011-12-07 13:16:00,588,1,United Kingdom,153.0,147.0
18274,29,1,175.92,15.992727272727272,3.094233639882712,11,4,2,1,421,Standard,2011-11-09 17:03:00,2011-11-09 17:03:00,0,11,United Kingdom,19.8,0.0
18275,577,2,741.85,39.044736842105266,13.830617552059815,19,1,3,3,133,Dormant,2009-12-08 16:23:00,2010-05-10 15:46:00,152,19,United Kingdom,59.400000000000006,76.0
18276,43,6,1656.52,17.622553191489363,13.331157451718758,94,4,4,4,444,Champions,2009-12-10 17:14:00,2011-10-27 10:54:00,685,81,United Kingdom,99.0,114.16666666666667
18277,57,5,1180.05,18.43828125,10.189993621925431,64,4,4,3,443,Loyal,2010-08-02 10:26:00,2011-10-12 15:22:00,436,53,United Kingdom,79.95,87.2
18278,73,2,414.20000000000005,17.258333333333336,4.757960530079785,24,3,3,2,332,Standard,2010-10-31 12:13:00,2011-09-27 11:58:00,330,22,United Kingdom,29.700000000000003,165.0
18279,518,1,231.34,17.795384615384616,11.79662141984208,13,1,2,1,121,Dormant,2010-07-08 14:48:00,2010-07-08 14:48:00,0,13,United Kingdom,51.84,0.0
18280,277,2,488.15000000000003,16.27166666666667,4.222143664826766,30,2,3,2,232,Dormant,2010-11-10 15:51:00,2011-03-07 09:52:00,116,28,United Kingdom,25.5,58.0
18281,180,2,201.14,11.831764705882351,5.836594935506187,17,3,3,1,331,Standard,2010-05-11 10:49:00,2011-06-12 10:53:00,397,17,United Kingdom,22.5,198.5
18282,7,2,178.05,14.8375,5.85357874218064,12,5,3,1,531,Standard,2011-08-05 13:35:00,2011-12-02 11:43:00,118,12,United Kingdom,25.5,59.0
18283,3,22,2736.65,2.775507099391481,2.580665084946166,986,5,5,4,554,Champions,2010-02-19 17:16:00,2011-12-06 12:02:00,654,352,United Kingdom,21.9,29.727272727272727
18284,431,1,461.68,16.48857142857143,9.580762249998967,28,1,2,2,122,Dormant,2010-10-04 11:33:00,2010-10-04 11:33:00,0,28,United Kingdom,50.0,0.0
18285,660,1,427.0,35.583333333333336,54.485691755364606,12,1,2,2,122,Dormant,2010-02-17 10:24:00,2010-02-17 10:24:00,0,12,United Kingdom,204.0,0.0
18286,476,2,1296.43,19.349701492537314,11.52421047977997,67,1,3,4,134,Dormant,2009-12-16 10:45:00,2010-08-20 11:57:00,247,67,United Kingdom,74.85,123.5
18287,42,7,4182.99,26.987032258064513,23.221782378827044,155,4,4,5,445,Champions,2010-05-17 11:55:00,2011-10-28 09:29:00,528,120,United Kingdom,122.4,75.42857142857143
